window,pair,family,loglik,aic,bic,n_params,success,selected,best_single,selected_bic,parameters,weights,message
2006-01-01,AAPL-GOOG,Gaussian,9.239899549988245,-16.47979909997649,-12.950370012465065,1,True,False,False,False,"{""rho"": 0.2749012732989612}",[],CONVERGENCE: NORM_OF_PROJECTED_GRADIENT_<=_PGTOL
2006-01-01,AAPL-GOOG,Student-t,9.77033396598355,-15.5406679319671,-8.481809756944253,2,True,False,True,False,"{""rho"": 0.281040555375673, ""nu"": 12.257855499437586}",[],CONVERGENCE: REL_REDUCTION_OF_F_<=_FACTR*EPSMCH
2006-01-01,AAPL-GOOG,Clayton,8.135746407926444,-14.271492815852888,-10.742063728341464,1,True,False,False,False,"{""theta"": 0.3404022258003265}",[],CONVERGENCE: NORM_OF_PROJECTED_GRADIENT_<=_PGTOL
2006-01-01,AAPL-GOOG,Frank,9.417288973805896,-16.83457794761179,-13.305148860100367,1,True,False,False,True,"{""theta"": 1.707087711972385}",[],CONVERGENCE: NORM_OF_PROJECTED_GRADIENT_<=_PGTOL
2006-01-01,AAPL-GOOG,Gumbel,8.792559503772203,-15.585119007544407,-12.055689920032982,1,True,False,False,False,"{""theta"": 1.2002188178885158}",[],CONVERGENCE: NORM_OF_PROJECTED_GRADIENT_<=_PGTOL
2006-01-01,AAPL-GOOG,CFG,10.905188280010528,-11.810376560021055,5.836768877536063,5,True,True,False,False,{},"{""Clayton"": 0.6784182680052788, ""Frank"": 0.06619683584934194, ""Gumbel"": 0.25538489614537924}",Optimization terminated successfully
2006-01-01,AAPL-GOOG,CtG,10.887524688551636,-9.775049377103272,11.401525147965266,6,True,False,False,False,{},"{""Clayton"": 0.7073350220292084, ""Student-t"": 0.0, ""Gumbel"": 0.2926649779707916}",Optimization terminated successfully
2006-01-01,IBM-SPY,Gaussian,37.83700176184124,-73.67400352368249,-70.14457443617107,1,True,False,False,False,"{""rho"": 0.5206725607525367}",[],CONVERGENCE: NORM_OF_PROJECTED_GRADIENT_<=_PGTOL
2006-01-01,IBM-SPY,Student-t,39.932937511388715,-75.86587502277743,-68.80701684775458,2,True,False,False,False,"{""rho"": 0.535205179835714, ""nu"": 8.242608588853827}",[],CONVERGENCE: NORM_OF_PROJECTED_GRADIENT_<=_PGTOL
2006-01-01,IBM-SPY,Clayton,40.250298945986195,-78.50059789197239,-74.97116880446097,1,True,False,False,False,"{""theta"": 0.9238466558878795}",[],CONVERGENCE: NORM_OF_PROJECTED_GRADIENT_<=_PGTOL
2006-01-01,IBM-SPY,Frank,41.2020891883014,-80.4041783766028,-76.87474928909138,1,True,False,True,True,"{""theta"": 3.84314772298788}",[],CONVERGENCE: NORM_OF_PROJECTED_GRADIENT_<=_PGTOL
2006-01-01,IBM-SPY,Gumbel,29.772537413765576,-57.54507482753115,-54.01564574001973,1,True,False,False,False,"{""theta"": 1.461571377849596}",[],CONVERGENCE: NORM_OF_PROJECTED_GRADIENT_<=_PGTOL
2006-01-01,IBM-SPY,CFG,45.062737150890804,-80.12547430178161,-62.478328864224494,5,True,True,False,False,{},"{""Clayton"": 0.47308653827945785, ""Frank"": 0.3995552693648058, ""Gumbel"": 0.12735819235573642}",Optimization terminated successfully
2006-01-01,IBM-SPY,CtG,43.57542912458199,-75.15085824916397,-53.974283724095436,6,True,False,False,False,{},"{""Clayton"": 0.5126674979844162, ""Student-t"": 0.38270260760750724, ""Gumbel"": 0.10462989440807652}",Optimization terminated successfully
2006-01-01,DIA-SPY,Gaussian,277.9783241374164,-553.9566482748328,-550.4272191873214,1,True,False,False,True,"{""rho"": 0.945352847807704}",[],CONVERGENCE: REL_REDUCTION_OF_F_<=_FACTR*EPSMCH
2006-01-01,DIA-SPY,Student-t,278.66437245245345,-553.3287449049069,-546.2698867298841,2,True,False,True,False,"{""rho"": 0.9457241519252997, ""nu"": 17.4825694534061}",[],CONVERGENCE: REL_REDUCTION_OF_F_<=_FACTR*EPSMCH
2006-01-01,DIA-SPY,Clayton,226.076514867427,-450.153029734854,-446.6236006473426,1,True,False,False,False,"{""theta"": 4.669498908867319}",[],CONVERGENCE: REL_REDUCTION_OF_F_<=_FACTR*EPSMCH
2006-01-01,DIA-SPY,Frank,260.8529704025421,-519.7059408050842,-516.1765117175728,1,True,False,False,False,"{""theta"": 17.12049307625838}",[],CONVERGENCE: NORM_OF_PROJECTED_GRADIENT_<=_PGTOL
2006-01-01,DIA-SPY,Gumbel,261.1491832886511,-520.2983665773022,-516.7689374897908,1,True,False,False,False,"{""theta"": 4.311808645418883}",[],CONVERGENCE: NORM_OF_PROJECTED_GRADIENT_<=_PGTOL
2006-01-01,DIA-SPY,CFG,274.17825898513684,-538.3565179702737,-520.7093725327165,5,True,False,False,False,{},"{""Clayton"": 0.2469370190955687, ""Frank"": 0.19896158385736742, ""Gumbel"": 0.554101397047064}",Optimization terminated successfully
2006-01-01,DIA-SPY,CtG,281.85194129318955,-551.7038825863791,-530.5273080613106,6,True,True,False,False,{},"{""Clayton"": 0.07445416945442358, ""Student-t"": 0.8537385819678722, ""Gumbel"": 0.07180724857770428}",Optimization terminated successfully
2006-07-01,AAPL-GOOG,Gaussian,16.362237516929838,-30.724475033859676,-27.19504594634825,1,True,False,False,False,"{""rho"": 0.359519660828237}",[],CONVERGENCE: NORM_OF_PROJECTED_GRADIENT_<=_PGTOL
2006-07-01,AAPL-GOOG,Student-t,16.34004925634288,-28.68009851268576,-21.62124033766291,2,True,False,False,False,"{""rho"": 0.3595187725372, ""nu"": 199.99999999999991}",[],CONVERGENCE: NORM_OF_PROJECTED_GRADIENT_<=_PGTOL
2006-07-01,AAPL-GOOG,Clayton,17.142328027998875,-32.28465605599775,-28.755226968486326,1,True,False,True,True,"{""theta"": 0.5112263060316705}",[],CONVERGENCE: NORM_OF_PROJECTED_GRADIENT_<=_PGTOL
2006-07-01,AAPL-GOOG,Frank,14.603845413742444,-27.20769082748489,-23.678261739973465,1,True,False,False,False,"{""theta"": 2.1211084951880084}",[],CONVERGENCE: NORM_OF_PROJECTED_GRADIENT_<=_PGTOL
2006-07-01,AAPL-GOOG,Gumbel,11.788849799628393,-21.577699599256785,-18.04827051174536,1,True,False,False,False,"{""theta"": 1.2467504202447377}",[],CONVERGENCE: NORM_OF_PROJECTED_GRADIENT_<=_PGTOL
2006-07-01,AAPL-GOOG,CFG,17.978266942023662,-25.956533884047325,-8.309388446490207,5,True,False,False,False,{},"{""Clayton"": 0.7968411115400736, ""Frank"": 2.9930436889125555e-17, ""Gumbel"": 0.20315888845992633}",Optimization terminated successfully
2006-07-01,AAPL-GOOG,CtG,17.988656844940948,-23.977313689881896,-2.8007391648133577,6,True,True,False,False,{},"{""Clayton"": 0.7316884010591287, ""Student-t"": 0.1209585300565451, ""Gumbel"": 0.1473530688843262}",Optimization terminated successfully
2006-07-01,IBM-SPY,Gaussian,28.67831724937118,-55.35663449874236,-51.827205411230935,1,True,False,False,False,"{""rho"": 0.46257413664970304}",[],CONVERGENCE: NORM_OF_PROJECTED_GRADIENT_<=_PGTOL
2006-07-01,IBM-SPY,Student-t,30.587831423750142,-57.175662847500284,-50.116804672477436,2,True,False,True,False,"{""rho"": 0.4758240120419913, ""nu"": 8.427361791204273}",[],CONVERGENCE: NORM_OF_PROJECTED_GRADIENT_<=_PGTOL
2006-07-01,IBM-SPY,Clayton,23.760362743382956,-45.52072548676591,-41.99129639925449,1,True,False,False,False,"{""theta"": 0.6658952457139915}",[],CONVERGENCE: REL_REDUCTION_OF_F_<=_FACTR*EPSMCH
2006-07-01,IBM-SPY,Frank,30.511498860077374,-59.02299772015475,-55.493568632643324,1,True,False,False,True,"{""theta"": 3.207958764625367}",[],CONVERGENCE: NORM_OF_PROJECTED_GRADIENT_<=_PGTOL
2006-07-01,IBM-SPY,Gumbel,26.75962159596211,-51.51924319192422,-47.989814104412794,1,True,False,False,False,"{""theta"": 1.4078049837814592}",[],CONVERGENCE: NORM_OF_PROJECTED_GRADIENT_<=_PGTOL
2006-07-01,IBM-SPY,CFG,31.77189088790923,-53.54378177581846,-35.896636338261345,5,True,True,False,False,{},"{""Clayton"": 0.1703022218988367, ""Frank"": 0.6436502005703713, ""Gumbel"": 0.18604757753079204}",Optimization terminated successfully
2006-07-01,IBM-SPY,CtG,31.488843809993647,-50.97768761998729,-29.801113094918755,6,True,False,False,False,{},"{""Clayton"": 0.09455289531051125, ""Student-t"": 0.6563003339931526, ""Gumbel"": 0.24914677069633617}",Optimization terminated successfully
2006-07-01,DIA-SPY,Gaussian,269.83407519209504,-537.6681503841901,-534.1387212966787,1,True,False,False,True,"{""rho"": 0.9415820693836624}",[],CONVERGENCE: REL_REDUCTION_OF_F_<=_FACTR*EPSMCH
2006-07-01,DIA-SPY,Student-t,270.5651623553571,-537.1303247107141,-530.0714665356913,2,True,False,True,False,"{""rho"": 0.9415449305046147, ""nu"": 14.72355821484077}",[],CONVERGENCE: REL_REDUCTION_OF_F_<=_FACTR*EPSMCH
2006-07-01,DIA-SPY,Clayton,235.2679925762912,-468.5359851525824,-465.006556065071,1,True,False,False,False,"{""theta"": 4.8212633596081345}",[],CONVERGENCE: NORM_OF_PROJECTED_GRADIENT_<=_PGTOL
2006-07-01,DIA-SPY,Frank,245.36521778914988,-488.73043557829976,-485.20100649078836,1,True,False,False,False,"{""theta"": 15.798355101892199}",[],CONVERGENCE: NORM_OF_PROJECTED_GRADIENT_<=_PGTOL
2006-07-01,DIA-SPY,Gumbel,248.05583936697627,-494.11167873395254,-490.58224964644114,1,True,False,False,False,"{""theta"": 4.062487228783069}",[],CONVERGENCE: NORM_OF_PROJECTED_GRADIENT_<=_PGTOL
2006-07-01,DIA-SPY,CFG,262.91743253062424,-515.8348650612485,-498.18771962369135,5,True,False,False,False,{},"{""Clayton"": 0.3523895429687125, ""Frank"": 0.06524899680484497, ""Gumbel"": 0.5823614602264425}",Optimization terminated successfully
2006-07-01,DIA-SPY,CtG,274.05464067661916,-536.1092813532383,-514.9327068281698,6,True,True,False,False,{},"{""Clayton"": 0.06566485143090767, ""Student-t"": 0.9343351485071663, ""Gumbel"": 6.192601986754198e-11}",Optimization terminated successfully
2007-01-01,AAPL-GOOG,Gaussian,19.319309735805515,-36.63861947161103,-33.11316653247925,1,True,False,False,False,"{""rho"": 0.38866703074604714}",[],CONVERGENCE: NORM_OF_PROJECTED_GRADIENT_<=_PGTOL
2007-01-01,AAPL-GOOG,Student-t,19.88056011012507,-35.76112022025014,-28.710214341986575,2,True,False,False,False,"{""rho"": 0.3945381001026153, ""nu"": 16.997135461870315}",[],CONVERGENCE: REL_REDUCTION_OF_F_<=_FACTR*EPSMCH
2007-01-01,AAPL-GOOG,Clayton,20.57477690233876,-39.14955380467752,-35.624100865545735,1,True,False,True,True,"{""theta"": 0.5834653172644025}",[],CONVERGENCE: NORM_OF_PROJECTED_GRADIENT_<=_PGTOL
2007-01-01,AAPL-GOOG,Frank,19.158075617732518,-36.316151235465036,-32.790698296333254,1,True,False,False,False,"{""theta"": 2.4738883911175042}",[],CONVERGENCE: NORM_OF_PROJECTED_GRADIENT_<=_PGTOL
2007-01-01,AAPL-GOOG,Gumbel,14.18322238083067,-26.36644476166134,-22.84099182252956,1,True,False,False,False,"{""theta"": 1.281543288236976}",[],CONVERGENCE: NORM_OF_PROJECTED_GRADIENT_<=_PGTOL
2007-01-01,AAPL-GOOG,CFG,22.073983836391896,-34.14796767278379,-16.520702977124877,5,True,True,False,False,{},"{""Clayton"": 0.8682839031227704, ""Frank"": 0.1317160968051495, ""Gumbel"": 7.208011965076366e-11}",Optimization terminated successfully
2007-01-01,AAPL-GOOG,CtG,21.48521158217578,-30.97042316435156,-9.817705529560854,6,True,False,False,False,{},"{""Clayton"": 0.5836721365857555, ""Student-t"": 0.36359436161743874, ""Gumbel"": 0.052733501796805804}",Optimization terminated successfully
2007-01-01,IBM-SPY,Gaussian,48.62393955701107,-95.24787911402214,-91.72242617489036,1,True,False,False,True,"{""rho"": 0.5777676812810386}",[],CONVERGENCE: NORM_OF_PROJECTED_GRADIENT_<=_PGTOL
2007-01-01,IBM-SPY,Student-t,48.712717661305874,-93.42543532261175,-86.37452944434818,2,True,False,True,False,"{""rho"": 0.5785166901358051, ""nu"": 36.351024043227405}",[],CONVERGENCE: REL_REDUCTION_OF_F_<=_FACTR*EPSMCH
2007-01-01,IBM-SPY,Clayton,36.67514669642613,-71.35029339285227,-67.82484045372048,1,True,False,False,False,"{""theta"": 0.8633662727519563}",[],CONVERGENCE: NORM_OF_PROJECTED_GRADIENT_<=_PGTOL
2007-01-01,IBM-SPY,Frank,44.96146685211608,-87.92293370423216,-84.39748076510038,1,True,False,False,False,"{""theta"": 3.970748354973837}",[],CONVERGENCE: NORM_OF_PROJECTED_GRADIENT_<=_PGTOL
2007-01-01,IBM-SPY,Gumbel,44.648915876763375,-87.29783175352675,-83.77237881439497,1,True,False,False,False,"{""theta"": 1.5700297047933436}",[],CONVERGENCE: NORM_OF_PROJECTED_GRADIENT_<=_PGTOL
2007-01-01,IBM-SPY,CFG,48.11083958232935,-86.2216791646587,-68.59441446899979,5,True,False,False,False,{},"{""Clayton"": 0.2657863203662828, ""Frank"": 0.14782515301495627, ""Gumbel"": 0.586388526618761}",Optimization terminated successfully
2007-01-01,IBM-SPY,CtG,48.89487399969123,-85.78974799938246,-64.63703036459175,6,True,True,False,False,{},"{""Clayton"": 0.10435136227318206, ""Student-t"": 0.6690626723549482, ""Gumbel"": 0.2265859653718697}",Optimization terminated successfully
2007-01-01,DIA-SPY,Gaussian,263.712827410373,-525.425654820746,-521.9002018816142,1,True,False,False,True,"{""rho"": 0.9391064408308591}",[],CONVERGENCE: REL_REDUCTION_OF_F_<=_FACTR*EPSMCH
2007-01-01,DIA-SPY,Student-t,266.02974353400134,-528.0594870680027,-521.0085811897391,2,True,False,True,False,"{""rho"": 0.938663797456687, ""nu"": 7.321102900459233}",[],CONVERGENCE: NORM_OF_PROJECTED_GRADIENT_<=_PGTOL
2007-01-01,DIA-SPY,Clayton,229.57575021398588,-457.15150042797177,-453.62604748883996,1,True,False,False,False,"{""theta"": 4.684103354284544}",[],CONVERGENCE: NORM_OF_PROJECTED_GRADIENT_<=_PGTOL
2007-01-01,DIA-SPY,Frank,235.9962934179324,-469.9925868358648,-466.467133896733,1,True,False,False,False,"{""theta"": 15.126497710852634}",[],CONVERGENCE: REL_REDUCTION_OF_F_<=_FACTR*EPSMCH
2007-01-01,DIA-SPY,Gumbel,247.751682909093,-493.503365818186,-489.9779128790542,1,True,False,False,False,"{""theta"": 4.077191899239273}",[],CONVERGENCE: NORM_OF_PROJECTED_GRADIENT_<=_PGTOL
2007-01-01,DIA-SPY,CFG,259.73132747438547,-509.46265494877093,-491.835390253112,5,True,False,False,False,{},"{""Clayton"": 0.37424279294087104, ""Frank"": 1.405978787312482e-15, ""Gumbel"": 0.6257572070591275}",Optimization terminated successfully
2007-01-01,DIA-SPY,CtG,266.1138265581525,-520.227653116305,-499.0749354815143,6,True,True,False,False,{},"{""Clayton"": 0.040732565473023646, ""Student-t"": 0.9592674345175257, ""Gumbel"": 9.450662474819183e-12}",Optimization terminated successfully
2007-07-01,AAPL-GOOG,Gaussian,19.837478887852487,-37.674957775704975,-34.153496857842725,1,True,False,False,False,"{""rho"": 0.3941123384667232}",[],CONVERGENCE: NORM_OF_PROJECTED_GRADIENT_<=_PGTOL
2007-07-01,AAPL-GOOG,Student-t,21.198566076709454,-38.39713215341891,-31.354210317694417,2,True,False,False,False,"{""rho"": 0.3979073058304978, ""nu"": 10.977478146385417}",[],CONVERGENCE: REL_REDUCTION_OF_F_<=_FACTR*EPSMCH
2007-07-01,AAPL-GOOG,Clayton,21.86258097386863,-41.72516194773726,-38.20370102987502,1,True,False,True,True,"{""theta"": 0.5999341211273249}",[],CONVERGENCE: NORM_OF_PROJECTED_GRADIENT_<=_PGTOL
2007-07-01,AAPL-GOOG,Frank,19.171193132812505,-36.34238626562501,-32.82092534776277,1,True,False,False,False,"{""theta"": 2.489787998684117}",[],CONVERGENCE: NORM_OF_PROJECTED_GRADIENT_<=_PGTOL
2007-07-01,AAPL-GOOG,Gumbel,14.549380802835543,-27.098761605671086,-23.57730068780884,1,True,False,False,False,"{""theta"": 1.287392322572288}",[],CONVERGENCE: NORM_OF_PROJECTED_GRADIENT_<=_PGTOL
2007-07-01,AAPL-GOOG,CFG,22.664219241060124,-35.32843848212025,-17.721133892809018,5,True,True,False,False,{},"{""Clayton"": 0.8145580434900418, ""Frank"": 0.18544195650995815, ""Gumbel"": 5.551115123125783e-17}",Optimization terminated successfully
2007-07-01,AAPL-GOOG,CtG,22.606920871078266,-33.21384174215653,-12.085076234983056,6,True,False,False,False,{},"{""Clayton"": 0.6751184927545091, ""Student-t"": 0.32488150724548986, ""Gumbel"": 1.0547118733938987e-15}",Optimization terminated successfully
2007-07-01,IBM-SPY,Gaussian,49.84940761749764,-97.69881523499528,-94.17735431713304,1,True,False,False,False,"{""rho"": 0.5844578628345425}",[],CONVERGENCE: NORM_OF_PROJECTED_GRADIENT_<=_PGTOL
2007-07-01,IBM-SPY,Student-t,53.196686877887956,-102.39337375577591,-95.35045192005143,2,True,False,True,True,"{""rho"": 0.5934221823589183, ""nu"": 5.3420840441910675}",[],CONVERGENCE: NORM_OF_PROJECTED_GRADIENT_<=_PGTOL
2007-07-01,IBM-SPY,Clayton,45.30958730073549,-88.61917460147097,-85.09771368360873,1,True,False,False,False,"{""theta"": 1.0472642957692624}",[],CONVERGENCE: NORM_OF_PROJECTED_GRADIENT_<=_PGTOL
2007-07-01,IBM-SPY,Frank,48.564426858058,-95.128853716116,-91.60739279825376,1,True,False,False,False,"{""theta"": 4.261587213605975}",[],CONVERGENCE: NORM_OF_PROJECTED_GRADIENT_<=_PGTOL
2007-07-01,IBM-SPY,Gumbel,45.67811268243581,-89.35622536487162,-85.83476444700938,1,True,False,False,False,"{""theta"": 1.5992209841007257}",[],CONVERGENCE: NORM_OF_PROJECTED_GRADIENT_<=_PGTOL
2007-07-01,IBM-SPY,CFG,55.214528811669936,-100.42905762333987,-82.82175303402865,5,True,False,False,False,{},"{""Clayton"": 0.4936723056127127, ""Frank"": 0.0, ""Gumbel"": 0.5063276943872873}",Optimization terminated successfully
2007-07-01,IBM-SPY,CtG,55.89508402415727,-99.79016804831454,-78.66140254114106,6,True,True,False,False,{},"{""Clayton"": 0.3623672510992267, ""Student-t"": 0.26277004940351595, ""Gumbel"": 0.3748626994972574}",Optimization terminated successfully
2007-07-01,DIA-SPY,Gaussian,296.5009066748494,-591.0018133496988,-587.4803524318365,1,True,False,False,True,"{""rho"": 0.9539328090421431}",[],CONVERGENCE: NORM_OF_PROJECTED_GRADIENT_<=_PGTOL
2007-07-01,DIA-SPY,Student-t,297.36365703605276,-590.7273140721055,-583.684392236381,2,True,False,True,False,"{""rho"": 0.9535665158751382, ""nu"": 10.627569317175144}",[],CONVERGENCE: REL_REDUCTION_OF_F_<=_FACTR*EPSMCH
2007-07-01,DIA-SPY,Clayton,243.8216510527831,-485.6433021055662,-482.1218411877039,1,True,False,False,False,"{""theta"": 5.177725711461224}",[],CONVERGENCE: REL_REDUCTION_OF_F_<=_FACTR*EPSMCH
2007-07-01,DIA-SPY,Frank,263.31889925561217,-524.6377985112243,-521.1163375933621,1,True,False,False,False,"{""theta"": 17.55377553399152}",[],CONVERGENCE: REL_REDUCTION_OF_F_<=_FACTR*EPSMCH
2007-07-01,DIA-SPY,Gumbel,284.50894525771866,-567.0178905154373,-563.4964295975751,1,True,False,False,False,"{""theta"": 4.750175767257187}",[],CONVERGENCE: NORM_OF_PROJECTED_GRADIENT_<=_PGTOL
2007-07-01,DIA-SPY,CFG,289.87790312920964,-569.7558062584193,-552.1485016691081,5,True,False,False,False,{},"{""Clayton"": 0.16646161199785448, ""Frank"": 0.10256141878184413, ""Gumbel"": 0.7309769692203014}",Optimization terminated successfully
2007-07-01,DIA-SPY,CtG,300.51417267181967,-589.0283453436393,-567.8995798364658,6,True,True,False,False,{},"{""Clayton"": 0.03189782035269489, ""Student-t"": 0.9681021796469129, ""Gumbel"": 3.922417946000678e-13}",Optimization terminated successfully
2008-01-01,AAPL-GOOG,Gaussian,39.84788214058507,-77.69576428117014,-74.17031134203836,1,True,False,False,False,"{""rho"": 0.5329206280891873}",[],CONVERGENCE: NORM_OF_PROJECTED_GRADIENT_<=_PGTOL
2008-01-01,AAPL-GOOG,Student-t,43.072175720197436,-82.14435144039487,-75.09344556213131,2,True,False,True,True,"{""rho"": 0.5416505123512522, ""nu"": 5.800126088933225}",[],CONVERGENCE: NORM_OF_PROJECTED_GRADIENT_<=_PGTOL
2008-01-01,AAPL-GOOG,Clayton,38.40651245014157,-74.81302490028314,-71.28757196115136,1,True,False,False,False,"{""theta"": 0.9128209899415469}",[],CONVERGENCE: NORM_OF_PROJECTED_GRADIENT_<=_PGTOL
2008-01-01,AAPL-GOOG,Frank,38.38865639453354,-74.77731278906708,-71.2518598499353,1,True,False,False,False,"{""theta"": 3.6746281253492916}",[],CONVERGENCE: NORM_OF_PROJECTED_GRADIENT_<=_PGTOL
2008-01-01,AAPL-GOOG,Gumbel,36.551956200225526,-71.10391240045105,-67.57845946131927,1,True,False,False,False,"{""theta"": 1.5092412242586957}",[],CONVERGENCE: NORM_OF_PROJECTED_GRADIENT_<=_PGTOL
2008-01-01,AAPL-GOOG,CFG,46.128510270129276,-82.25702054025855,-64.62975584459963,5,True,False,False,False,{},"{""Clayton"": 0.5511085570026794, ""Frank"": 0.11761671088233557, ""Gumbel"": 0.3312747321149851}",Optimization terminated successfully
2008-01-01,AAPL-GOOG,CtG,46.18027571026009,-80.36055142052018,-59.20783378572948,6,True,True,False,False,{},"{""Clayton"": 0.5704658381148338, ""Student-t"": 0.06998080156363005, ""Gumbel"": 0.3595533603215362}",Optimization terminated successfully
2008-01-01,IBM-SPY,Gaussian,46.98880009329601,-91.97760018659201,-88.45214724746023,1,True,False,False,True,"{""rho"": 0.569931243744877}",[],CONVERGENCE: NORM_OF_PROJECTED_GRADIENT_<=_PGTOL
2008-01-01,IBM-SPY,Student-t,47.21284445172091,-90.42568890344182,-83.37478302517826,2,True,False,True,False,"{""rho"": 0.5697951824130557, ""nu"": 18.383115634377734}",[],CONVERGENCE: REL_REDUCTION_OF_F_<=_FACTR*EPSMCH
2008-01-01,IBM-SPY,Clayton,38.187357165824736,-74.37471433164947,-70.84926139251769,1,True,False,False,False,"{""theta"": 0.8770854836662606}",[],CONVERGENCE: NORM_OF_PROJECTED_GRADIENT_<=_PGTOL
2008-01-01,IBM-SPY,Frank,42.63389559399143,-83.26779118798287,-79.74233824885108,1,True,False,False,False,"{""theta"": 3.8926141173547912}",[],CONVERGENCE: NORM_OF_PROJECTED_GRADIENT_<=_PGTOL
2008-01-01,IBM-SPY,Gumbel,43.03740777808642,-84.07481555617284,-80.54936261704106,1,True,False,False,False,"{""theta"": 1.5574794239839609}",[],CONVERGENCE: NORM_OF_PROJECTED_GRADIENT_<=_PGTOL
2008-01-01,IBM-SPY,CFG,47.5263969443736,-85.0527938887472,-67.4255291930883,5,True,False,False,False,{},"{""Clayton"": 0.4404803472274967, ""Frank"": 3.983952557291817e-18, ""Gumbel"": 0.5595196527725033}",Optimization terminated successfully
2008-01-01,IBM-SPY,CtG,47.92818671031851,-83.85637342063703,-62.70365578584632,6,True,True,False,False,{},"{""Clayton"": 0.18594003172944074, ""Student-t"": 0.618715344535015, ""Gumbel"": 0.1953446237355443}",Optimization terminated successfully
2008-01-01,DIA-SPY,Gaussian,328.65629550187924,-655.3125910037585,-651.7871380646267,1,True,False,False,True,"{""rho"": 0.9642051559878159}",[],CONVERGENCE: NORM_OF_PROJECTED_GRADIENT_<=_PGTOL
2008-01-01,DIA-SPY,Student-t,328.68478551540613,-653.3695710308123,-646.3186651525486,2,True,False,True,False,"{""rho"": 0.9641696430113056, ""nu"": 63.08152141999671}",[],CONVERGENCE: REL_REDUCTION_OF_F_<=_FACTR*EPSMCH
2008-01-01,DIA-SPY,Clayton,300.8262723103151,-599.6525446206302,-596.1270916814984,1,True,False,False,False,"{""theta"": 6.897197569922486}",[],CONVERGENCE: NORM_OF_PROJECTED_GRADIENT_<=_PGTOL
2008-01-01,DIA-SPY,Frank,294.1577536737262,-586.3155073474524,-582.7900544083205,1,True,False,False,False,"{""theta"": 20.073786910061514}",[],CONVERGENCE: NORM_OF_PROJECTED_GRADIENT_<=_PGTOL
2008-01-01,DIA-SPY,Gumbel,297.96022730598065,-593.9204546119613,-590.3950016728295,1,True,False,False,False,"{""theta"": 5.016645082724139}",[],CONVERGENCE: NORM_OF_PROJECTED_GRADIENT_<=_PGTOL
2008-01-01,DIA-SPY,CFG,319.7432435833472,-629.4864871666944,-611.8592224710354,5,True,False,False,False,{},"{""Clayton"": 0.518654603976856, ""Frank"": 0.0, ""Gumbel"": 0.48134539602314397}",Optimization terminated successfully
2008-01-01,DIA-SPY,CtG,330.2617745870908,-648.5235491741817,-627.3708315393909,6,True,True,False,False,{},"{""Clayton"": 0.16044061718490657, ""Student-t"": 0.8395593828150935, ""Gumbel"": 0.0}",Optimization terminated successfully
2008-07-01,AAPL-GOOG,Gaussian,65.99380813883539,-129.98761627767078,-126.45818719015936,1,True,False,False,False,"{""rho"": 0.6485847344017387}",[],CONVERGENCE: NORM_OF_PROJECTED_GRADIENT_<=_PGTOL
2008-07-01,AAPL-GOOG,Student-t,75.1398536785695,-146.279707357139,-139.22084918211615,2,True,False,True,True,"{""rho"": 0.6602266489883036, ""nu"": 3.1924586086942104}",[],CONVERGENCE: NORM_OF_PROJECTED_GRADIENT_<=_PGTOL
2008-07-01,AAPL-GOOG,Clayton,55.71172359122994,-109.42344718245988,-105.89401809494846,1,True,False,False,False,"{""theta"": 1.2203305893321739}",[],CONVERGENCE: NORM_OF_PROJECTED_GRADIENT_<=_PGTOL
2008-07-01,AAPL-GOOG,Frank,63.75501582808911,-125.51003165617821,-121.9806025686668,1,True,False,False,False,"{""theta"": 5.074475286274597}",[],CONVERGENCE: NORM_OF_PROJECTED_GRADIENT_<=_PGTOL
2008-07-01,AAPL-GOOG,Gumbel,68.43221141066343,-134.86442282132685,-131.33499373381542,1,True,False,False,False,"{""theta"": 1.805820772319674}",[],CONVERGENCE: NORM_OF_PROJECTED_GRADIENT_<=_PGTOL
2008-07-01,AAPL-GOOG,CFG,75.68741235565435,-141.3748247113087,-123.72767927375158,5,True,False,False,False,{},"{""Clayton"": 0.34599143629980217, ""Frank"": 0.13532377148057373, ""Gumbel"": 0.518684792219624}",Optimization terminated successfully
2008-07-01,AAPL-GOOG,CtG,77.87106377531161,-143.74212755062322,-122.56555302555469,6,True,True,False,False,{},"{""Clayton"": 0.2274488729822935, ""Student-t"": 0.36307695516796007, ""Gumbel"": 0.4094741718497465}",Optimization terminated successfully
2008-07-01,IBM-SPY,Gaussian,66.18798908495226,-130.37597816990453,-126.84654908239311,1,True,False,False,True,"{""rho"": 0.6492871439561637}",[],CONVERGENCE: NORM_OF_PROJECTED_GRADIENT_<=_PGTOL
2008-07-01,IBM-SPY,Student-t,66.6161057027975,-129.232211405595,-122.17335323057215,2,True,False,True,False,"{""rho"": 0.6506711740350735, ""nu"": 16.21929135494926}",[],CONVERGENCE: REL_REDUCTION_OF_F_<=_FACTR*EPSMCH
2008-07-01,IBM-SPY,Clayton,52.745219548418234,-103.49043909683647,-99.96101000932505,1,True,False,False,False,"{""theta"": 1.1119979635343191}",[],CONVERGENCE: NORM_OF_PROJECTED_GRADIENT_<=_PGTOL
2008-07-01,IBM-SPY,Frank,62.04350203767834,-122.08700407535667,-118.55757498784526,1,True,False,False,False,"{""theta"": 4.875290047218181}",[],CONVERGENCE: NORM_OF_PROJECTED_GRADIENT_<=_PGTOL
2008-07-01,IBM-SPY,Gumbel,60.902879319526704,-119.80575863905341,-116.27632955154199,1,True,False,False,False,"{""theta"": 1.7287948443111694}",[],CONVERGENCE: NORM_OF_PROJECTED_GRADIENT_<=_PGTOL
2008-07-01,IBM-SPY,CFG,66.42791645921311,-122.85583291842622,-105.2086874808691,5,True,False,False,False,{},"{""Clayton"": 0.352410285776924, ""Frank"": 0.1493489935426594, ""Gumbel"": 0.49824072068041664}",Optimization terminated successfully
2008-07-01,IBM-SPY,CtG,67.20235115495424,-122.40470230990849,-101.22812778483996,6,True,True,False,False,{},"{""Clayton"": 0.08811679022410981, ""Student-t"": 0.7419220512782791, ""Gumbel"": 0.16996115849761106}",Optimization terminated successfully
2008-07-01,DIA-SPY,Gaussian,348.008197596668,-694.016395193336,-690.4869661058246,1,True,False,False,True,"{""rho"": 0.9690594094899296}",[],CONVERGENCE: NORM_OF_PROJECTED_GRADIENT_<=_PGTOL
2008-07-01,DIA-SPY,Student-t,350.0453255487887,-696.0906510975774,-689.0317929225546,2,True,True,True,False,"{""rho"": 0.9691588175136266, ""nu"": 11.082771431842527}",[],CONVERGENCE: REL_REDUCTION_OF_F_<=_FACTR*EPSMCH
2008-07-01,DIA-SPY,Clayton,293.48063306036977,-584.9612661207395,-581.4318370332281,1,True,False,False,False,"{""theta"": 6.714575143693718}",[],CONVERGENCE: REL_REDUCTION_OF_F_<=_FACTR*EPSMCH
2008-07-01,DIA-SPY,Frank,311.1043830809192,-620.2087661618384,-616.679337074327,1,True,False,False,False,"{""theta"": 21.708399691426724}",[],CONVERGENCE: REL_REDUCTION_OF_F_<=_FACTR*EPSMCH
2008-07-01,DIA-SPY,Gumbel,331.7612144795439,-661.5224289590878,-657.9929998715764,1,True,False,False,False,"{""theta"": 5.684147367282599}",[],CONVERGENCE: NORM_OF_PROJECTED_GRADIENT_<=_PGTOL
2008-07-01,DIA-SPY,CFG,336.87040351703683,-663.7408070340737,-646.0936615965165,5,True,False,False,False,{},"{""Clayton"": 0.22141550069907345, ""Frank"": 0.0, ""Gumbel"": 0.7785844993009265}",Optimization terminated successfully
2008-07-01,DIA-SPY,CtG,350.0453255487887,-688.0906510975774,-666.9140765725089,6,True,False,False,False,{},"{""Clayton"": 0.0, ""Student-t"": 1.0, ""Gumbel"": 0.0}",Retained nested Student-t fit
2009-01-01,AAPL-GOOG,Gaussian,65.78097692458942,-129.56195384917885,-126.02856436045133,1,True,False,False,False,"{""rho"": 0.646834132200493}",[],CONVERGENCE: NORM_OF_PROJECTED_GRADIENT_<=_PGTOL
2009-01-01,AAPL-GOOG,Student-t,69.56098546025527,-135.12197092051053,-128.0551919430555,2,True,False,True,False,"{""rho"": 0.6501405234158824, ""nu"": 5.43166636960073}",[],CONVERGENCE: NORM_OF_PROJECTED_GRADIENT_<=_PGTOL
2009-01-01,AAPL-GOOG,Clayton,51.62300317931718,-101.24600635863436,-97.71261686990684,1,True,False,False,False,"{""theta"": 1.0941149474866876}",[],CONVERGENCE: NORM_OF_PROJECTED_GRADIENT_<=_PGTOL
2009-01-01,AAPL-GOOG,Frank,61.513229328939865,-121.02645865787973,-117.49306916915221,1,True,False,False,False,"{""theta"": 4.867186374369315}",[],CONVERGENCE: NORM_OF_PROJECTED_GRADIENT_<=_PGTOL
2009-01-01,AAPL-GOOG,Gumbel,67.00496219002451,-132.00992438004903,-128.4765348913215,1,True,False,False,True,"{""theta"": 1.780211356759141}",[],CONVERGENCE: NORM_OF_PROJECTED_GRADIENT_<=_PGTOL
2009-01-01,AAPL-GOOG,CFG,71.2838702892416,-132.5677405784832,-114.9007931348456,5,True,False,False,False,{},"{""Clayton"": 0.27557433650294366, ""Frank"": 8.009000520834388e-15, ""Gumbel"": 0.7244256634970483}",Optimization terminated successfully
2009-01-01,AAPL-GOOG,CtG,71.33195919179897,-130.66391838359795,-109.46358145123283,6,True,True,False,False,{},"{""Clayton"": 0.26121206622705645, ""Student-t"": 0.08450518573326486, ""Gumbel"": 0.6542827480396787}",Optimization terminated successfully
2009-01-01,IBM-SPY,Gaussian,89.92626326408381,-177.85252652816763,-174.3191370394401,1,True,False,False,False,"{""rho"": 0.7219110302520638}",[],CONVERGENCE: NORM_OF_PROJECTED_GRADIENT_<=_PGTOL
2009-01-01,IBM-SPY,Student-t,92.8080412928873,-181.6160825857746,-174.54930360831955,2,True,False,True,True,"{""rho"": 0.7278931465210372, ""nu"": 7.235586568354682}",[],CONVERGENCE: NORM_OF_PROJECTED_GRADIENT_<=_PGTOL
2009-01-01,IBM-SPY,Clayton,76.72249036469285,-151.4449807293857,-147.91159124065817,1,True,False,False,False,"{""theta"": 1.525401687622974}",[],CONVERGENCE: REL_REDUCTION_OF_F_<=_FACTR*EPSMCH
2009-01-01,IBM-SPY,Frank,87.96641097186823,-173.93282194373646,-170.39943245500893,1,True,False,False,False,"{""theta"": 6.224006982263529}",[],CONVERGENCE: NORM_OF_PROJECTED_GRADIENT_<=_PGTOL
2009-01-01,IBM-SPY,Gumbel,81.99465844976915,-161.9893168995383,-158.45592741081077,1,True,False,False,False,"{""theta"": 1.9376282026875682}",[],CONVERGENCE: NORM_OF_PROJECTED_GRADIENT_<=_PGTOL
2009-01-01,IBM-SPY,CFG,92.7717556909119,-175.5435113818238,-157.8765639381862,5,True,False,False,False,{},"{""Clayton"": 0.2805013401645369, ""Frank"": 0.32694242965806386, ""Gumbel"": 0.39255623017739927}",Optimization terminated successfully
2009-01-01,IBM-SPY,CtG,94.54976331128931,-177.09952662257862,-155.89918969021352,6,True,True,False,False,{},"{""Clayton"": 0.18184813610487197, ""Student-t"": 0.6216472262907723, ""Gumbel"": 0.19650463760435577}",Optimization terminated successfully
2009-01-01,DIA-SPY,Gaussian,378.2305088172231,-754.4610176344462,-750.9276281457187,1,True,False,False,True,"{""rho"": 0.9754501783062877}",[],CONVERGENCE: NORM_OF_PROJECTED_GRADIENT_<=_PGTOL
2009-01-01,DIA-SPY,Student-t,378.96411152821577,-753.9282230564315,-746.8614440789765,2,True,False,True,False,"{""rho"": 0.9755858014133804, ""nu"": 16.636989958150085}",[],CONVERGENCE: NORM_OF_PROJECTED_GRADIENT_<=_PGTOL
2009-01-01,DIA-SPY,Clayton,313.94061039567595,-625.8812207913519,-622.3478313026244,1,True,False,False,False,"{""theta"": 7.532256132304356}",[],CONVERGENCE: NORM_OF_PROJECTED_GRADIENT_<=_PGTOL
2009-01-01,DIA-SPY,Frank,352.115741285373,-702.231482570746,-698.6980930820185,1,True,False,False,False,"{""theta"": 26.229132427169354}",[],CONVERGENCE: REL_REDUCTION_OF_F_<=_FACTR*EPSMCH
2009-01-01,DIA-SPY,Gumbel,357.54068641519314,-713.0813728303863,-709.5479833416588,1,True,False,False,False,"{""theta"": 6.316279268466722}",[],CONVERGENCE: REL_REDUCTION_OF_F_<=_FACTR*EPSMCH
2009-01-01,DIA-SPY,CFG,377.51085745299315,-745.0217149059863,-727.3547674623487,5,True,False,False,False,{},"{""Clayton"": 0.06027600167875954, ""Frank"": 0.3426115650021642, ""Gumbel"": 0.5971124333190763}",Optimization terminated successfully
2009-01-01,DIA-SPY,CtG,387.3719762955002,-762.7439525910004,-741.5436156586353,6,True,True,False,False,{},"{""Clayton"": 0.06682237172618916, ""Student-t"": 0.9331776182180539, ""Gumbel"": 1.0055757004856503e-08}",Optimization terminated successfully
2009-07-01,AAPL-GOOG,Gaussian,93.93628633873941,-185.87257267747881,-182.34314358996738,1,True,False,False,False,"{""rho"": 0.7333104461359178}",[],CONVERGENCE: NORM_OF_PROJECTED_GRADIENT_<=_PGTOL
2009-07-01,AAPL-GOOG,Student-t,98.97284351366541,-193.94568702733082,-186.88682885230799,2,True,False,True,True,"{""rho"": 0.7410733133259424, ""nu"": 5.022511698719468}",[],CONVERGENCE: REL_REDUCTION_OF_F_<=_FACTR*EPSMCH
2009-07-01,AAPL-GOOG,Clayton,80.37708959389698,-158.75417918779397,-155.22475010028253,1,True,False,False,False,"{""theta"": 1.5808552843500137}",[],CONVERGENCE: NORM_OF_PROJECTED_GRADIENT_<=_PGTOL
2009-07-01,AAPL-GOOG,Frank,90.83231467764666,-179.66462935529333,-176.1352002677819,1,True,False,False,False,"{""theta"": 6.373972101545115}",[],CONVERGENCE: NORM_OF_PROJECTED_GRADIENT_<=_PGTOL
2009-07-01,AAPL-GOOG,Gumbel,90.2321100467631,-178.4642200935262,-174.93479100601476,1,True,False,False,False,"{""theta"": 2.026217553936274}",[],CONVERGENCE: NORM_OF_PROJECTED_GRADIENT_<=_PGTOL
2009-07-01,AAPL-GOOG,CFG,100.20474640210688,-190.40949280421376,-172.76234736665663,5,True,False,False,False,{},"{""Clayton"": 0.36039098498666206, ""Frank"": 0.09212739130257407, ""Gumbel"": 0.5474816237107639}",Optimization terminated successfully
2009-07-01,AAPL-GOOG,CtG,100.90113981520861,-189.80227963041722,-168.6257051053487,6,True,True,False,False,{},"{""Clayton"": 0.2758156893120072, ""Student-t"": 0.34453472915806777, ""Gumbel"": 0.37964958152992506}",Optimization terminated successfully
2009-07-01,IBM-SPY,Gaussian,93.61832855013108,-185.23665710026216,-181.70722801275073,1,True,False,False,False,"{""rho"": 0.7325018017223413}",[],CONVERGENCE: NORM_OF_PROJECTED_GRADIENT_<=_PGTOL
2009-07-01,IBM-SPY,Student-t,99.58887278649846,-195.1777455729969,-188.11888739797408,2,True,False,True,True,"{""rho"": 0.7414970551329154, ""nu"": 5.015639942115722}",[],CONVERGENCE: REL_REDUCTION_OF_F_<=_FACTR*EPSMCH
2009-07-01,IBM-SPY,Clayton,71.35954274363989,-140.71908548727978,-137.18965639976835,1,True,False,False,False,"{""theta"": 1.43631323534048}",[],CONVERGENCE: NORM_OF_PROJECTED_GRADIENT_<=_PGTOL
2009-07-01,IBM-SPY,Frank,91.17820255912059,-180.35640511824118,-176.82697603072975,1,True,False,False,False,"{""theta"": 6.45415826411761}",[],CONVERGENCE: NORM_OF_PROJECTED_GRADIENT_<=_PGTOL
2009-07-01,IBM-SPY,Gumbel,94.95457240300154,-187.90914480600307,-184.37971571849164,1,True,False,False,False,"{""theta"": 2.0637420764312724}",[],CONVERGENCE: NORM_OF_PROJECTED_GRADIENT_<=_PGTOL
2009-07-01,IBM-SPY,CFG,99.46009958478285,-188.9201991695657,-171.27305373200858,5,True,False,False,False,{},"{""Clayton"": 0.1087825196077082, ""Frank"": 0.3294069143178339, ""Gumbel"": 0.5618105660744579}",Optimization terminated successfully
2009-07-01,IBM-SPY,CtG,103.4694845364327,-194.9389690728654,-173.76239454779687,6,True,True,False,False,{},"{""Clayton"": 0.02098661142154012, ""Student-t"": 0.6955979979923789, ""Gumbel"": 0.283415390586081}",Optimization terminated successfully
2009-07-01,DIA-SPY,Gaussian,395.4426607549966,-788.8853215099932,-785.3558924224818,1,True,False,False,True,"{""rho"": 0.9788792874954394}",[],CONVERGENCE: REL_REDUCTION_OF_F_<=_FACTR*EPSMCH
2009-07-01,DIA-SPY,Student-t,396.83140544140736,-789.6628108828147,-782.6039527077919,2,True,False,True,False,"{""rho"": 0.9790911612406334, ""nu"": 13.892813732881839}",[],CONVERGENCE: REL_REDUCTION_OF_F_<=_FACTR*EPSMCH
2009-07-01,DIA-SPY,Clayton,329.2303850166852,-656.4607700333704,-652.931340945859,1,True,False,False,False,"{""theta"": 8.194109818174462}",[],CONVERGENCE: REL_REDUCTION_OF_F_<=_FACTR*EPSMCH
2009-07-01,DIA-SPY,Frank,362.2431120650097,-722.4862241300194,-718.956795042508,1,True,False,False,False,"{""theta"": 27.78241177275062}",[],CONVERGENCE: NORM_OF_PROJECTED_GRADIENT_<=_PGTOL
2009-07-01,DIA-SPY,Gumbel,376.2306683406546,-750.4613366813091,-746.9319075937977,1,True,False,False,False,"{""theta"": 6.877922595486547}",[],CONVERGENCE: REL_REDUCTION_OF_F_<=_FACTR*EPSMCH
2009-07-01,DIA-SPY,CFG,386.53294515067773,-763.0658903013555,-745.4187448637983,5,True,False,False,False,{},"{""Clayton"": 0.04254332801832684, ""Frank"": 0.2796893680811286, ""Gumbel"": 0.6777673039005445}",Optimization terminated successfully
2009-07-01,DIA-SPY,CtG,400.73685330138665,-789.4737066027733,-768.2971320777048,6,True,True,False,False,{},"{""Clayton"": 0.04429894544466495, ""Student-t"": 0.9361636218744191, ""Gumbel"": 0.0195374326809159}",Optimization terminated successfully
2010-01-01,AAPL-GOOG,Gaussian,76.13425417690407,-150.26850835380813,-146.7390792662967,1,True,False,False,False,"{""rho"": 0.6828869741558615}",[],CONVERGENCE: NORM_OF_PROJECTED_GRADIENT_<=_PGTOL
2010-01-01,AAPL-GOOG,Student-t,97.95211592625736,-191.90423185251473,-184.8453736774919,2,True,False,True,True,"{""rho"": 0.7207531849415726, ""nu"": 2.401124601484743}",[],CONVERGENCE: NORM_OF_PROJECTED_GRADIENT_<=_PGTOL
2010-01-01,AAPL-GOOG,Clayton,85.29267305708903,-168.58534611417807,-165.05591702666663,1,True,False,False,False,"{""theta"": 1.6703533591320394}",[],CONVERGENCE: NORM_OF_PROJECTED_GRADIENT_<=_PGTOL
2010-01-01,AAPL-GOOG,Frank,80.34620448156134,-158.6924089631227,-155.16297987561126,1,True,False,False,False,"{""theta"": 6.018541832282833}",[],CONVERGENCE: NORM_OF_PROJECTED_GRADIENT_<=_PGTOL
2010-01-01,AAPL-GOOG,Gumbel,77.18079897460032,-152.36159794920064,-148.8321688616892,1,True,False,False,False,"{""theta"": 1.9416480466665746}",[],CONVERGENCE: NORM_OF_PROJECTED_GRADIENT_<=_PGTOL
2010-01-01,AAPL-GOOG,CFG,101.9568069472183,-193.9136138944366,-176.26646845687947,5,True,False,False,False,{},"{""Clayton"": 0.4745690909649124, ""Frank"": 4.1851181591203765e-18, ""Gumbel"": 0.5254309090350876}",Optimization terminated successfully
2010-01-01,AAPL-GOOG,CtG,104.2626580008488,-196.5253160016976,-175.34874147662907,6,True,True,False,False,{},"{""Clayton"": 0.38799030093834674, ""Student-t"": 0.5580520492103805, ""Gumbel"": 0.053957649851272715}",Optimization terminated successfully
2010-01-01,IBM-SPY,Gaussian,76.72990031283724,-151.4598006256745,-147.93037153816306,1,True,False,False,False,"{""rho"": 0.6847617786772312}",[],CONVERGENCE: NORM_OF_PROJECTED_GRADIENT_<=_PGTOL
2010-01-01,IBM-SPY,Student-t,85.99914307429654,-167.99828614859308,-160.93942797357025,2,True,False,True,True,"{""rho"": 0.6899953218042394, ""nu"": 4.005383777059168}",[],CONVERGENCE: NORM_OF_PROJECTED_GRADIENT_<=_PGTOL
2010-01-01,IBM-SPY,Clayton,63.156232582199635,-124.31246516439927,-120.78303607688785,1,True,False,False,False,"{""theta"": 1.2865256291821205}",[],CONVERGENCE: REL_REDUCTION_OF_F_<=_FACTR*EPSMCH
2010-01-01,IBM-SPY,Frank,73.12732843098915,-144.2546568619783,-140.72522777446687,1,True,False,False,False,"{""theta"": 5.538117997861187}",[],CONVERGENCE: NORM_OF_PROJECTED_GRADIENT_<=_PGTOL
2010-01-01,IBM-SPY,Gumbel,79.67424507618318,-157.34849015236637,-153.81906106485494,1,True,False,False,False,"{""theta"": 1.9084797262781514}",[],CONVERGENCE: NORM_OF_PROJECTED_GRADIENT_<=_PGTOL
2010-01-01,IBM-SPY,CFG,83.01957206079292,-156.03914412158585,-138.39199868402872,5,True,False,False,False,{},"{""Clayton"": 0.26876788159973725, ""Frank"": 0.12854054377362523, ""Gumbel"": 0.6026915746266376}",Optimization terminated successfully
2010-01-01,IBM-SPY,CtG,86.10317920788339,-160.20635841576677,-139.02978389069824,6,True,True,False,False,{},"{""Clayton"": 1.0375570384417015e-15, ""Student-t"": 0.880108259307327, ""Gumbel"": 0.11989174069267206}",Optimization terminated successfully
2010-01-01,DIA-SPY,Gaussian,357.3695234102006,-712.7390468204012,-709.2096177328898,1,True,False,False,False,"{""rho"": 0.9713101380952954}",[],CONVERGENCE: NORM_OF_PROJECTED_GRADIENT_<=_PGTOL
2010-01-01,DIA-SPY,Student-t,367.20420769677503,-730.4084153935501,-723.3495572185273,2,True,False,True,True,"{""rho"": 0.9719876583623457, ""nu"": 4.406615058832495}",[],CONVERGENCE: NORM_OF_PROJECTED_GRADIENT_<=_PGTOL
2010-01-01,DIA-SPY,Clayton,317.7528766805725,-633.505753361145,-629.9763242736336,1,True,False,False,False,"{""theta"": 7.622514917924792}",[],CONVERGENCE: REL_REDUCTION_OF_F_<=_FACTR*EPSMCH
2010-01-01,DIA-SPY,Frank,319.48518825031636,-636.9703765006327,-633.4409474131213,1,True,False,False,False,"{""theta"": 22.858314226581474}",[],CONVERGENCE: NORM_OF_PROJECTED_GRADIENT_<=_PGTOL
2010-01-01,DIA-SPY,Gumbel,347.06605390465893,-692.1321078093179,-688.6026787218065,1,True,False,False,False,"{""theta"": 6.153723243625769}",[],CONVERGENCE: REL_REDUCTION_OF_F_<=_FACTR*EPSMCH
2010-01-01,DIA-SPY,CFG,358.77699805568886,-707.5539961113777,-689.9068506738206,5,True,False,False,False,{},"{""Clayton"": 0.3569322041700843, ""Frank"": 0.0, ""Gumbel"": 0.6430677958299157}",Optimization terminated successfully
2010-01-01,DIA-SPY,CtG,368.8129390624062,-725.6258781248124,-704.4493035997439,6,True,True,False,False,{},"{""Clayton"": 0.06894966092050794, ""Student-t"": 0.8969613594587885, ""Gumbel"": 0.03408897962070356}",Optimization terminated successfully
2010-07-01,AAPL-GOOG,Gaussian,47.296267814685876,-92.59253562937175,-89.06310654186034,1,True,False,False,False,"{""rho"": 0.5704770148976128}",[],CONVERGENCE: NORM_OF_PROJECTED_GRADIENT_<=_PGTOL
2010-07-01,AAPL-GOOG,Student-t,57.674204062048695,-111.34840812409739,-104.28954994907454,2,True,False,True,False,"{""rho"": 0.5791253777183587, ""nu"": 2.8412626629890827}",[],CONVERGENCE: NORM_OF_PROJECTED_GRADIENT_<=_PGTOL
2010-07-01,AAPL-GOOG,Clayton,56.22847329777243,-110.45694659554486,-106.92751750803345,1,True,False,False,True,"{""theta"": 1.1854311972182978}",[],CONVERGENCE: NORM_OF_PROJECTED_GRADIENT_<=_PGTOL
2010-07-01,AAPL-GOOG,Frank,45.55149517510096,-89.10299035020192,-85.5735612626905,1,True,False,False,False,"{""theta"": 4.14677392102714}",[],CONVERGENCE: NORM_OF_PROJECTED_GRADIENT_<=_PGTOL
2010-07-01,AAPL-GOOG,Gumbel,43.19823792911272,-84.39647585822544,-80.86704677071403,1,True,False,False,False,"{""theta"": 1.5843246849236947}",[],CONVERGENCE: NORM_OF_PROJECTED_GRADIENT_<=_PGTOL
2010-07-01,AAPL-GOOG,CFG,62.15757442349813,-114.31514884699627,-96.66800340943915,5,True,False,False,False,{},"{""Clayton"": 0.7092035945433478, ""Frank"": 0.0, ""Gumbel"": 0.2907964054566522}",Optimization terminated successfully
2010-07-01,AAPL-GOOG,CtG,67.28844607091582,-122.57689214183165,-101.40031761676312,6,True,True,False,False,{},"{""Clayton"": 0.6332227446241808, ""Student-t"": 0.063841066074896, ""Gumbel"": 0.3029361893009232}",Optimization terminated successfully
2010-07-01,IBM-SPY,Gaussian,82.5175484023917,-163.0350968047834,-159.50566771727196,1,True,False,False,False,"{""rho"": 0.7022543395726849}",[],CONVERGENCE: NORM_OF_PROJECTED_GRADIENT_<=_PGTOL
2010-07-01,IBM-SPY,Student-t,93.71957616822138,-183.43915233644276,-176.38029416141993,2,True,False,True,True,"{""rho"": 0.7161682981458523, ""nu"": 3.432248903712469}",[],CONVERGENCE: NORM_OF_PROJECTED_GRADIENT_<=_PGTOL
2010-07-01,IBM-SPY,Clayton,73.58118180206492,-145.16236360412984,-141.6329345166184,1,True,False,False,False,"{""theta"": 1.5046811018229405}",[],CONVERGENCE: NORM_OF_PROJECTED_GRADIENT_<=_PGTOL
2010-07-01,IBM-SPY,Frank,81.98940744063991,-161.97881488127982,-158.44938579376839,1,True,False,False,False,"{""theta"": 5.9838440011755365}",[],CONVERGENCE: NORM_OF_PROJECTED_GRADIENT_<=_PGTOL
2010-07-01,IBM-SPY,Gumbel,83.05693173492512,-164.11386346985023,-160.5844343823388,1,True,False,False,False,"{""theta"": 1.9616651272670302}",[],CONVERGENCE: NORM_OF_PROJECTED_GRADIENT_<=_PGTOL
2010-07-01,IBM-SPY,CFG,95.900742861752,-181.801485723504,-164.15434028594686,5,True,False,False,False,{},"{""Clayton"": 0.3148499862377247, ""Frank"": 0.11478199229614605, ""Gumbel"": 0.5703680214661292}",Optimization terminated successfully
2010-07-01,IBM-SPY,CtG,96.25626591425333,-180.51253182850667,-159.33595730343814,6,True,True,False,False,{},"{""Clayton"": 0.1254777718233902, ""Student-t"": 0.7982614324685229, ""Gumbel"": 0.07626079570808697}",Optimization terminated successfully
2010-07-01,DIA-SPY,Gaussian,341.9111489691412,-681.8222979382824,-678.292868850771,1,True,False,False,False,"{""rho"": 0.9674976681705181}",[],CONVERGENCE: REL_REDUCTION_OF_F_<=_FACTR*EPSMCH
2010-07-01,DIA-SPY,Student-t,355.11409876844294,-706.2281975368859,-699.1693393618631,2,True,False,True,True,"{""rho"": 0.9659208848900971, ""nu"": 2.489578546755453}",[],CONVERGENCE: NORM_OF_PROJECTED_GRADIENT_<=_PGTOL
2010-07-01,DIA-SPY,Clayton,310.15138825024655,-618.3027765004931,-614.7733474129817,1,True,False,False,False,"{""theta"": 7.43699896631237}",[],CONVERGENCE: REL_REDUCTION_OF_F_<=_FACTR*EPSMCH
2010-07-01,DIA-SPY,Frank,303.6150425985541,-605.2300851971082,-601.7006561095968,1,True,False,False,False,"{""theta"": 21.31190839156525}",[],CONVERGENCE: NORM_OF_PROJECTED_GRADIENT_<=_PGTOL
2010-07-01,DIA-SPY,Gumbel,334.18916727343833,-666.3783345468767,-662.8489054593653,1,True,False,False,False,"{""theta"": 5.847880461801946}",[],CONVERGENCE: REL_REDUCTION_OF_F_<=_FACTR*EPSMCH
2010-07-01,DIA-SPY,CFG,349.996216853394,-689.992433706788,-672.3452882692309,5,True,False,False,False,{},"{""Clayton"": 0.39096268670367323, ""Frank"": 0.025310039481272317, ""Gumbel"": 0.5837272738150544}",Optimization terminated successfully
2010-07-01,DIA-SPY,CtG,358.4515439350289,-704.9030878700578,-683.7265133449893,6,True,True,False,False,{},"{""Clayton"": 0.04135670456587675, ""Student-t"": 0.9586432954341231, ""Gumbel"": 2.220446049250313e-16}",Optimization terminated successfully
2011-01-01,AAPL-GOOG,Gaussian,53.89323313555074,-105.78646627110147,-102.25703718359006,1,True,False,False,False,"{""rho"": 0.6006571438536205}",[],CONVERGENCE: NORM_OF_PROJECTED_GRADIENT_<=_PGTOL
2011-01-01,AAPL-GOOG,Student-t,59.39252512910035,-114.7850502582007,-107.72619208317785,2,True,False,True,True,"{""rho"": 0.5838782588384769, ""nu"": 3.55142630343884}",[],CONVERGENCE: NORM_OF_PROJECTED_GRADIENT_<=_PGTOL
2011-01-01,AAPL-GOOG,Clayton,49.050029117195535,-96.10005823439107,-92.57062914687965,1,True,False,False,False,"{""theta"": 1.0538865466392833}",[],CONVERGENCE: NORM_OF_PROJECTED_GRADIENT_<=_PGTOL
2011-01-01,AAPL-GOOG,Frank,46.86119839835018,-91.72239679670037,-88.19296770918895,1,True,False,False,False,"{""theta"": 4.1722741021423735}",[],CONVERGENCE: NORM_OF_PROJECTED_GRADIENT_<=_PGTOL
2011-01-01,AAPL-GOOG,Gumbel,53.08699180442585,-104.1739836088517,-100.64455452134028,1,True,False,False,False,"{""theta"": 1.6468422750748115}",[],CONVERGENCE: NORM_OF_PROJECTED_GRADIENT_<=_PGTOL
2011-01-01,AAPL-GOOG,CFG,60.479858116286145,-110.95971623257229,-93.31257079501518,5,True,False,False,False,{},"{""Clayton"": 0.5525637711697223, ""Frank"": 0.0, ""Gumbel"": 0.44743622883027767}",Optimization terminated successfully
2011-01-01,AAPL-GOOG,CtG,63.36606558430954,-114.73213116861908,-93.55555664355055,6,True,True,False,False,{},"{""Clayton"": 0.4507966897998903, ""Student-t"": 0.06511429624279433, ""Gumbel"": 0.4840890139573154}",Optimization terminated successfully
2011-01-01,IBM-SPY,Gaussian,88.3721022827877,-174.7442045655754,-171.21477547806396,1,True,False,False,False,"{""rho"": 0.7187109604520203}",[],CONVERGENCE: NORM_OF_PROJECTED_GRADIENT_<=_PGTOL
2011-01-01,IBM-SPY,Student-t,93.27144134609401,-182.54288269218802,-175.48402451716518,2,True,False,True,True,"{""rho"": 0.7119738864577625, ""nu"": 4.59356065785504}",[],CONVERGENCE: NORM_OF_PROJECTED_GRADIENT_<=_PGTOL
2011-01-01,IBM-SPY,Clayton,69.89881442054526,-137.79762884109053,-134.2681997535791,1,True,False,False,False,"{""theta"": 1.4019593510432677}",[],CONVERGENCE: NORM_OF_PROJECTED_GRADIENT_<=_PGTOL
2011-01-01,IBM-SPY,Frank,76.32886130353887,-150.65772260707774,-147.1282935195663,1,True,False,False,False,"{""theta"": 5.614353947137016}",[],CONVERGENCE: NORM_OF_PROJECTED_GRADIENT_<=_PGTOL
2011-01-01,IBM-SPY,Gumbel,89.3062201932236,-176.6124403864472,-173.08301129893576,1,True,False,False,False,"{""theta"": 1.9855328249331354}",[],CONVERGENCE: NORM_OF_PROJECTED_GRADIENT_<=_PGTOL
2011-01-01,IBM-SPY,CFG,91.5248730405329,-173.0497460810658,-155.40260064350866,5,True,False,False,False,{},"{""Clayton"": 0.194602311755983, ""Frank"": 7.704630890810203e-11, ""Gumbel"": 0.8053976881669708}",Optimization terminated successfully
2011-01-01,IBM-SPY,CtG,93.3289151223334,-174.6578302446668,-153.48125571959827,6,True,True,False,False,{},"{""Clayton"": 5.419397599393781e-15, ""Student-t"": 0.9012803895428494, ""Gumbel"": 0.09871961045714517}",Optimization terminated successfully
2011-01-01,DIA-SPY,Gaussian,322.03687283545196,-642.0737456709039,-638.5443165833925,1,True,False,False,False,"{""rho"": 0.9618261701356243}",[],CONVERGENCE: NORM_OF_PROJECTED_GRADIENT_<=_PGTOL
2011-01-01,DIA-SPY,Student-t,348.55663427524587,-693.1132685504917,-686.0544103754689,2,True,False,True,True,"{""rho"": 0.9638249562891946, ""nu"": 2.01}",[],CONVERGENCE: NORM_OF_PROJECTED_GRADIENT_<=_PGTOL
2011-01-01,DIA-SPY,Clayton,292.9194542167435,-583.838908433487,-580.3094793459755,1,True,False,False,False,"{""theta"": 6.859638784189058}",[],CONVERGENCE: REL_REDUCTION_OF_F_<=_FACTR*EPSMCH
2011-01-01,DIA-SPY,Frank,279.1569819510421,-556.3139639020842,-552.7845348145728,1,True,False,False,False,"{""theta"": 19.322974187860265}",[],CONVERGENCE: NORM_OF_PROJECTED_GRADIENT_<=_PGTOL
2011-01-01,DIA-SPY,Gumbel,326.1659966890086,-650.3319933780172,-646.8025642905058,1,True,False,False,False,"{""theta"": 5.7017056021032335}",[],CONVERGENCE: NORM_OF_PROJECTED_GRADIENT_<=_PGTOL
2011-01-01,DIA-SPY,CFG,345.21917473941403,-680.4383494788281,-662.7912040412709,5,True,False,False,False,{},"{""Clayton"": 0.2596494626216029, ""Frank"": 0.05047422296721757, ""Gumbel"": 0.6898763144111796}",Optimization terminated successfully
2011-01-01,DIA-SPY,CtG,353.35690878485553,-694.7138175697111,-673.5372430446425,6,True,True,False,False,{},"{""Clayton"": 0.05670748354960305, ""Student-t"": 0.9432925164490841, ""Gumbel"": 1.3128387266192476e-12}",Optimization terminated successfully
2011-07-01,AAPL-GOOG,Gaussian,49.17073167181395,-96.3414633436279,-92.80807385490037,1,True,False,False,False,"{""rho"": 0.5784431481988904}",[],CONVERGENCE: NORM_OF_PROJECTED_GRADIENT_<=_PGTOL
2011-07-01,AAPL-GOOG,Student-t,62.647139145762964,-121.29427829152593,-114.22749931407088,2,True,False,True,True,"{""rho"": 0.5737582077785861, ""nu"": 2.594141025318482}",[],CONVERGENCE: NORM_OF_PROJECTED_GRADIENT_<=_PGTOL
2011-07-01,AAPL-GOOG,Clayton,43.096261267158866,-84.19252253431773,-80.65913304559021,1,True,False,False,False,"{""theta"": 0.9791602168098241}",[],CONVERGENCE: NORM_OF_PROJECTED_GRADIENT_<=_PGTOL
2011-07-01,AAPL-GOOG,Frank,46.9208820325093,-91.8417640650186,-88.30837457629107,1,True,False,False,False,"{""theta"": 4.225547629224507}",[],CONVERGENCE: NORM_OF_PROJECTED_GRADIENT_<=_PGTOL
2011-07-01,AAPL-GOOG,Gumbel,54.91399362438172,-107.82798724876343,-104.29459776003591,1,True,False,False,False,"{""theta"": 1.6658533872798682}",[],CONVERGENCE: NORM_OF_PROJECTED_GRADIENT_<=_PGTOL
2011-07-01,AAPL-GOOG,CFG,60.43171929036881,-110.86343858073762,-93.19649113710003,5,True,False,False,False,{},"{""Clayton"": 0.36038211111749985, ""Frank"": 5.329070518223615e-15, ""Gumbel"": 0.6396178888824948}",Optimization terminated successfully
2011-07-01,AAPL-GOOG,CtG,63.64743253355712,-115.29486506711424,-94.09452813474913,6,True,True,False,False,{},"{""Clayton"": 0.1293643293509755, ""Student-t"": 0.45300049097119344, ""Gumbel"": 0.41763517967783104}",Optimization terminated successfully
2011-07-01,IBM-SPY,Gaussian,89.81821349302666,-177.63642698605332,-174.1030374973258,1,True,False,False,False,"{""rho"": 0.7216231337955489}",[],CONVERGENCE: NORM_OF_PROJECTED_GRADIENT_<=_PGTOL
2011-07-01,IBM-SPY,Student-t,105.1793389048199,-206.3586778096398,-199.29189883218476,2,True,False,True,True,"{""rho"": 0.7356928041800551, ""nu"": 3.520359057812888}",[],CONVERGENCE: NORM_OF_PROJECTED_GRADIENT_<=_PGTOL
2011-07-01,IBM-SPY,Clayton,92.0370871823642,-182.0741743647284,-178.54078487600088,1,True,False,False,False,"{""theta"": 1.7880173835370605}",[],CONVERGENCE: NORM_OF_PROJECTED_GRADIENT_<=_PGTOL
2011-07-01,IBM-SPY,Frank,87.04521255212983,-172.09042510425965,-168.55703561553213,1,True,False,False,False,"{""theta"": 6.190759669211885}",[],CONVERGENCE: NORM_OF_PROJECTED_GRADIENT_<=_PGTOL
2011-07-01,IBM-SPY,Gumbel,88.0205014577806,-174.0410029155612,-170.50761342683367,1,True,False,False,False,"{""theta"": 1.995817467832424}",[],CONVERGENCE: NORM_OF_PROJECTED_GRADIENT_<=_PGTOL
2011-07-01,IBM-SPY,CFG,101.40141866217164,-192.80283732434327,-175.13588988070566,5,True,False,False,False,{},"{""Clayton"": 0.5644484008238988, ""Frank"": 0.0, ""Gumbel"": 0.4355515991761012}",Optimization terminated successfully
2011-07-01,IBM-SPY,CtG,106.5254082485815,-201.050816497163,-179.85047956479787,6,True,True,False,False,{},"{""Clayton"": 0.24076023293713114, ""Student-t"": 0.7592397651829133, ""Gumbel"": 1.87995563560861e-09}",Optimization terminated successfully
2011-07-01,DIA-SPY,Gaussian,324.10541005353684,-646.2108201070737,-642.6774306183462,1,True,False,False,False,"{""rho"": 0.9620646388969214}",[],CONVERGENCE: NORM_OF_PROJECTED_GRADIENT_<=_PGTOL
2011-07-01,DIA-SPY,Student-t,335.22309316014275,-666.4461863202855,-659.3794073428305,2,True,False,True,True,"{""rho"": 0.9571748566986428, ""nu"": 2.240940595700714}",[],CONVERGENCE: REL_REDUCTION_OF_F_<=_FACTR*EPSMCH
2011-07-01,DIA-SPY,Clayton,284.2297549154033,-566.4595098308066,-562.9261203420791,1,True,False,False,False,"{""theta"": 6.393458646304424}",[],CONVERGENCE: REL_REDUCTION_OF_F_<=_FACTR*EPSMCH
2011-07-01,DIA-SPY,Frank,279.32251450667565,-556.6450290133513,-553.1116395246238,1,True,False,False,False,"{""theta"": 18.712893943911943}",[],CONVERGENCE: NORM_OF_PROJECTED_GRADIENT_<=_PGTOL
2011-07-01,DIA-SPY,Gumbel,320.7264457751118,-639.4528915502236,-635.9195020614961,1,True,False,False,False,"{""theta"": 5.454505881853773}",[],CONVERGENCE: NORM_OF_PROJECTED_GRADIENT_<=_PGTOL
2011-07-01,DIA-SPY,CFG,328.1920719998662,-646.3841439997324,-628.7171965560948,5,True,False,False,False,{},"{""Clayton"": 0.2672295923845176, ""Frank"": 0.031056673463927317, ""Gumbel"": 0.7017137341515551}",Optimization terminated successfully
2011-07-01,DIA-SPY,CtG,338.1040432767431,-664.2080865534862,-643.0077496211211,6,True,True,False,False,{},"{""Clayton"": 0.03836685911606947, ""Student-t"": 0.9616331406368529, ""Gumbel"": 2.4707758061737195e-10}",Optimization terminated successfully
2012-01-01,AAPL-GOOG,Gaussian,61.34172840055809,-120.68345680111618,-117.15402771360476,1,True,False,False,False,"{""rho"": 0.6311644785239775}",[],CONVERGENCE: NORM_OF_PROJECTED_GRADIENT_<=_PGTOL
2012-01-01,AAPL-GOOG,Student-t,65.83130800970577,-127.66261601941153,-120.60375784438868,2,True,False,True,True,"{""rho"": 0.6328370486044588, ""nu"": 5.323314198470406}",[],CONVERGENCE: NORM_OF_PROJECTED_GRADIENT_<=_PGTOL
2012-01-01,AAPL-GOOG,Clayton,58.6517129092549,-115.3034258185098,-111.77399673099838,1,True,False,False,False,"{""theta"": 1.2208495426250516}",[],CONVERGENCE: NORM_OF_PROJECTED_GRADIENT_<=_PGTOL
2012-01-01,AAPL-GOOG,Frank,57.562921254018555,-113.12584250803711,-109.59641342052569,1,True,False,False,False,"{""theta"": 4.711752713199484}",[],CONVERGENCE: NORM_OF_PROJECTED_GRADIENT_<=_PGTOL
2012-01-01,AAPL-GOOG,Gumbel,55.64267648426697,-109.28535296853394,-105.75592388102253,1,True,False,False,False,"{""theta"": 1.68026936331222}",[],CONVERGENCE: NORM_OF_PROJECTED_GRADIENT_<=_PGTOL
2012-01-01,AAPL-GOOG,CFG,66.11375101057871,-122.22750202115742,-104.5803565836003,5,True,False,False,False,{},"{""Clayton"": 0.5228320662082636, ""Frank"": 0.14315263415665422, ""Gumbel"": 0.33401529963508214}",Optimization terminated successfully
2012-01-01,AAPL-GOOG,CtG,67.27477419423604,-122.54954838847209,-101.37297386340356,6,True,True,False,False,{},"{""Clayton"": 0.28809966865469777, ""Student-t"": 0.7119003313453023, ""Gumbel"": 0.0}",Optimization terminated successfully
2012-01-01,IBM-SPY,Gaussian,95.75970688703194,-189.51941377406388,-185.98998468655245,1,True,False,False,False,"{""rho"": 0.7378903124705378}",[],CONVERGENCE: NORM_OF_PROJECTED_GRADIENT_<=_PGTOL
2012-01-01,IBM-SPY,Student-t,111.58934258505111,-219.17868517010223,-212.1198269950794,2,True,False,True,True,"{""rho"": 0.7678378556997147, ""nu"": 4.312677141135622}",[],CONVERGENCE: NORM_OF_PROJECTED_GRADIENT_<=_PGTOL
2012-01-01,IBM-SPY,Clayton,97.01883714585018,-192.03767429170037,-188.50824520418894,1,True,False,False,False,"{""theta"": 1.8890851155014947}",[],CONVERGENCE: NORM_OF_PROJECTED_GRADIENT_<=_PGTOL
2012-01-01,IBM-SPY,Frank,103.941792881918,-205.883585763836,-202.35415667632458,1,True,False,False,False,"{""theta"": 7.107741234681895}",[],CONVERGENCE: NORM_OF_PROJECTED_GRADIENT_<=_PGTOL
2012-01-01,IBM-SPY,Gumbel,92.12341221831016,-182.24682443662033,-178.7173953491089,1,True,False,False,False,"{""theta"": 2.067515872814654}",[],CONVERGENCE: NORM_OF_PROJECTED_GRADIENT_<=_PGTOL
2012-01-01,IBM-SPY,CFG,113.72731291136762,-217.45462582273524,-199.8074803851781,5,True,False,False,False,{},"{""Clayton"": 0.42691586029839035, ""Frank"": 0.5123617115055918, ""Gumbel"": 0.06072242819601781}",Optimization terminated successfully
2012-01-01,IBM-SPY,CtG,114.05565621603499,-216.11131243206998,-194.93473790700145,6,True,True,False,False,{},"{""Clayton"": 0.27993124029257377, ""Student-t"": 0.7055024177920212, ""Gumbel"": 0.014566341915405068}",Optimization terminated successfully
2012-01-01,DIA-SPY,Gaussian,329.3965730734848,-656.7931461469695,-653.2637170594581,1,True,False,False,True,"{""rho"": 0.9640356293696647}",[],CONVERGENCE: REL_REDUCTION_OF_F_<=_FACTR*EPSMCH
2012-01-01,DIA-SPY,Student-t,331.080834865321,-658.161669730642,-651.1028115556192,2,True,False,True,False,"{""rho"": 0.9638334905721394, ""nu"": 8.522541425494577}",[],CONVERGENCE: REL_REDUCTION_OF_F_<=_FACTR*EPSMCH
2012-01-01,DIA-SPY,Clayton,306.17385949561634,-610.3477189912327,-606.8182899037213,1,True,False,False,False,"{""theta"": 7.123632833354284}",[],CONVERGENCE: REL_REDUCTION_OF_F_<=_FACTR*EPSMCH
2012-01-01,DIA-SPY,Frank,298.68749633852707,-595.3749926770541,-591.8455635895427,1,True,False,False,False,"{""theta"": 20.482079591592953}",[],CONVERGENCE: REL_REDUCTION_OF_F_<=_FACTR*EPSMCH
2012-01-01,DIA-SPY,Gumbel,300.52957752309703,-599.0591550461941,-595.5297259586827,1,True,False,False,False,"{""theta"": 5.045676186197186}",[],CONVERGENCE: REL_REDUCTION_OF_F_<=_FACTR*EPSMCH
2012-01-01,DIA-SPY,CFG,323.4581927153999,-636.9163854307998,-619.2692399932426,5,True,False,False,False,{},"{""Clayton"": 0.5223599192854687, ""Frank"": 0.0, ""Gumbel"": 0.47764008071453135}",Optimization terminated successfully
2012-01-01,DIA-SPY,CtG,334.4086922733252,-656.8173845466504,-635.6408100215818,6,True,True,False,False,{},"{""Clayton"": 0.23155475102316678, ""Student-t"": 0.7684452489768333, ""Gumbel"": 0.0}",Optimization terminated successfully
2012-07-01,AAPL-GOOG,Gaussian,58.61738644780526,-115.23477289561052,-111.7053438080991,1,True,False,False,False,"{""rho"": 0.6204025019167719}",[],CONVERGENCE: NORM_OF_PROJECTED_GRADIENT_<=_PGTOL
2012-07-01,AAPL-GOOG,Student-t,62.523698432981135,-121.04739686596227,-113.98853869093942,2,True,False,True,True,"{""rho"": 0.6257329609016169, ""nu"": 6.301724069097965}",[],CONVERGENCE: NORM_OF_PROJECTED_GRADIENT_<=_PGTOL
2012-07-01,AAPL-GOOG,Clayton,59.729115063123146,-117.45823012624629,-113.92880103873487,1,True,False,False,False,"{""theta"": 1.2358346784946794}",[],CONVERGENCE: REL_REDUCTION_OF_F_<=_FACTR*EPSMCH
2012-07-01,AAPL-GOOG,Frank,55.72437662512259,-109.44875325024518,-105.91932416273376,1,True,False,False,False,"{""theta"": 4.588391569305186}",[],CONVERGENCE: NORM_OF_PROJECTED_GRADIENT_<=_PGTOL
2012-07-01,AAPL-GOOG,Gumbel,50.752403150199356,-99.50480630039871,-95.9753772128873,1,True,False,False,False,"{""theta"": 1.6407589275343695}",[],CONVERGENCE: NORM_OF_PROJECTED_GRADIENT_<=_PGTOL
2012-07-01,AAPL-GOOG,CFG,65.03867831736214,-120.07735663472428,-102.43021119716717,5,True,False,False,False,{},"{""Clayton"": 0.652031895426538, ""Frank"": 0.13472306028451536, ""Gumbel"": 0.21324504428894658}",Optimization terminated successfully
2012-07-01,AAPL-GOOG,CtG,65.34404864871577,-118.68809729743154,-97.51152277236301,6,True,True,False,False,{},"{""Clayton"": 0.41353230311241485, ""Student-t"": 0.5864676968875852, ""Gumbel"": 0.0}",Optimization terminated successfully
2012-07-01,IBM-SPY,Gaussian,111.89221285972619,-221.78442571945237,-218.25499663194094,1,True,False,False,False,"{""rho"": 0.77452947370047}",[],CONVERGENCE: NORM_OF_PROJECTED_GRADIENT_<=_PGTOL
2012-07-01,IBM-SPY,Student-t,118.4208123490439,-232.8416246980878,-225.78276652306496,2,True,False,True,True,"{""rho"": 0.7847536804201684, ""nu"": 6.0720702954057195}",[],CONVERGENCE: REL_REDUCTION_OF_F_<=_FACTR*EPSMCH
2012-07-01,IBM-SPY,Clayton,88.9431263305357,-175.8862526610714,-172.35682357355998,1,True,False,False,False,"{""theta"": 1.7375289495910662}",[],CONVERGENCE: REL_REDUCTION_OF_F_<=_FACTR*EPSMCH
2012-07-01,IBM-SPY,Frank,109.485049392813,-216.970098785626,-213.44066969811456,1,True,False,False,False,"{""theta"": 7.273250762876341}",[],CONVERGENCE: NORM_OF_PROJECTED_GRADIENT_<=_PGTOL
2012-07-01,IBM-SPY,Gumbel,110.40657666345379,-218.81315332690758,-215.28372423939615,1,True,False,False,False,"{""theta"": 2.226168941092423}",[],CONVERGENCE: NORM_OF_PROJECTED_GRADIENT_<=_PGTOL
2012-07-01,IBM-SPY,CFG,115.82686781398938,-221.65373562797876,-204.00659019042163,5,True,False,False,False,{},"{""Clayton"": 0.20041666769408853, ""Frank"": 0.20406767735971043, ""Gumbel"": 0.5955156549462011}",Optimization terminated successfully
2012-07-01,IBM-SPY,CtG,119.71057134540663,-227.42114269081327,-206.24456816574474,6,True,True,False,False,{},"{""Clayton"": 0.04016830182682776, ""Student-t"": 0.8125643379350929, ""Gumbel"": 0.1472673602380794}",Optimization terminated successfully
2012-07-01,DIA-SPY,Gaussian,371.3026987111368,-740.6053974222737,-737.0759683347623,1,True,False,False,False,"{""rho"": 0.9743561890783448}",[],CONVERGENCE: NORM_OF_PROJECTED_GRADIENT_<=_PGTOL
2012-07-01,DIA-SPY,Student-t,375.88849323987455,-747.7769864797491,-740.7181283047263,2,True,False,True,True,"{""rho"": 0.9736402099565301, ""nu"": 4.193803695057552}",[],CONVERGENCE: REL_REDUCTION_OF_F_<=_FACTR*EPSMCH
2012-07-01,DIA-SPY,Clayton,318.0024362365266,-634.0048724730532,-630.4754433855418,1,True,False,False,False,"{""theta"": 7.725897629955894}",[],CONVERGENCE: REL_REDUCTION_OF_F_<=_FACTR*EPSMCH
2012-07-01,DIA-SPY,Frank,333.72986877865856,-665.4597375573171,-661.9303084698057,1,True,False,False,False,"{""theta"": 24.300701214146695}",[],CONVERGENCE: NORM_OF_PROJECTED_GRADIENT_<=_PGTOL
2012-07-01,DIA-SPY,Gumbel,361.3585667184868,-720.7171334369737,-717.1877043494623,1,True,False,False,False,"{""theta"": 6.511131798247647}",[],CONVERGENCE: REL_REDUCTION_OF_F_<=_FACTR*EPSMCH
2012-07-01,DIA-SPY,CFG,373.4320396525372,-736.8640793050744,-719.2169338675172,5,True,False,False,False,{},"{""Clayton"": 0.27869621439309405, ""Frank"": 0.0, ""Gumbel"": 0.721303785606906}",Optimization terminated successfully
2012-07-01,DIA-SPY,CtG,381.1976529240292,-750.3953058480585,-729.2187313229899,6,True,True,False,False,{},"{""Clayton"": 0.04213662590095468, ""Student-t"": 0.8041884150772447, ""Gumbel"": 0.15367495902180062}",Optimization terminated successfully
2013-01-01,AAPL-GOOG,Gaussian,24.798167506057045,-47.59633501211409,-44.07487409425184,1,True,False,False,True,"{""rho"": 0.4355621273226612}",[],CONVERGENCE: NORM_OF_PROJECTED_GRADIENT_<=_PGTOL
2013-01-01,AAPL-GOOG,Student-t,26.733265735732182,-49.466531471464364,-42.42360963573987,2,True,False,True,False,"{""rho"": 0.44116306640675257, ""nu"": 7.87537226718289}",[],CONVERGENCE: NORM_OF_PROJECTED_GRADIENT_<=_PGTOL
2013-01-01,AAPL-GOOG,Clayton,24.6288695226877,-47.2577390453754,-43.73627812751316,1,True,False,False,False,"{""theta"": 0.6653626149065641}",[],CONVERGENCE: NORM_OF_PROJECTED_GRADIENT_<=_PGTOL
2013-01-01,AAPL-GOOG,Frank,24.089767811671205,-46.17953562334241,-42.65807470548016,1,True,False,False,False,"{""theta"": 2.821232922658547}",[],CONVERGENCE: NORM_OF_PROJECTED_GRADIENT_<=_PGTOL
2013-01-01,AAPL-GOOG,Gumbel,21.45452914525403,-40.90905829050806,-37.387597372645814,1,True,False,False,False,"{""theta"": 1.353095552215649}",[],CONVERGENCE: NORM_OF_PROJECTED_GRADIENT_<=_PGTOL
2013-01-01,AAPL-GOOG,CFG,27.649802624805567,-45.29960524961113,-27.692300660299903,5,True,False,False,False,{},"{""Clayton"": 0.57556283277074, ""Frank"": 0.2190570591627891, ""Gumbel"": 0.20538010806647086}",Optimization terminated successfully
2013-01-01,AAPL-GOOG,CtG,27.729688540350597,-43.459377080701195,-22.33061157352772,6,True,True,False,False,{},"{""Clayton"": 0.34688118229329057, ""Student-t"": 0.5032800915948691, ""Gumbel"": 0.14983872611184035}",Optimization terminated successfully
2013-01-01,IBM-SPY,Gaussian,89.92101207664096,-177.84202415328193,-174.32056323541968,1,True,False,False,False,"{""rho"": 0.7248343121997823}",[],CONVERGENCE: NORM_OF_PROJECTED_GRADIENT_<=_PGTOL
2013-01-01,IBM-SPY,Student-t,94.51713074206272,-185.03426148412544,-177.99133964840095,2,True,False,True,True,"{""rho"": 0.7307486074037984, ""nu"": 5.75938940950233}",[],CONVERGENCE: REL_REDUCTION_OF_F_<=_FACTR*EPSMCH
2013-01-01,IBM-SPY,Clayton,69.38624327590674,-136.77248655181347,-133.25102563395123,1,True,False,False,False,"{""theta"": 1.4057588897493172}",[],CONVERGENCE: NORM_OF_PROJECTED_GRADIENT_<=_PGTOL
2013-01-01,IBM-SPY,Frank,84.51389143968947,-167.02778287937895,-163.5063219615167,1,True,False,False,False,"{""theta"": 6.056518213620712}",[],CONVERGENCE: NORM_OF_PROJECTED_GRADIENT_<=_PGTOL
2013-01-01,IBM-SPY,Gumbel,90.69201889734201,-179.38403779468402,-175.86257687682178,1,True,False,False,False,"{""theta"": 2.0247722030442974}",[],CONVERGENCE: NORM_OF_PROJECTED_GRADIENT_<=_PGTOL
2013-01-01,IBM-SPY,CFG,94.4647832132856,-178.9295664265712,-161.32226183725996,5,True,False,False,False,{},"{""Clayton"": 0.21707586891091463, ""Frank"": 0.0, ""Gumbel"": 0.7829241310890853}",Optimization terminated successfully
2013-01-01,IBM-SPY,CtG,95.06832093922989,-178.13664187845978,-157.0078763712863,6,True,True,False,False,{},"{""Clayton"": 7.262728317420556e-20, ""Student-t"": 0.8731341817241611, ""Gumbel"": 0.12686581827583887}",Optimization terminated successfully
2013-01-01,DIA-SPY,Gaussian,317.3454041918164,-632.6908083836328,-629.1693474657706,1,True,False,False,True,"{""rho"": 0.9611631993585233}",[],CONVERGENCE: REL_REDUCTION_OF_F_<=_FACTR*EPSMCH
2013-01-01,DIA-SPY,Student-t,319.42011764934864,-634.8402352986973,-627.7973134629727,2,True,False,True,False,"{""rho"": 0.9599924878464035, ""nu"": 5.941931582689822}",[],CONVERGENCE: REL_REDUCTION_OF_F_<=_FACTR*EPSMCH
2013-01-01,DIA-SPY,Clayton,273.3756202081572,-544.7512404163144,-541.2297794984522,1,True,False,False,False,"{""theta"": 6.072801375010124}",[],CONVERGENCE: REL_REDUCTION_OF_F_<=_FACTR*EPSMCH
2013-01-01,DIA-SPY,Frank,275.34512994059753,-548.6902598811951,-545.1687989633328,1,True,False,False,False,"{""theta"": 18.55641308718426}",[],CONVERGENCE: REL_REDUCTION_OF_F_<=_FACTR*EPSMCH
2013-01-01,DIA-SPY,Gumbel,303.85853191907034,-605.7170638381407,-602.1956029202785,1,True,False,False,False,"{""theta"": 5.15485893137593}",[],CONVERGENCE: NORM_OF_PROJECTED_GRADIENT_<=_PGTOL
2013-01-01,DIA-SPY,CFG,310.4012008932393,-610.8024017864786,-593.1950971971675,5,True,False,False,False,{},"{""Clayton"": 0.25961309178814584, ""Frank"": 0.007018344278281289, ""Gumbel"": 0.7333685639335729}",Optimization terminated successfully
2013-01-01,DIA-SPY,CtG,322.85901104081876,-633.7180220816375,-612.589256574464,6,True,True,False,False,{},"{""Clayton"": 0.03734354502531665, ""Student-t"": 0.9626564549571892, ""Gumbel"": 1.749411726592598e-11}",Optimization terminated successfully
2013-07-01,AAPL-GOOG,Gaussian,10.441526266570342,-18.883052533140685,-15.365599636675977,1,True,False,False,False,"{""rho"": 0.2931136436918518}",[],CONVERGENCE: NORM_OF_PROJECTED_GRADIENT_<=_PGTOL
2013-07-01,AAPL-GOOG,Student-t,13.868223664398736,-23.73644732879747,-16.701541535868056,2,True,False,True,True,"{""rho"": 0.28976222301068233, ""nu"": 4.926175732919557}",[],CONVERGENCE: NORM_OF_PROJECTED_GRADIENT_<=_PGTOL
2013-07-01,AAPL-GOOG,Clayton,10.393673470084465,-18.78734694016893,-15.269894043704223,1,True,False,False,False,"{""theta"": 0.3923469881765477}",[],CONVERGENCE: NORM_OF_PROJECTED_GRADIENT_<=_PGTOL
2013-07-01,AAPL-GOOG,Frank,9.75274327525344,-17.50548655050688,-13.988033654042173,1,True,False,False,False,"{""theta"": 1.7757230402257675}",[],CONVERGENCE: NORM_OF_PROJECTED_GRADIENT_<=_PGTOL
2013-07-01,AAPL-GOOG,Gumbel,10.714525067641116,-19.429050135282232,-15.911597238817524,1,True,False,False,False,"{""theta"": 1.2220114567300275}",[],CONVERGENCE: NORM_OF_PROJECTED_GRADIENT_<=_PGTOL
2013-07-01,AAPL-GOOG,CFG,12.985092694619398,-15.970185389238797,1.6170790930847403,5,True,False,False,False,{},"{""Clayton"": 0.7085082804622477, ""Frank"": 0.0, ""Gumbel"": 0.2914917195377523}",Optimization terminated successfully
2013-07-01,AAPL-GOOG,CtG,14.411288248753817,-16.822576497507633,4.282140881280611,6,True,True,False,False,{},"{""Clayton"": 0.5171335682252135, ""Student-t"": 0.06889468565151743, ""Gumbel"": 0.41397174612326904}",Optimization terminated successfully
2013-07-01,IBM-SPY,Gaussian,84.11582305040449,-166.23164610080897,-162.71419320434427,1,True,False,False,False,"{""rho"": 0.7098277314191244}",[],CONVERGENCE: NORM_OF_PROJECTED_GRADIENT_<=_PGTOL
2013-07-01,IBM-SPY,Student-t,91.91745269714117,-179.83490539428234,-172.79999960135294,2,True,False,True,True,"{""rho"": 0.7289590136515255, ""nu"": 4.673265082072667}",[],CONVERGENCE: NORM_OF_PROJECTED_GRADIENT_<=_PGTOL
2013-07-01,IBM-SPY,Clayton,64.00033688454764,-126.00067376909527,-122.48322087263057,1,True,False,False,False,"{""theta"": 1.357991298322896}",[],CONVERGENCE: REL_REDUCTION_OF_F_<=_FACTR*EPSMCH
2013-07-01,IBM-SPY,Frank,86.76982800359372,-171.53965600718743,-168.02220311072273,1,True,False,False,False,"{""theta"": 6.265430258109345}",[],CONVERGENCE: NORM_OF_PROJECTED_GRADIENT_<=_PGTOL
2013-07-01,IBM-SPY,Gumbel,87.80401253675127,-173.60802507350255,-170.09057217703784,1,True,False,False,False,"{""theta"": 2.0117071919616163}",[],CONVERGENCE: NORM_OF_PROJECTED_GRADIENT_<=_PGTOL
2013-07-01,IBM-SPY,CFG,93.95122164948765,-177.9024432989753,-160.31517881665175,5,True,True,False,False,{},"{""Clayton"": 0.21367681178871978, ""Frank"": 0.12513604966700811, ""Gumbel"": 0.6611871385442721}",Optimization terminated successfully
2013-07-01,IBM-SPY,CtG,93.51061848353072,-175.02123696706144,-153.9165195882732,6,True,False,False,False,{},"{""Clayton"": 0.18955093801701492, ""Student-t"": 0.22729980454456647, ""Gumbel"": 0.5831492574384186}",Optimization terminated successfully
2013-07-01,DIA-SPY,Gaussian,299.07931073545956,-596.1586214709191,-592.6411685744544,1,True,False,False,False,"{""rho"": 0.9553447817340533}",[],CONVERGENCE: REL_REDUCTION_OF_F_<=_FACTR*EPSMCH
2013-07-01,DIA-SPY,Student-t,304.1317579762971,-604.2635159525942,-597.2286101596648,2,True,True,True,True,"{""rho"": 0.9533331555566609, ""nu"": 4.312339254218314}",[],CONVERGENCE: NORM_OF_PROJECTED_GRADIENT_<=_PGTOL
2013-07-01,DIA-SPY,Clayton,260.51333808536674,-519.0266761707335,-515.5092232742687,1,True,False,False,False,"{""theta"": 5.627084801185635}",[],CONVERGENCE: REL_REDUCTION_OF_F_<=_FACTR*EPSMCH
2013-07-01,DIA-SPY,Frank,256.2556377336411,-510.5112754672822,-506.9938225708175,1,True,False,False,False,"{""theta"": 16.953500526609457}",[],CONVERGENCE: NORM_OF_PROJECTED_GRADIENT_<=_PGTOL
2013-07-01,DIA-SPY,Gumbel,289.8954433150627,-577.7908866301254,-574.2734337336607,1,True,False,False,False,"{""theta"": 4.875268127915375}",[],CONVERGENCE: NORM_OF_PROJECTED_GRADIENT_<=_PGTOL
2013-07-01,DIA-SPY,CFG,295.28274093489296,-580.5654818697859,-562.9782173874623,5,True,False,False,False,{},"{""Clayton"": 0.2796691954299303, ""Frank"": 9.401936392598959e-15, ""Gumbel"": 0.7203308045700603}",Optimization terminated successfully
2013-07-01,DIA-SPY,CtG,304.1317579762971,-596.2635159525942,-575.1587985738059,6,True,False,False,False,{},"{""Clayton"": 0.0, ""Student-t"": 1.0, ""Gumbel"": 0.0}",Retained nested Student-t fit
2014-01-01,AAPL-GOOG,Gaussian,6.59168344387729,-11.18336688775458,-7.653937800243157,1,True,False,False,False,"{""rho"": 0.2337388506044768}",[],CONVERGENCE: NORM_OF_PROJECTED_GRADIENT_<=_PGTOL
2014-01-01,AAPL-GOOG,Student-t,13.25400448128196,-22.50800896256392,-15.449150787541074,2,True,False,True,False,"{""rho"": 0.25759462953376017, ""nu"": 3.4146014925162698}",[],CONVERGENCE: NORM_OF_PROJECTED_GRADIENT_<=_PGTOL
2014-01-01,AAPL-GOOG,Clayton,10.495223814078718,-18.990447628157437,-15.461018540646013,1,True,False,False,True,"{""theta"": 0.40429813938380926}",[],CONVERGENCE: REL_REDUCTION_OF_F_<=_FACTR*EPSMCH
2014-01-01,AAPL-GOOG,Frank,7.442885399638925,-12.88577079927785,-9.356341711766426,1,True,False,False,False,"{""theta"": 1.5499025616270816}",[],CONVERGENCE: NORM_OF_PROJECTED_GRADIENT_<=_PGTOL
2014-01-01,AAPL-GOOG,Gumbel,5.478144294491081,-8.956288588982162,-5.426859501470738,1,True,False,False,False,"{""theta"": 1.1639422018547187}",[],CONVERGENCE: NORM_OF_PROJECTED_GRADIENT_<=_PGTOL
2014-01-01,AAPL-GOOG,CFG,15.885686847704935,-21.77137369540987,-4.124228257852753,5,True,False,False,False,{},"{""Clayton"": 0.4264135753795789, ""Frank"": 2.2149625916022957e-09, ""Gumbel"": 0.5735864224054585}",Optimization terminated successfully
2014-01-01,AAPL-GOOG,CtG,18.19707822684932,-24.394156453698642,-3.2175819286301035,6,True,True,False,False,{},"{""Clayton"": 0.5080656042265943, ""Student-t"": 0.08735438877570527, ""Gumbel"": 0.4045800069977004}",Optimization terminated successfully
2014-01-01,IBM-SPY,Gaussian,50.41595576576185,-98.8319115315237,-95.30248244401228,1,True,False,False,False,"{""rho"": 0.5851571587301377}",[],CONVERGENCE: NORM_OF_PROJECTED_GRADIENT_<=_PGTOL
2014-01-01,IBM-SPY,Student-t,52.936758706982154,-101.87351741396431,-94.81465923894146,2,True,False,False,False,"{""rho"": 0.6020404289817279, ""nu"": 8.877345082668723}",[],CONVERGENCE: NORM_OF_PROJECTED_GRADIENT_<=_PGTOL
2014-01-01,IBM-SPY,Clayton,39.360416111136786,-76.72083222227357,-73.19140313476215,1,True,False,False,False,"{""theta"": 0.9359128705793833}",[],CONVERGENCE: NORM_OF_PROJECTED_GRADIENT_<=_PGTOL
2014-01-01,IBM-SPY,Frank,55.28817545496591,-108.57635090993182,-105.0469218224204,1,True,False,True,True,"{""theta"": 4.590752070311267}",[],CONVERGENCE: NORM_OF_PROJECTED_GRADIENT_<=_PGTOL
2014-01-01,IBM-SPY,Gumbel,46.81336426048898,-91.62672852097796,-88.09729943346655,1,True,False,False,False,"{""theta"": 1.6088290406363397}",[],CONVERGENCE: NORM_OF_PROJECTED_GRADIENT_<=_PGTOL
2014-01-01,IBM-SPY,CFG,56.826292786940265,-103.65258557388053,-86.00544013632341,5,True,True,False,False,{},"{""Clayton"": 0.018775048788556837, ""Frank"": 0.7466745964144124, ""Gumbel"": 0.2345503547970308}",Optimization terminated successfully
2014-01-01,IBM-SPY,CtG,54.35802190158262,-96.71604380316523,-75.5394692780967,6,True,False,False,False,{},"{""Clayton"": 0.07312287818204512, ""Student-t"": 0.7426393811198846, ""Gumbel"": 0.1842377406980703}",Optimization terminated successfully
2014-01-01,DIA-SPY,Gaussian,280.4577149658793,-558.9154299317586,-555.3860008442472,1,True,False,False,True,"{""rho"": 0.9464501898856792}",[],CONVERGENCE: NORM_OF_PROJECTED_GRADIENT_<=_PGTOL
2014-01-01,DIA-SPY,Student-t,282.3578138078891,-560.7156276157782,-553.6567694407554,2,True,False,True,False,"{""rho"": 0.9460851222555335, ""nu"": 8.501510623686988}",[],CONVERGENCE: NORM_OF_PROJECTED_GRADIENT_<=_PGTOL
2014-01-01,DIA-SPY,Clayton,253.49577807284916,-504.9915561456983,-501.4621270581869,1,True,False,False,False,"{""theta"": 5.307921152613393}",[],CONVERGENCE: REL_REDUCTION_OF_F_<=_FACTR*EPSMCH
2014-01-01,DIA-SPY,Frank,251.104545316054,-500.209090632108,-496.67966154459657,1,True,False,False,False,"{""theta"": 16.110845679797936}",[],CONVERGENCE: NORM_OF_PROJECTED_GRADIENT_<=_PGTOL
2014-01-01,DIA-SPY,Gumbel,258.5552397779349,-515.1104795558698,-511.5810504683584,1,True,False,False,False,"{""theta"": 4.231653058892194}",[],CONVERGENCE: NORM_OF_PROJECTED_GRADIENT_<=_PGTOL
2014-01-01,DIA-SPY,CFG,276.2087353353269,-542.4174706706538,-524.7703252330966,5,True,False,False,False,{},"{""Clayton"": 0.45258551234967337, ""Frank"": 0.0, ""Gumbel"": 0.5474144876503266}",Optimization terminated successfully
2014-01-01,DIA-SPY,CtG,284.5836753843921,-557.1673507687842,-535.9907762437157,6,True,True,False,False,{},"{""Clayton"": 0.18541817788817821, ""Student-t"": 0.8145818221118218, ""Gumbel"": 0.0}",Optimization terminated successfully
2014-07-01,AAPL-GOOG,Gaussian,11.258236754749298,-20.516473509498596,-16.98704442198717,1,True,False,False,False,"{""rho"": 0.3019316967523838}",[],CONVERGENCE: NORM_OF_PROJECTED_GRADIENT_<=_PGTOL
2014-07-01,AAPL-GOOG,Student-t,13.434805129144273,-22.869610258288546,-15.8107520832657,2,True,False,False,False,"{""rho"": 0.31519054625510645, ""nu"": 7.140310749020202}",[],CONVERGENCE: NORM_OF_PROJECTED_GRADIENT_<=_PGTOL
2014-07-01,AAPL-GOOG,Clayton,15.600702350605596,-29.201404701211192,-25.671975613699768,1,True,False,True,True,"{""theta"": 0.5106348964427365}",[],CONVERGENCE: NORM_OF_PROJECTED_GRADIENT_<=_PGTOL
2014-07-01,AAPL-GOOG,Frank,12.084830732733401,-22.169661465466802,-18.64023237795538,1,True,False,False,False,"{""theta"": 1.9450055400524846}",[],CONVERGENCE: NORM_OF_PROJECTED_GRADIENT_<=_PGTOL
2014-07-01,AAPL-GOOG,Gumbel,6.92355858334515,-11.8471171666903,-8.317688079178875,1,True,False,False,False,"{""theta"": 1.191990814636206}",[],CONVERGENCE: NORM_OF_PROJECTED_GRADIENT_<=_PGTOL
2014-07-01,AAPL-GOOG,CFG,18.083226444536763,-26.166452889073526,-8.519307451516408,5,True,False,False,False,{},"{""Clayton"": 0.6119023550126701, ""Frank"": 0.38409939990229885, ""Gumbel"": 0.003998245085031049}",Optimization terminated successfully
2014-07-01,AAPL-GOOG,CtG,18.742624746885756,-25.485249493771512,-4.308674968702974,6,True,True,False,False,{},"{""Clayton"": 0.7921849413315804, ""Student-t"": 0.20781505866841968, ""Gumbel"": 0.0}",Optimization terminated successfully
2014-07-01,IBM-SPY,Gaussian,46.42400485664041,-90.84800971328082,-87.3185806257694,1,True,False,False,False,"{""rho"": 0.5662315973670901}",[],CONVERGENCE: NORM_OF_PROJECTED_GRADIENT_<=_PGTOL
2014-07-01,IBM-SPY,Student-t,48.76525339308458,-93.53050678616916,-86.4716486111463,2,True,False,False,False,"{""rho"": 0.5801144299826434, ""nu"": 8.39879791189566}",[],CONVERGENCE: REL_REDUCTION_OF_F_<=_FACTR*EPSMCH
2014-07-01,IBM-SPY,Clayton,34.66954741132375,-67.3390948226475,-63.80966573513607,1,True,False,False,False,"{""theta"": 0.868005462774071}",[],CONVERGENCE: NORM_OF_PROJECTED_GRADIENT_<=_PGTOL
2014-07-01,IBM-SPY,Frank,48.90215463501629,-95.80430927003258,-92.27488018252116,1,True,False,True,True,"{""theta"": 4.23980802834244}",[],CONVERGENCE: NORM_OF_PROJECTED_GRADIENT_<=_PGTOL
2014-07-01,IBM-SPY,Gumbel,44.27434080315422,-86.54868160630843,-83.01925251879702,1,True,False,False,False,"{""theta"": 1.5769688105369}",[],CONVERGENCE: NORM_OF_PROJECTED_GRADIENT_<=_PGTOL
2014-07-01,IBM-SPY,CFG,50.14819805964167,-90.29639611928334,-72.64925068172623,5,True,True,False,False,{},"{""Clayton"": 0.07552328653315073, ""Frank"": 0.5695635720982616, ""Gumbel"": 0.35491314136858765}",Optimization terminated successfully
2014-07-01,IBM-SPY,CtG,49.82586394818736,-87.65172789637472,-66.47515337130619,6,True,False,False,False,{},"{""Clayton"": 0.050438207949545184, ""Student-t"": 0.6604189252788006, ""Gumbel"": 0.28914286677165413}",Optimization terminated successfully
2014-07-01,DIA-SPY,Gaussian,284.3585157806076,-566.7170315612152,-563.1876024737038,1,True,False,False,True,"{""rho"": 0.9481308398158453}",[],CONVERGENCE: REL_REDUCTION_OF_F_<=_FACTR*EPSMCH
2014-07-01,DIA-SPY,Student-t,286.1112624468545,-568.222524893709,-561.1636667186862,2,True,False,True,False,"{""rho"": 0.9482326000268096, ""nu"": 10.70706994251985}",[],CONVERGENCE: REL_REDUCTION_OF_F_<=_FACTR*EPSMCH
2014-07-01,DIA-SPY,Clayton,247.94642561175223,-493.89285122350446,-490.36342213599306,1,True,False,False,False,"{""theta"": 5.169720694199176}",[],CONVERGENCE: REL_REDUCTION_OF_F_<=_FACTR*EPSMCH
2014-07-01,DIA-SPY,Frank,256.2618456239484,-510.52369124789675,-506.99426216038535,1,True,False,False,False,"{""theta"": 16.63109125637489}",[],CONVERGENCE: REL_REDUCTION_OF_F_<=_FACTR*EPSMCH
2014-07-01,DIA-SPY,Gumbel,263.1834190335706,-524.3668380671412,-520.8374089796298,1,True,False,False,False,"{""theta"": 4.307045825603098}",[],CONVERGENCE: NORM_OF_PROJECTED_GRADIENT_<=_PGTOL
2014-07-01,DIA-SPY,CFG,274.13172618583934,-538.2634523716787,-520.6163069341216,5,True,False,False,False,{},"{""Clayton"": 0.3475428505855017, ""Frank"": 5.164226688317798e-18, ""Gumbel"": 0.6524571494144983}",Optimization terminated successfully
2014-07-01,DIA-SPY,CtG,289.6012176421329,-567.2024352842658,-546.0258607591973,6,True,True,False,False,{},"{""Clayton"": 0.029653576017131176, ""Student-t"": 0.9703464239828604, ""Gumbel"": 8.43769498715119e-15}",Optimization terminated successfully
2015-01-01,AAPL-GOOG,Gaussian,16.042678625025538,-30.085357250051075,-26.55592816253965,1,True,False,False,False,"{""rho"": 0.3562637154011382}",[],CONVERGENCE: NORM_OF_PROJECTED_GRADIENT_<=_PGTOL
2015-01-01,AAPL-GOOG,Student-t,16.050997502096372,-28.101995004192744,-21.043136829169896,2,True,False,False,False,"{""rho"": 0.35655401142429904, ""nu"": 119.27918349148631}",[],CONVERGENCE: REL_REDUCTION_OF_F_<=_FACTR*EPSMCH
2015-01-01,AAPL-GOOG,Clayton,18.10111026132082,-34.20222052264164,-30.672791435130215,1,True,False,True,True,"{""theta"": 0.5374208945279131}",[],CONVERGENCE: NORM_OF_PROJECTED_GRADIENT_<=_PGTOL
2015-01-01,AAPL-GOOG,Frank,14.439054954157369,-26.878109908314737,-23.348680820803313,1,True,False,False,False,"{""theta"": 2.1120593882580327}",[],CONVERGENCE: NORM_OF_PROJECTED_GRADIENT_<=_PGTOL
2015-01-01,AAPL-GOOG,Gumbel,10.206228390435697,-18.412456780871395,-14.88302769335997,1,True,False,False,False,"{""theta"": 1.2315618581397172}",[],CONVERGENCE: NORM_OF_PROJECTED_GRADIENT_<=_PGTOL
2015-01-01,AAPL-GOOG,CFG,18.37742795415646,-26.75485590831292,-9.107710470755801,5,True,False,False,False,{},"{""Clayton"": 0.8214292977226602, ""Frank"": 0.07065212296690927, ""Gumbel"": 0.10791857931043057}",Optimization terminated successfully
2015-01-01,AAPL-GOOG,CtG,18.42506292345879,-24.850125846917578,-3.6735513218490397,6,True,True,False,False,{},"{""Clayton"": 0.7392205086391934, ""Student-t"": 0.16733110198720755, ""Gumbel"": 0.09344838937359903}",Optimization terminated successfully
2015-01-01,IBM-SPY,Gaussian,59.84153784922763,-117.68307569845526,-114.15364661094384,1,True,False,False,False,"{""rho"": 0.6252920316826694}",[],CONVERGENCE: NORM_OF_PROJECTED_GRADIENT_<=_PGTOL
2015-01-01,IBM-SPY,Student-t,69.86670887455718,-135.73341774911435,-128.67455957409152,2,True,False,True,False,"{""rho"": 0.6592967125976876, ""nu"": 4.534756463561927}",[],CONVERGENCE: NORM_OF_PROJECTED_GRADIENT_<=_PGTOL
2015-01-01,IBM-SPY,Clayton,51.70478725894386,-101.40957451788772,-97.8801454303763,1,True,False,False,False,"{""theta"": 1.1624747453352435}",[],CONVERGENCE: REL_REDUCTION_OF_F_<=_FACTR*EPSMCH
2015-01-01,IBM-SPY,Frank,67.30806374667128,-132.61612749334256,-129.08669840583113,1,True,False,False,True,"{""theta"": 5.254551226702883}",[],CONVERGENCE: NORM_OF_PROJECTED_GRADIENT_<=_PGTOL
2015-01-01,IBM-SPY,Gumbel,60.85082213954422,-119.70164427908844,-116.17221519157702,1,True,False,False,False,"{""theta"": 1.748870002235073}",[],CONVERGENCE: NORM_OF_PROJECTED_GRADIENT_<=_PGTOL
2015-01-01,IBM-SPY,CFG,72.27362187464948,-134.54724374929896,-116.90009831174184,5,True,False,False,False,{},"{""Clayton"": 0.27332391897704805, ""Frank"": 0.37520793210206704, ""Gumbel"": 0.35146814892088496}",Optimization terminated successfully
2015-01-01,IBM-SPY,CtG,72.54805476322367,-133.09610952644735,-111.91953500137882,6,True,True,False,False,{},"{""Clayton"": 0.3070222047300152, ""Student-t"": 0.28903517999170025, ""Gumbel"": 0.40394261527828457}",Optimization terminated successfully
2015-01-01,DIA-SPY,Gaussian,275.1565326449563,-548.3130652899126,-544.7836362024012,1,True,False,False,False,"{""rho"": 0.9440756844731611}",[],CONVERGENCE: REL_REDUCTION_OF_F_<=_FACTR*EPSMCH
2015-01-01,DIA-SPY,Student-t,278.1096711143693,-552.2193422287386,-545.1604840537158,2,True,False,True,True,"{""rho"": 0.9447642738247365, ""nu"": 7.842607469966913}",[],CONVERGENCE: REL_REDUCTION_OF_F_<=_FACTR*EPSMCH
2015-01-01,DIA-SPY,Clayton,248.56203040849854,-495.1240608169971,-491.5946317294857,1,True,False,False,False,"{""theta"": 5.176172539324165}",[],CONVERGENCE: REL_REDUCTION_OF_F_<=_FACTR*EPSMCH
2015-01-01,DIA-SPY,Frank,250.47360032215653,-498.94720064431306,-495.41777155680165,1,True,False,False,False,"{""theta"": 16.228246269079147}",[],CONVERGENCE: NORM_OF_PROJECTED_GRADIENT_<=_PGTOL
2015-01-01,DIA-SPY,Gumbel,251.95651754721968,-501.91303509443935,-498.38360600692795,1,True,False,False,False,"{""theta"": 4.165855722722849}",[],CONVERGENCE: NORM_OF_PROJECTED_GRADIENT_<=_PGTOL
2015-01-01,DIA-SPY,CFG,270.93378579466435,-531.8675715893287,-514.2204261517716,5,True,False,False,False,{},"{""Clayton"": 0.3808218159591117, ""Frank"": 0.075071263688862, ""Gumbel"": 0.5441069203520263}",Optimization terminated successfully
2015-01-01,DIA-SPY,CtG,280.1897796635279,-548.3795593270557,-527.2029848019872,6,True,True,False,False,{},"{""Clayton"": 0.1232662119535632, ""Student-t"": 0.8767337880463835, ""Gumbel"": 5.3290705182007514e-14}",Optimization terminated successfully
2015-07-01,AAPL-GOOG,Gaussian,20.98767552642868,-39.97535105285736,-36.44592196534594,1,True,False,False,False,"{""rho"": 0.4027555778550492}",[],CONVERGENCE: NORM_OF_PROJECTED_GRADIENT_<=_PGTOL
2015-07-01,AAPL-GOOG,Student-t,22.914743189488192,-41.829486378976384,-34.770628203953535,2,True,False,False,False,"{""rho"": 0.4051922331022992, ""nu"": 6.971287248802462}",[],CONVERGENCE: REL_REDUCTION_OF_F_<=_FACTR*EPSMCH
2015-07-01,AAPL-GOOG,Clayton,25.575010675008052,-49.150021350016104,-45.62059226250468,1,True,False,True,True,"{""theta"": 0.673708881500366}",[],CONVERGENCE: REL_REDUCTION_OF_F_<=_FACTR*EPSMCH
2015-07-01,AAPL-GOOG,Frank,19.134512059416227,-36.269024118832455,-32.73959503132103,1,True,False,False,False,"{""theta"": 2.4812901160768863}",[],CONVERGENCE: NORM_OF_PROJECTED_GRADIENT_<=_PGTOL
2015-07-01,AAPL-GOOG,Gumbel,16.188456384035497,-30.376912768070994,-26.84748368055957,1,True,False,False,False,"{""theta"": 1.3038111277314366}",[],CONVERGENCE: NORM_OF_PROJECTED_GRADIENT_<=_PGTOL
2015-07-01,AAPL-GOOG,CFG,26.695685456739,-43.391370913478,-25.74422547592088,5,True,False,False,False,{},"{""Clayton"": 0.7901419004054118, ""Frank"": 0.13897362369143154, ""Gumbel"": 0.07088447590315669}",Optimization terminated successfully
2015-07-01,AAPL-GOOG,CtG,26.743354953386387,-41.486709906772774,-20.310135381704235,6,True,True,False,False,{},"{""Clayton"": 0.7399187350330546, ""Student-t"": 0.1935518063495063, ""Gumbel"": 0.06652945861743909}",Optimization terminated successfully
2015-07-01,IBM-SPY,Gaussian,79.21764789491385,-156.4352957898277,-152.90586670231627,1,True,False,False,False,"{""rho"": 0.6924384802336175}",[],CONVERGENCE: NORM_OF_PROJECTED_GRADIENT_<=_PGTOL
2015-07-01,IBM-SPY,Student-t,91.05921570341914,-178.11843140683828,-171.05957323181545,2,True,False,True,True,"{""rho"": 0.7236569975377593, ""nu"": 4.459713839068154}",[],CONVERGENCE: NORM_OF_PROJECTED_GRADIENT_<=_PGTOL
2015-07-01,IBM-SPY,Clayton,78.45680467408181,-154.91360934816362,-151.3841802606522,1,True,False,False,False,"{""theta"": 1.6034540156641202}",[],CONVERGENCE: NORM_OF_PROJECTED_GRADIENT_<=_PGTOL
2015-07-01,IBM-SPY,Frank,87.03526490677048,-172.07052981354096,-168.54110072602953,1,True,False,False,False,"{""theta"": 6.255247534104393}",[],CONVERGENCE: NORM_OF_PROJECTED_GRADIENT_<=_PGTOL
2015-07-01,IBM-SPY,Gumbel,74.8137960324581,-147.6275920649162,-144.09816297740477,1,True,False,False,False,"{""theta"": 1.8945785557353931}",[],CONVERGENCE: NORM_OF_PROJECTED_GRADIENT_<=_PGTOL
2015-07-01,IBM-SPY,CFG,94.92225658319252,-179.84451316638504,-162.1973677288279,5,True,False,False,False,{},"{""Clayton"": 0.47939162009056724, ""Frank"": 0.4179108231115722, ""Gumbel"": 0.10269755679786058}",Optimization terminated successfully
2015-07-01,IBM-SPY,CtG,95.11130635504136,-178.22261271008273,-157.0460381850142,6,True,True,False,False,{},"{""Clayton"": 0.37701149630464365, ""Student-t"": 0.6229885036953564, ""Gumbel"": 0.0}",Optimization terminated successfully
2015-07-01,DIA-SPY,Gaussian,321.74692634557834,-641.4938526911567,-637.9644236036453,1,True,False,False,False,"{""rho"": 0.9617363400310266}",[],CONVERGENCE: NORM_OF_PROJECTED_GRADIENT_<=_PGTOL
2015-07-01,DIA-SPY,Student-t,325.1157499131917,-646.2314998263834,-639.1726416513605,2,True,False,True,True,"{""rho"": 0.9623178505503754, ""nu"": 6.970048718867253}",[],CONVERGENCE: REL_REDUCTION_OF_F_<=_FACTR*EPSMCH
2015-07-01,DIA-SPY,Clayton,288.7598798300817,-575.5197596601633,-571.9903305726519,1,True,False,False,False,"{""theta"": 6.539176571120215}",[],CONVERGENCE: REL_REDUCTION_OF_F_<=_FACTR*EPSMCH
2015-07-01,DIA-SPY,Frank,299.641278057812,-597.282556115624,-593.7531270281125,1,True,False,False,False,"{""theta"": 20.706847510891656}",[],CONVERGENCE: NORM_OF_PROJECTED_GRADIENT_<=_PGTOL
2015-07-01,DIA-SPY,Gumbel,297.6356086556853,-593.2712173113706,-589.7417882238592,1,True,False,False,False,"{""theta"": 5.049434367320175}",[],CONVERGENCE: NORM_OF_PROJECTED_GRADIENT_<=_PGTOL
2015-07-01,DIA-SPY,CFG,320.4689459793557,-630.9378919587114,-613.2907465211542,5,True,False,False,False,{},"{""Clayton"": 0.3628594357540314, ""Frank"": 0.04056248755149177, ""Gumbel"": 0.5965780766944769}",Optimization terminated successfully
2015-07-01,DIA-SPY,CtG,329.9473182100325,-647.894636420065,-626.7180618949965,6,True,True,False,False,{},"{""Clayton"": 0.15890604447852785, ""Student-t"": 0.8153221412432621, ""Gumbel"": 0.02577181427821007}",Optimization terminated successfully
2016-01-01,AAPL-GOOG,Gaussian,23.62879236004819,-45.25758472009638,-41.72815563258496,1,True,False,False,False,"{""rho"": 0.4247377868256631}",[],CONVERGENCE: NORM_OF_PROJECTED_GRADIENT_<=_PGTOL
2016-01-01,AAPL-GOOG,Student-t,32.37647345149414,-60.752946902988285,-53.694088727965436,2,True,False,True,True,"{""rho"": 0.45632205779288365, ""nu"": 3.5349227266893153}",[],CONVERGENCE: NORM_OF_PROJECTED_GRADIENT_<=_PGTOL
2016-01-01,AAPL-GOOG,Clayton,26.897328589755382,-51.794657179510764,-48.26522809199934,1,True,False,False,False,"{""theta"": 0.7382663925873287}",[],CONVERGENCE: NORM_OF_PROJECTED_GRADIENT_<=_PGTOL
2016-01-01,AAPL-GOOG,Frank,25.58175886463587,-49.16351772927174,-45.634088641760314,1,True,False,False,False,"{""theta"": 2.9444291081496554}",[],CONVERGENCE: NORM_OF_PROJECTED_GRADIENT_<=_PGTOL
2016-01-01,AAPL-GOOG,Gumbel,23.308442885520048,-44.616885771040096,-41.08745668352867,1,True,False,False,False,"{""theta"": 1.3812146041304363}",[],CONVERGENCE: NORM_OF_PROJECTED_GRADIENT_<=_PGTOL
2016-01-01,AAPL-GOOG,CFG,34.77758765598826,-59.55517531197653,-41.90802987441941,5,True,False,False,False,{},"{""Clayton"": 0.41187697001113954, ""Frank"": 0.34387451530422436, ""Gumbel"": 0.2442485146846361}",Optimization terminated successfully
2016-01-01,AAPL-GOOG,CtG,35.20873240438361,-58.41746480876722,-37.24089028369868,6,True,True,False,False,{},"{""Clayton"": 0.45652070168586495, ""Student-t"": 0.21856469562404082, ""Gumbel"": 0.3249146026900942}",Optimization terminated successfully
2016-01-01,IBM-SPY,Gaussian,101.51732519369396,-201.03465038738793,-197.5052212998765,1,True,False,False,False,"{""rho"": 0.7517352591425295}",[],CONVERGENCE: NORM_OF_PROJECTED_GRADIENT_<=_PGTOL
2016-01-01,IBM-SPY,Student-t,103.17131469741071,-202.34262939482142,-195.28377121979858,2,True,False,False,False,"{""rho"": 0.7616276648893847, ""nu"": 11.389323341580296}",[],CONVERGENCE: REL_REDUCTION_OF_F_<=_FACTR*EPSMCH
2016-01-01,IBM-SPY,Clayton,87.07448475124694,-172.14896950249388,-168.61954041498245,1,True,False,False,False,"{""theta"": 1.7520169008437994}",[],CONVERGENCE: NORM_OF_PROJECTED_GRADIENT_<=_PGTOL
2016-01-01,IBM-SPY,Frank,111.55289965412489,-221.10579930824977,-217.57637022073834,1,True,False,True,True,"{""theta"": 7.379811570946489}",[],CONVERGENCE: NORM_OF_PROJECTED_GRADIENT_<=_PGTOL
2016-01-01,IBM-SPY,Gumbel,87.25930089853392,-172.51860179706784,-168.9891727095564,1,True,False,False,False,"{""theta"": 2.017628070991016}",[],CONVERGENCE: NORM_OF_PROJECTED_GRADIENT_<=_PGTOL
2016-01-01,IBM-SPY,CFG,115.39113587798819,-220.78227175597638,-203.13512631841925,5,True,True,False,False,{},"{""Clayton"": 0.356530521390272, ""Frank"": 0.6386553972910074, ""Gumbel"": 0.00481408131872052}",Optimization terminated successfully
2016-01-01,IBM-SPY,CtG,111.71714794895212,-211.43429589790424,-190.2577213728357,6,True,False,False,False,{},"{""Clayton"": 0.4700006374742326, ""Student-t"": 0.3173280856966557, ""Gumbel"": 0.2126712768291117}",Optimization terminated successfully
2016-01-01,DIA-SPY,Gaussian,305.2561530317939,-608.5123060635877,-604.9828769760763,1,True,False,False,False,"{""rho"": 0.9562543961974016}",[],CONVERGENCE: NORM_OF_PROJECTED_GRADIENT_<=_PGTOL
2016-01-01,DIA-SPY,Student-t,309.3713967911458,-614.7427935822916,-607.6839354072688,2,True,False,True,True,"{""rho"": 0.9579703927128462, ""nu"": 7.685085158472179}",[],CONVERGENCE: REL_REDUCTION_OF_F_<=_FACTR*EPSMCH
2016-01-01,DIA-SPY,Clayton,262.0118607275295,-522.023721455059,-518.4942923675476,1,True,False,False,False,"{""theta"": 5.786515151082353}",[],CONVERGENCE: REL_REDUCTION_OF_F_<=_FACTR*EPSMCH
2016-01-01,DIA-SPY,Frank,295.73083488075963,-589.4616697615193,-585.9322406740079,1,True,False,False,False,"{""theta"": 20.40013569699561}",[],CONVERGENCE: NORM_OF_PROJECTED_GRADIENT_<=_PGTOL
2016-01-01,DIA-SPY,Gumbel,285.53523428497283,-569.0704685699457,-565.5410394824343,1,True,False,False,False,"{""theta"": 4.822365359844661}",[],CONVERGENCE: NORM_OF_PROJECTED_GRADIENT_<=_PGTOL
2016-01-01,DIA-SPY,CFG,310.81325501549634,-611.6265100309927,-593.9793645934355,5,True,False,False,False,{},"{""Clayton"": 0.2105063702486806, ""Frank"": 0.23419821892446183, ""Gumbel"": 0.5552954108268576}",Optimization terminated successfully
2016-01-01,DIA-SPY,CtG,317.12014374772775,-622.2402874954555,-601.063712970387,6,True,True,False,False,{},"{""Clayton"": 0.18538735078590077, ""Student-t"": 0.8027891549867756, ""Gumbel"": 0.01182349422732365}",Optimization terminated successfully
2016-07-01,AAPL-GOOG,Gaussian,32.71323896258956,-63.426477925179114,-59.89308843645159,1,True,False,False,False,"{""rho"": 0.48874531822116957}",[],CONVERGENCE: NORM_OF_PROJECTED_GRADIENT_<=_PGTOL
2016-07-01,AAPL-GOOG,Student-t,38.72170909393209,-73.44341818786418,-66.37663921040914,2,True,False,True,True,"{""rho"": 0.49787299763552995, ""nu"": 4.225063736354769}",[],CONVERGENCE: NORM_OF_PROJECTED_GRADIENT_<=_PGTOL
2016-07-01,AAPL-GOOG,Clayton,27.237849610553365,-52.47569922110673,-48.94230973237921,1,True,False,False,False,"{""theta"": 0.747409979609452}",[],CONVERGENCE: NORM_OF_PROJECTED_GRADIENT_<=_PGTOL
2016-07-01,AAPL-GOOG,Frank,32.47181331538634,-62.943626630772684,-59.41023714204516,1,True,False,False,False,"{""theta"": 3.3521005369048225}",[],CONVERGENCE: NORM_OF_PROJECTED_GRADIENT_<=_PGTOL
2016-07-01,AAPL-GOOG,Gumbel,33.661071867661185,-65.32214373532237,-61.78875424659485,1,True,False,False,False,"{""theta"": 1.4643765686944932}",[],CONVERGENCE: NORM_OF_PROJECTED_GRADIENT_<=_PGTOL
2016-07-01,AAPL-GOOG,CFG,39.79084778253005,-69.5816955650601,-51.9147481214225,5,True,False,False,False,{},"{""Clayton"": 0.302619832744883, ""Frank"": 4.7987365751705345e-17, ""Gumbel"": 0.697380167255117}",Optimization terminated successfully
2016-07-01,AAPL-GOOG,CtG,43.06012923822379,-74.12025847644757,-52.919921544082456,6,True,True,False,False,{},"{""Clayton"": 0.3136625655967362, ""Student-t"": 0.0368499485590799, ""Gumbel"": 0.6494874858441839}",Optimization terminated successfully
2016-07-01,IBM-SPY,Gaussian,89.82795705253926,-177.65591410507852,-174.122524616351,1,True,False,False,False,"{""rho"": 0.721649107686865}",[],CONVERGENCE: NORM_OF_PROJECTED_GRADIENT_<=_PGTOL
2016-07-01,IBM-SPY,Student-t,97.34120945011546,-190.6824189002309,-183.61563992277587,2,True,False,False,False,"{""rho"": 0.7489745246054339, ""nu"": 5.2170334719547755}",[],CONVERGENCE: NORM_OF_PROJECTED_GRADIENT_<=_PGTOL
2016-07-01,IBM-SPY,Clayton,73.23439335563934,-144.46878671127868,-140.93539722255116,1,True,False,False,False,"{""theta"": 1.4994169885434352}",[],CONVERGENCE: NORM_OF_PROJECTED_GRADIENT_<=_PGTOL
2016-07-01,IBM-SPY,Frank,102.03533330731766,-202.07066661463531,-198.5372771259078,1,True,False,True,True,"{""theta"": 7.057258614355612}",[],CONVERGENCE: NORM_OF_PROJECTED_GRADIENT_<=_PGTOL
2016-07-01,IBM-SPY,Gumbel,87.5046957530387,-173.0093915060774,-169.47600201734988,1,True,False,False,False,"{""theta"": 2.019045216294477}",[],CONVERGENCE: NORM_OF_PROJECTED_GRADIENT_<=_PGTOL
2016-07-01,IBM-SPY,CFG,105.60037607567264,-201.20075215134528,-183.53380470770767,5,True,True,False,False,{},"{""Clayton"": 0.2030763184377711, ""Frank"": 0.6227391821812723, ""Gumbel"": 0.1741844993809566}",Optimization terminated successfully
2016-07-01,IBM-SPY,CtG,101.5923237037548,-191.1846474075096,-169.98431047514447,6,True,False,False,False,{},"{""Clayton"": 0.20546472672847682, ""Student-t"": 0.5044283480880779, ""Gumbel"": 0.2901069251834453}",Optimization terminated successfully
2016-07-01,DIA-SPY,Gaussian,385.48932303427813,-768.9786460685563,-765.4452565798288,1,True,False,False,False,"{""rho"": 0.9768367219751379}",[],CONVERGENCE: REL_REDUCTION_OF_F_<=_FACTR*EPSMCH
2016-07-01,DIA-SPY,Student-t,389.6204020306976,-775.2408040613952,-768.1740250839403,2,True,False,True,True,"{""rho"": 0.977456273198017, ""nu"": 6.356338025068689}",[],CONVERGENCE: REL_REDUCTION_OF_F_<=_FACTR*EPSMCH
2016-07-01,DIA-SPY,Clayton,324.8633733835053,-647.7267467670106,-644.1933572782831,1,True,False,False,False,"{""theta"": 8.129032639679966}",[],CONVERGENCE: NORM_OF_PROJECTED_GRADIENT_<=_PGTOL
2016-07-01,DIA-SPY,Frank,367.01461389649677,-732.0292277929935,-728.495838304266,1,True,False,False,False,"{""theta"": 28.251574240525787}",[],CONVERGENCE: NORM_OF_PROJECTED_GRADIENT_<=_PGTOL
2016-07-01,DIA-SPY,Gumbel,370.0300322993298,-738.0600645986596,-734.5266751099321,1,True,False,False,False,"{""theta"": 6.745387371729525}",[],CONVERGENCE: NORM_OF_PROJECTED_GRADIENT_<=_PGTOL
2016-07-01,DIA-SPY,CFG,385.10963606898656,-760.2192721379731,-742.5523246943355,5,True,False,False,False,{},"{""Clayton"": 0.24235299607923796, ""Frank"": 0.15118780329188242, ""Gumbel"": 0.6064592006288796}",Optimization terminated successfully
2016-07-01,DIA-SPY,CtG,390.94282116590796,-769.8856423318159,-748.6853053994508,6,True,True,False,False,{},"{""Clayton"": 0.10068438167570902, ""Student-t"": 0.7748273636057478, ""Gumbel"": 0.12448825471854319}",Optimization terminated successfully
2017-01-01,AAPL-GOOG,Gaussian,40.003260659089946,-78.00652131817989,-74.47709223066848,1,True,False,False,False,"{""rho"": 0.532865268237128}",[],CONVERGENCE: NORM_OF_PROJECTED_GRADIENT_<=_PGTOL
2017-01-01,AAPL-GOOG,Student-t,42.78416481909418,-81.56832963818836,-74.50947146316551,2,True,False,True,True,"{""rho"": 0.5421732406514592, ""nu"": 5.7240840827287345}",[],CONVERGENCE: NORM_OF_PROJECTED_GRADIENT_<=_PGTOL
2017-01-01,AAPL-GOOG,Clayton,33.94467104881967,-65.88934209763934,-62.35991301012792,1,True,False,False,False,"{""theta"": 0.8485296329476774}",[],CONVERGENCE: NORM_OF_PROJECTED_GRADIENT_<=_PGTOL
2017-01-01,AAPL-GOOG,Frank,39.122756965354746,-76.24551393070949,-72.71608484319808,1,True,False,False,False,"{""theta"": 3.7133175143469415}",[],CONVERGENCE: NORM_OF_PROJECTED_GRADIENT_<=_PGTOL
2017-01-01,AAPL-GOOG,Gumbel,38.46172220257071,-74.92344440514142,-71.39401531763001,1,True,False,False,False,"{""theta"": 1.5207377679024032}",[],CONVERGENCE: NORM_OF_PROJECTED_GRADIENT_<=_PGTOL
2017-01-01,AAPL-GOOG,CFG,44.70444545436837,-79.40889090873674,-61.76174547117962,5,True,False,False,False,{},"{""Clayton"": 0.371772029646068, ""Frank"": 0.0, ""Gumbel"": 0.628227970353932}",Optimization terminated successfully
2017-01-01,AAPL-GOOG,CtG,44.74089589428101,-77.48179178856202,-56.30521726349348,6,True,True,False,False,{},"{""Clayton"": 0.33714013275977034, ""Student-t"": 0.07830013143164902, ""Gumbel"": 0.5845597358085807}",Optimization terminated successfully
2017-01-01,IBM-SPY,Gaussian,64.9570022199553,-127.9140044399106,-124.38457535239918,1,True,False,False,False,"{""rho"": 0.644801700647176}",[],CONVERGENCE: NORM_OF_PROJECTED_GRADIENT_<=_PGTOL
2017-01-01,IBM-SPY,Student-t,75.23333051217462,-146.46666102434924,-139.4078028493264,2,True,False,True,True,"{""rho"": 0.6773053716751076, ""nu"": 3.7723415170620798}",[],CONVERGENCE: NORM_OF_PROJECTED_GRADIENT_<=_PGTOL
2017-01-01,IBM-SPY,Clayton,53.43200576705685,-104.8640115341137,-101.33458244660228,1,True,False,False,False,"{""theta"": 1.1764518571839293}",[],CONVERGENCE: NORM_OF_PROJECTED_GRADIENT_<=_PGTOL
2017-01-01,IBM-SPY,Frank,70.07784586676145,-138.1556917335229,-134.62626264601147,1,True,False,False,False,"{""theta"": 5.44236818495991}",[],CONVERGENCE: NORM_OF_PROJECTED_GRADIENT_<=_PGTOL
2017-01-01,IBM-SPY,Gumbel,68.73728493834389,-135.47456987668778,-131.94514078917635,1,True,False,False,False,"{""theta"": 1.8225775258419392}",[],CONVERGENCE: NORM_OF_PROJECTED_GRADIENT_<=_PGTOL
2017-01-01,IBM-SPY,CFG,77.71058662656193,-145.42117325312387,-127.77402781556675,5,True,False,False,False,{},"{""Clayton"": 0.23840900663385203, ""Frank"": 0.3206351460109518, ""Gumbel"": 0.4409558473551962}",Optimization terminated successfully
2017-01-01,IBM-SPY,CtG,79.90944219512551,-147.81888439025101,-126.64230986518248,6,True,True,False,False,{},"{""Clayton"": 0.039922546624089415, ""Student-t"": 0.6551982790542477, ""Gumbel"": 0.3048791743216629}",Optimization terminated successfully
2017-01-01,DIA-SPY,Gaussian,302.1947248614385,-602.389449722877,-598.8600206353656,1,True,False,False,False,"{""rho"": 0.9551512723978474}",[],CONVERGENCE: REL_REDUCTION_OF_F_<=_FACTR*EPSMCH
2017-01-01,DIA-SPY,Student-t,312.0484370968468,-620.0968741936936,-613.0380160186708,2,True,False,True,True,"{""rho"": 0.9560729736657773, ""nu"": 4.026532260655517}",[],CONVERGENCE: REL_REDUCTION_OF_F_<=_FACTR*EPSMCH
2017-01-01,DIA-SPY,Clayton,261.7523745419012,-521.5047490838024,-517.975319996291,1,True,False,False,False,"{""theta"": 5.6932327690902085}",[],CONVERGENCE: REL_REDUCTION_OF_F_<=_FACTR*EPSMCH
2017-01-01,DIA-SPY,Frank,276.83791742640346,-551.6758348528069,-548.1464057652955,1,True,False,False,False,"{""theta"": 18.762649419234243}",[],CONVERGENCE: REL_REDUCTION_OF_F_<=_FACTR*EPSMCH
2017-01-01,DIA-SPY,Gumbel,295.338526216559,-588.677052433118,-585.1476233456066,1,True,False,False,False,"{""theta"": 4.996968567401738}",[],CONVERGENCE: NORM_OF_PROJECTED_GRADIENT_<=_PGTOL
2017-01-01,DIA-SPY,CFG,304.8593108249411,-599.7186216498822,-582.071476212325,5,True,False,False,False,{},"{""Clayton"": 0.27651553686964947, ""Frank"": 0.039257096970414, ""Gumbel"": 0.6842273661599366}",Optimization terminated successfully
2017-01-01,DIA-SPY,CtG,312.3248202813254,-612.6496405626508,-591.4730660375823,6,True,True,False,False,{},"{""Clayton"": 0.0, ""Student-t"": 0.8995406344662061, ""Gumbel"": 0.10045936553379387}",Optimization terminated successfully
2017-07-01,AAPL-GOOG,Gaussian,41.36902589939616,-80.73805179879233,-77.20862271128091,1,True,False,False,False,"{""rho"": 0.5402955516651472}",[],CONVERGENCE: NORM_OF_PROJECTED_GRADIENT_<=_PGTOL
2017-07-01,AAPL-GOOG,Student-t,42.83223379549805,-81.6644675909961,-74.60560941597325,2,True,False,False,False,"{""rho"": 0.5425879020889844, ""nu"": 8.470765520291069}",[],CONVERGENCE: NORM_OF_PROJECTED_GRADIENT_<=_PGTOL
2017-07-01,AAPL-GOOG,Clayton,46.81737552478032,-91.63475104956063,-88.10532196204922,1,True,False,True,True,"{""theta"": 1.0153503850717278}",[],CONVERGENCE: REL_REDUCTION_OF_F_<=_FACTR*EPSMCH
2017-07-01,AAPL-GOOG,Frank,38.44335701887727,-74.88671403775454,-71.35728495024313,1,True,False,False,False,"{""theta"": 3.623910700859541}",[],CONVERGENCE: NORM_OF_PROJECTED_GRADIENT_<=_PGTOL
2017-07-01,AAPL-GOOG,Gumbel,32.444041918638504,-62.88808383727701,-59.358654749765584,1,True,False,False,False,"{""theta"": 1.4774160731964725}",[],CONVERGENCE: NORM_OF_PROJECTED_GRADIENT_<=_PGTOL
2017-07-01,AAPL-GOOG,CFG,48.086818144845154,-86.17363628969031,-68.5264908521332,5,True,False,False,False,{},"{""Clayton"": 0.7664632096340138, ""Frank"": 5.469559530243126e-18, ""Gumbel"": 0.23353679036598618}",Optimization terminated successfully
2017-07-01,AAPL-GOOG,CtG,48.132462438167764,-84.26492487633553,-63.08835035126699,6,True,True,False,False,{},"{""Clayton"": 0.7138606331426618, ""Student-t"": 0.17121843063811096, ""Gumbel"": 0.11492093621922725}",Optimization terminated successfully
2017-07-01,IBM-SPY,Gaussian,41.41234450902336,-80.82468901804673,-77.29525993053531,1,True,False,False,True,"{""rho"": 0.540528107143989}",[],CONVERGENCE: NORM_OF_PROJECTED_GRADIENT_<=_PGTOL
2017-07-01,IBM-SPY,Student-t,42.16968586207034,-80.33937172414068,-73.28051354911783,2,True,False,True,False,"{""rho"": 0.5424019115910115, ""nu"": 13.191831188508925}",[],CONVERGENCE: REL_REDUCTION_OF_F_<=_FACTR*EPSMCH
2017-07-01,IBM-SPY,Clayton,28.931724821753622,-55.863449643507245,-52.33402055599582,1,True,False,False,False,"{""theta"": 0.7457993090153942}",[],CONVERGENCE: NORM_OF_PROJECTED_GRADIENT_<=_PGTOL
2017-07-01,IBM-SPY,Frank,38.82177384173312,-75.64354768346624,-72.11411859595482,1,True,False,False,False,"{""theta"": 3.65250636053175}",[],CONVERGENCE: NORM_OF_PROJECTED_GRADIENT_<=_PGTOL
2017-07-01,IBM-SPY,Gumbel,40.87126146292723,-79.74252292585446,-76.21309383834304,1,True,False,False,False,"{""theta"": 1.531361999661081}",[],CONVERGENCE: NORM_OF_PROJECTED_GRADIENT_<=_PGTOL
2017-07-01,IBM-SPY,CFG,42.2743352032302,-74.5486704064604,-56.90152496890329,5,True,False,False,False,{},"{""Clayton"": 0.15695421840371962, ""Frank"": 0.16761331817877817, ""Gumbel"": 0.6754324634175022}",Optimization terminated successfully
2017-07-01,IBM-SPY,CtG,42.77292390237796,-73.54584780475592,-52.369273279687384,6,True,True,False,False,{},"{""Clayton"": 0.0, ""Student-t"": 0.5901769484534355, ""Gumbel"": 0.4098230515465645}",Optimization terminated successfully
2017-07-01,DIA-SPY,Gaussian,225.80805043912906,-449.6161008782581,-446.0866717907467,1,True,False,False,False,"{""rho"": 0.9159554508392729}",[],CONVERGENCE: NORM_OF_PROJECTED_GRADIENT_<=_PGTOL
2017-07-01,DIA-SPY,Student-t,235.69126026839064,-467.38252053678127,-460.3236623617584,2,True,False,True,True,"{""rho"": 0.9151878513155141, ""nu"": 3.739325939155283}",[],CONVERGENCE: NORM_OF_PROJECTED_GRADIENT_<=_PGTOL
2017-07-01,DIA-SPY,Clayton,185.52022254497618,-369.04044508995236,-365.51101600244095,1,True,False,False,False,"{""theta"": 3.5967788625024735}",[],CONVERGENCE: NORM_OF_PROJECTED_GRADIENT_<=_PGTOL
2017-07-01,DIA-SPY,Frank,202.23918609348067,-402.47837218696134,-398.94894309944993,1,True,False,False,False,"{""theta"": 12.724502637045731}",[],CONVERGENCE: NORM_OF_PROJECTED_GRADIENT_<=_PGTOL
2017-07-01,DIA-SPY,Gumbel,227.60155899774554,-453.2031179954911,-449.6736889079797,1,True,False,False,False,"{""theta"": 3.710824683659975}",[],CONVERGENCE: NORM_OF_PROJECTED_GRADIENT_<=_PGTOL
2017-07-01,DIA-SPY,CFG,231.1121082529699,-452.2242165059398,-434.5770710683827,5,True,False,False,False,{},"{""Clayton"": 0.1510164609355644, ""Frank"": 0.0, ""Gumbel"": 0.8489835390644356}",Optimization terminated successfully
2017-07-01,DIA-SPY,CtG,235.7112655386294,-459.4225310772588,-438.24595655219025,6,True,True,False,False,{},"{""Clayton"": 5.753983272753949e-13, ""Student-t"": 0.9506811612363796, ""Gumbel"": 0.04931883876304499}",Optimization terminated successfully
2018-01-01,AAPL-GOOG,Gaussian,36.27673350695708,-70.55346701391416,-67.02801407478238,1,True,False,False,False,"{""rho"": 0.5124541389651807}",[],CONVERGENCE: NORM_OF_PROJECTED_GRADIENT_<=_PGTOL
2018-01-01,AAPL-GOOG,Student-t,37.56958858632204,-71.13917717264408,-64.08827129438052,2,True,False,False,False,"{""rho"": 0.5093225546900023, ""nu"": 7.847901642577506}",[],CONVERGENCE: REL_REDUCTION_OF_F_<=_FACTR*EPSMCH
2018-01-01,AAPL-GOOG,Clayton,41.621715558893925,-81.24343111778785,-77.71797817865607,1,True,False,True,True,"{""theta"": 0.9437300553050231}",[],CONVERGENCE: NORM_OF_PROJECTED_GRADIENT_<=_PGTOL
2018-01-01,AAPL-GOOG,Frank,31.975232895711148,-61.950465791422296,-58.425012852290514,1,True,False,False,False,"{""theta"": 3.274752890453648}",[],CONVERGENCE: NORM_OF_PROJECTED_GRADIENT_<=_PGTOL
2018-01-01,AAPL-GOOG,Gumbel,28.46104771677893,-54.92209543355786,-51.396642494426075,1,True,False,False,False,"{""theta"": 1.4265681529092387}",[],CONVERGENCE: NORM_OF_PROJECTED_GRADIENT_<=_PGTOL
2018-01-01,AAPL-GOOG,CFG,43.85783062419547,-77.71566124839094,-60.08839655273203,5,True,True,False,False,{},"{""Clayton"": 0.7333876010257934, ""Frank"": 0.0, ""Gumbel"": 0.26661239897420663}",Optimization terminated successfully
2018-01-01,AAPL-GOOG,CtG,43.85783062407178,-75.71566124814356,-54.56294361335286,6,True,False,False,False,{},"{""Clayton"": 0.7333888406849145, ""Student-t"": 8.442315660279405e-16, ""Gumbel"": 0.26661115931508467}",Optimization terminated successfully
2018-01-01,IBM-SPY,Gaussian,17.751490672600234,-33.50298134520047,-29.977528406068686,1,True,False,False,True,"{""rho"": 0.37395102868198654}",[],CONVERGENCE: NORM_OF_PROJECTED_GRADIENT_<=_PGTOL
2018-01-01,IBM-SPY,Student-t,17.793838038396178,-31.587676076792356,-24.53677019852879,2,True,False,True,False,"{""rho"": 0.3733360095185528, ""nu"": 44.419202706250566}",[],CONVERGENCE: REL_REDUCTION_OF_F_<=_FACTR*EPSMCH
2018-01-01,IBM-SPY,Clayton,12.802239660268759,-23.604479320537518,-20.079026381405733,1,True,False,False,False,"{""theta"": 0.4498539676778562}",[],CONVERGENCE: NORM_OF_PROJECTED_GRADIENT_<=_PGTOL
2018-01-01,IBM-SPY,Frank,15.355979003741613,-28.711958007483226,-25.186505068351444,1,True,False,False,False,"{""theta"": 2.190660228011862}",[],CONVERGENCE: NORM_OF_PROJECTED_GRADIENT_<=_PGTOL
2018-01-01,IBM-SPY,Gumbel,16.326765336704135,-30.65353067340827,-27.128077734276488,1,True,False,False,False,"{""theta"": 1.2862682101144978}",[],CONVERGENCE: NORM_OF_PROJECTED_GRADIENT_<=_PGTOL
2018-01-01,IBM-SPY,CFG,17.665235556850867,-25.330471113701734,-7.703206418042818,5,True,False,False,False,{},"{""Clayton"": 0.306899973014038, ""Frank"": 0.0, ""Gumbel"": 0.693100026985962}",Optimization terminated successfully
2018-01-01,IBM-SPY,CtG,18.832934911184285,-25.66586982236857,-4.513152187577866,6,True,True,False,False,{},"{""Clayton"": 3.535185852992681e-16, ""Student-t"": 0.9154394436168706, ""Gumbel"": 0.08456055638312909}",Optimization terminated successfully
2018-01-01,DIA-SPY,Gaussian,186.10350485978725,-370.2070097195745,-366.6815567804427,1,True,False,False,False,"{""rho"": 0.8833753246511745}",[],CONVERGENCE: NORM_OF_PROJECTED_GRADIENT_<=_PGTOL
2018-01-01,DIA-SPY,Student-t,192.46219216133568,-380.92438432267136,-373.8734784444078,2,True,False,True,True,"{""rho"": 0.8794991528527025, ""nu"": 3.9312855702394662}",[],CONVERGENCE: REL_REDUCTION_OF_F_<=_FACTR*EPSMCH
2018-01-01,DIA-SPY,Clayton,163.9207778077863,-325.8415556155726,-322.3161026764408,1,True,False,False,False,"{""theta"": 3.1108786144335463}",[],CONVERGENCE: REL_REDUCTION_OF_F_<=_FACTR*EPSMCH
2018-01-01,DIA-SPY,Frank,162.90543884112793,-323.81087768225586,-320.28542474312405,1,True,False,False,False,"{""theta"": 10.24538083073252}",[],CONVERGENCE: NORM_OF_PROJECTED_GRADIENT_<=_PGTOL
2018-01-01,DIA-SPY,Gumbel,179.06896150102324,-356.1379230020465,-352.61247006291467,1,True,False,False,False,"{""theta"": 3.0319696825847005}",[],CONVERGENCE: NORM_OF_PROJECTED_GRADIENT_<=_PGTOL
2018-01-01,DIA-SPY,CFG,187.9086417433378,-365.8172834866756,-348.19001879101666,5,True,False,False,False,{},"{""Clayton"": 0.3487232005280253, ""Frank"": 3.6237679524412793e-13, ""Gumbel"": 0.6512767994716123}",Optimization terminated successfully
2018-01-01,DIA-SPY,CtG,192.6477452855203,-373.2954905710406,-352.1427729362499,6,True,True,False,False,{},"{""Clayton"": 0.06485893579810884, ""Student-t"": 0.9351410642004253, ""Gumbel"": 1.4658274594125942e-12}",Optimization terminated successfully
2018-07-01,AAPL-GOOG,Gaussian,49.75358043034607,-97.50716086069214,-93.98170792156036,1,True,False,False,False,"{""rho"": 0.5830564750696701}",[],CONVERGENCE: NORM_OF_PROJECTED_GRADIENT_<=_PGTOL
2018-07-01,AAPL-GOOG,Student-t,53.49906205185253,-102.99812410370507,-95.9472182254415,2,True,False,True,True,"{""rho"": 0.5911458646834915, ""nu"": 5.980746022578803}",[],CONVERGENCE: NORM_OF_PROJECTED_GRADIENT_<=_PGTOL
2018-07-01,AAPL-GOOG,Clayton,45.162358926118465,-88.32471785223693,-84.79926491310515,1,True,False,False,False,"{""theta"": 1.0031876581218944}",[],CONVERGENCE: NORM_OF_PROJECTED_GRADIENT_<=_PGTOL
2018-07-01,AAPL-GOOG,Frank,48.897368165638824,-95.79473633127765,-92.26928339214587,1,True,False,False,False,"{""theta"": 4.259731320983252}",[],CONVERGENCE: NORM_OF_PROJECTED_GRADIENT_<=_PGTOL
2018-07-01,AAPL-GOOG,Gumbel,46.464360738582435,-90.92872147716487,-87.40326853803309,1,True,False,False,False,"{""theta"": 1.5997566796849394}",[],CONVERGENCE: NORM_OF_PROJECTED_GRADIENT_<=_PGTOL
2018-07-01,AAPL-GOOG,CFG,53.7476706752584,-97.4953413505168,-79.86807665485787,5,True,False,False,False,{},"{""Clayton"": 0.4325198244976878, ""Frank"": 0.1817151503521558, ""Gumbel"": 0.3857650251501564}",Optimization terminated successfully
2018-07-01,AAPL-GOOG,CtG,54.45882565806112,-96.91765131612225,-75.76493368133154,6,True,True,False,False,{},"{""Clayton"": 0.3649679962940046, ""Student-t"": 0.6350320033930072, ""Gumbel"": 3.1298807989799116e-10}",Optimization terminated successfully
2018-07-01,IBM-SPY,Gaussian,48.80358929714971,-95.60717859429943,-92.08172565516765,1,True,False,False,False,"{""rho"": 0.578615479822636}",[],CONVERGENCE: NORM_OF_PROJECTED_GRADIENT_<=_PGTOL
2018-07-01,IBM-SPY,Student-t,53.976454421103945,-103.95290884220789,-96.90200296394433,2,True,False,True,True,"{""rho"": 0.5892147934771854, ""nu"": 4.887433850265186}",[],CONVERGENCE: NORM_OF_PROJECTED_GRADIENT_<=_PGTOL
2018-07-01,IBM-SPY,Clayton,45.970100436456654,-89.94020087291331,-86.41474793378153,1,True,False,False,False,"{""theta"": 1.0855443221086514}",[],CONVERGENCE: NORM_OF_PROJECTED_GRADIENT_<=_PGTOL
2018-07-01,IBM-SPY,Frank,47.341204786012284,-92.68240957202457,-89.15695663289279,1,True,False,False,False,"{""theta"": 4.17670453562692}",[],CONVERGENCE: NORM_OF_PROJECTED_GRADIENT_<=_PGTOL
2018-07-01,IBM-SPY,Gumbel,44.61831878207604,-87.23663756415208,-83.7111846250203,1,True,False,False,False,"{""theta"": 1.5813853709236694}",[],CONVERGENCE: NORM_OF_PROJECTED_GRADIENT_<=_PGTOL
2018-07-01,IBM-SPY,CFG,57.44116802039001,-104.88233604078002,-87.25507134512111,5,True,False,False,False,{},"{""Clayton"": 0.5861079196629303, ""Frank"": 0.0, ""Gumbel"": 0.4138920803370697}",Optimization terminated successfully
2018-07-01,IBM-SPY,CtG,57.72340514204821,-103.44681028409641,-82.29409264930571,6,True,True,False,False,{},"{""Clayton"": 0.47939355588513943, ""Student-t"": 0.19396090198945196, ""Gumbel"": 0.32664554212540864}",Optimization terminated successfully
2018-07-01,DIA-SPY,Gaussian,189.25080421830933,-376.50160843661865,-372.97615549748684,1,True,False,False,False,"{""rho"": 0.8864645567922659}",[],CONVERGENCE: NORM_OF_PROJECTED_GRADIENT_<=_PGTOL
2018-07-01,DIA-SPY,Student-t,197.45527667161087,-390.91055334322175,-383.8596474649582,2,True,False,True,True,"{""rho"": 0.8872589792028687, ""nu"": 3.738071016813944}",[],CONVERGENCE: REL_REDUCTION_OF_F_<=_FACTR*EPSMCH
2018-07-01,DIA-SPY,Clayton,189.33435392054398,-376.66870784108795,-373.14325490195614,1,True,False,False,False,"{""theta"": 3.7048164246285045}",[],CONVERGENCE: REL_REDUCTION_OF_F_<=_FACTR*EPSMCH
2018-07-01,DIA-SPY,Frank,171.10540935271746,-340.2108187054349,-336.6853657663031,1,True,False,False,False,"{""theta"": 10.773876792033558}",[],CONVERGENCE: NORM_OF_PROJECTED_GRADIENT_<=_PGTOL
2018-07-01,DIA-SPY,Gumbel,171.7152495263823,-341.4304990527646,-337.9050461136328,1,True,False,False,False,"{""theta"": 2.98009611380443}",[],CONVERGENCE: NORM_OF_PROJECTED_GRADIENT_<=_PGTOL
2018-07-01,DIA-SPY,CFG,200.72186477321551,-391.44372954643103,-373.8164648507721,5,True,False,False,False,{},"{""Clayton"": 0.6754616737710959, ""Frank"": 0.015796493429019724, ""Gumbel"": 0.3087418327998844}",Optimization terminated successfully
2018-07-01,DIA-SPY,CtG,207.6412305658953,-403.2824611317906,-382.12974349699994,6,True,True,False,False,{},"{""Clayton"": 0.4506245982422189, ""Student-t"": 0.5095101113221038, ""Gumbel"": 0.039865290435677325}",Optimization terminated successfully
2019-01-01,AAPL-GOOG,Gaussian,69.0504806767031,-136.1009613534062,-132.57550841427442,1,True,False,False,False,"{""rho"": 0.6604098112306095}",[],CONVERGENCE: NORM_OF_PROJECTED_GRADIENT_<=_PGTOL
2019-01-01,AAPL-GOOG,Student-t,76.55194405407316,-149.10388810814632,-142.05298222988276,2,True,False,True,True,"{""rho"": 0.6750194347735831, ""nu"": 3.9320823653550327}",[],CONVERGENCE: NORM_OF_PROJECTED_GRADIENT_<=_PGTOL
2019-01-01,AAPL-GOOG,Clayton,62.61219247412303,-123.22438494824605,-119.69893200911427,1,True,False,False,False,"{""theta"": 1.3061725869630432}",[],CONVERGENCE: NORM_OF_PROJECTED_GRADIENT_<=_PGTOL
2019-01-01,AAPL-GOOG,Frank,69.72823882738899,-137.45647765477798,-133.9310247156462,1,True,False,False,False,"{""theta"": 5.413768322754205}",[],CONVERGENCE: NORM_OF_PROJECTED_GRADIENT_<=_PGTOL
2019-01-01,AAPL-GOOG,Gumbel,67.18537022161851,-132.37074044323703,-128.84528750410524,1,True,False,False,False,"{""theta"": 1.808554950082045}",[],CONVERGENCE: NORM_OF_PROJECTED_GRADIENT_<=_PGTOL
2019-01-01,AAPL-GOOG,CFG,77.98272473930362,-145.96544947860724,-128.33818478294833,5,True,False,False,False,{},"{""Clayton"": 0.348568188268568, ""Frank"": 0.3498162228516155, ""Gumbel"": 0.30161558887981643}",Optimization terminated successfully
2019-01-01,AAPL-GOOG,CtG,78.48239507395152,-144.96479014790305,-123.81207251311234,6,True,True,False,False,{},"{""Clayton"": 0.3198221049844074, ""Student-t"": 0.45723721124084077, ""Gumbel"": 0.2229406837747518}",Optimization terminated successfully
2019-01-01,IBM-SPY,Gaussian,76.95172191934336,-151.9034438386867,-148.37799089955493,1,True,False,False,False,"{""rho"": 0.6864429591227269}",[],CONVERGENCE: NORM_OF_PROJECTED_GRADIENT_<=_PGTOL
2019-01-01,IBM-SPY,Student-t,87.6782263922765,-171.356452784553,-164.30554690628944,2,True,False,True,True,"{""rho"": 0.7174944484233808, ""nu"": 3.7278385170723727}",[],CONVERGENCE: NORM_OF_PROJECTED_GRADIENT_<=_PGTOL
2019-01-01,IBM-SPY,Clayton,76.57907565519875,-151.1581513103975,-147.63269837126572,1,True,False,False,False,"{""theta"": 1.6022646520498762}",[],CONVERGENCE: NORM_OF_PROJECTED_GRADIENT_<=_PGTOL
2019-01-01,IBM-SPY,Frank,82.60759712768667,-163.21519425537335,-159.68974131624157,1,True,False,False,False,"{""theta"": 6.076217551285794}",[],CONVERGENCE: NORM_OF_PROJECTED_GRADIENT_<=_PGTOL
2019-01-01,IBM-SPY,Gumbel,71.83790234628555,-141.6758046925711,-138.1503517534393,1,True,False,False,False,"{""theta"": 1.8743088916729935}",[],CONVERGENCE: NORM_OF_PROJECTED_GRADIENT_<=_PGTOL
2019-01-01,IBM-SPY,CFG,94.17160075408341,-178.34320150816683,-160.71593681250792,5,True,False,False,False,{},"{""Clayton"": 0.5460795098350243, ""Frank"": 0.1890684079586843, ""Gumbel"": 0.2648520822062914}",Optimization terminated successfully
2019-01-01,IBM-SPY,CtG,94.61883958623403,-177.23767917246806,-156.08496153767737,6,True,True,False,False,{},"{""Clayton"": 0.42119320588022874, ""Student-t"": 0.3449608015571983, ""Gumbel"": 0.23384599256257288}",Optimization terminated successfully
2019-01-01,DIA-SPY,Gaussian,269.8089426377399,-537.6178852754798,-534.092432336348,1,True,False,False,False,"{""rho"": 0.9420895871417083}",[],CONVERGENCE: NORM_OF_PROJECTED_GRADIENT_<=_PGTOL
2019-01-01,DIA-SPY,Student-t,277.6860907482234,-551.3721814964468,-544.3212756181832,2,True,False,True,True,"{""rho"": 0.9414542525101386, ""nu"": 3.449493160125615}",[],CONVERGENCE: NORM_OF_PROJECTED_GRADIENT_<=_PGTOL
2019-01-01,DIA-SPY,Clayton,251.75391732825705,-501.5078346565141,-497.9823817173823,1,True,False,False,False,"{""theta"": 5.431141255565987}",[],CONVERGENCE: REL_REDUCTION_OF_F_<=_FACTR*EPSMCH
2019-01-01,DIA-SPY,Frank,245.53761643583653,-489.07523287167305,-485.54977993254124,1,True,False,False,False,"{""theta"": 16.1299297190576}",[],CONVERGENCE: NORM_OF_PROJECTED_GRADIENT_<=_PGTOL
2019-01-01,DIA-SPY,Gumbel,252.62679066790002,-503.25358133580005,-499.72812839666824,1,True,False,False,False,"{""theta"": 4.204421508135927}",[],CONVERGENCE: NORM_OF_PROJECTED_GRADIENT_<=_PGTOL
2019-01-01,DIA-SPY,CFG,276.1092308294142,-542.2184616588283,-524.5911969631694,5,True,False,False,False,{},"{""Clayton"": 0.42670400309896345, ""Frank"": 5.367990195788465e-17, ""Gumbel"": 0.5732959969010365}",Optimization terminated successfully
2019-01-01,DIA-SPY,CtG,283.0433587731636,-554.0867175463272,-532.9339999115365,6,True,True,False,False,{},"{""Clayton"": 0.1952121010021473, ""Student-t"": 0.8047878989978526, ""Gumbel"": 1.1102230246251565e-16}",Optimization terminated successfully
2019-07-01,AAPL-GOOG,Gaussian,65.17164592738814,-128.34329185477628,-124.82183093691404,1,True,False,False,False,"{""rho"": 0.6475579239225955}",[],CONVERGENCE: NORM_OF_PROJECTED_GRADIENT_<=_PGTOL
2019-07-01,AAPL-GOOG,Student-t,68.5550041093411,-133.1100082186822,-126.06708638295771,2,True,False,True,True,"{""rho"": 0.6508465439074991, ""nu"": 5.665017384891356}",[],CONVERGENCE: NORM_OF_PROJECTED_GRADIENT_<=_PGTOL
2019-07-01,AAPL-GOOG,Clayton,65.00420805235073,-128.00841610470147,-124.48695518683923,1,True,False,False,False,"{""theta"": 1.3472338791908598}",[],CONVERGENCE: REL_REDUCTION_OF_F_<=_FACTR*EPSMCH
2019-07-01,AAPL-GOOG,Frank,61.395469310031885,-120.79093862006377,-117.26947770220153,1,True,False,False,False,"{""theta"": 4.952391002756238}",[],CONVERGENCE: NORM_OF_PROJECTED_GRADIENT_<=_PGTOL
2019-07-01,AAPL-GOOG,Gumbel,56.1508139555924,-110.3016279111848,-106.78016699332255,1,True,False,False,False,"{""theta"": 1.6999444273180242}",[],CONVERGENCE: NORM_OF_PROJECTED_GRADIENT_<=_PGTOL
2019-07-01,AAPL-GOOG,CFG,72.0630418661527,-134.1260837323054,-116.51877914299418,5,True,False,False,False,{},"{""Clayton"": 0.5387616629282467, ""Frank"": 0.19216539469997657, ""Gumbel"": 0.26907294237177676}",Optimization terminated successfully
2019-07-01,AAPL-GOOG,CtG,72.78819137368401,-133.57638274736803,-112.44761724019455,6,True,True,False,False,{},"{""Clayton"": 0.34053116898957214, ""Student-t"": 0.6327536245133684, ""Gumbel"": 0.026715206497059496}",Optimization terminated successfully
2019-07-01,IBM-SPY,Gaussian,85.42281665801413,-168.84563331602826,-165.324172398166,1,True,False,False,False,"{""rho"": 0.7125378824493931}",[],CONVERGENCE: NORM_OF_PROJECTED_GRADIENT_<=_PGTOL
2019-07-01,IBM-SPY,Student-t,97.66888707445796,-191.3377741489159,-184.29485231319143,2,True,False,True,True,"{""rho"": 0.742834575930034, ""nu"": 3.190364168993047}",[],CONVERGENCE: NORM_OF_PROJECTED_GRADIENT_<=_PGTOL
2019-07-01,IBM-SPY,Clayton,78.18248277492431,-154.36496554984862,-150.84350463198638,1,True,False,False,False,"{""theta"": 1.5919288747919569}",[],CONVERGENCE: REL_REDUCTION_OF_F_<=_FACTR*EPSMCH
2019-07-01,IBM-SPY,Frank,90.43786216549196,-178.87572433098393,-175.35426341312169,1,True,False,False,False,"{""theta"": 6.508233733665819}",[],CONVERGENCE: NORM_OF_PROJECTED_GRADIENT_<=_PGTOL
2019-07-01,IBM-SPY,Gumbel,85.6247907668246,-169.2495815336492,-165.72812061578696,1,True,False,False,False,"{""theta"": 2.0222543032755156}",[],CONVERGENCE: NORM_OF_PROJECTED_GRADIENT_<=_PGTOL
2019-07-01,IBM-SPY,CFG,103.44506331023044,-196.89012662046088,-179.28282203114964,5,True,True,False,False,{},"{""Clayton"": 0.3212018090333447, ""Frank"": 0.21243368161672274, ""Gumbel"": 0.46636450934993257}",Optimization terminated successfully
2019-07-01,IBM-SPY,CtG,103.07775206892126,-194.1555041378425,-173.02673863066903,6,True,False,False,False,{},"{""Clayton"": 0.34850778145755595, ""Student-t"": 0.4053930798188292, ""Gumbel"": 0.24609913872361489}",Optimization terminated successfully
2019-07-01,DIA-SPY,Gaussian,262.67241947031545,-523.3448389406309,-519.8233780227687,1,True,False,False,False,"{""rho"": 0.939118717628804}",[],CONVERGENCE: NORM_OF_PROJECTED_GRADIENT_<=_PGTOL
2019-07-01,DIA-SPY,Student-t,277.04271881093723,-550.0854376218745,-543.0425157861499,2,True,False,True,True,"{""rho"": 0.9387964529776923, ""nu"": 2.489626405987553}",[],CONVERGENCE: NORM_OF_PROJECTED_GRADIENT_<=_PGTOL
2019-07-01,DIA-SPY,Clayton,240.47697636605932,-478.95395273211864,-475.43249181425637,1,True,False,False,False,"{""theta"": 5.130568393396629}",[],CONVERGENCE: NORM_OF_PROJECTED_GRADIENT_<=_PGTOL
2019-07-01,DIA-SPY,Frank,239.58555467919768,-477.17110935839537,-473.6496484405331,1,True,False,False,False,"{""theta"": 15.814516790065277}",[],CONVERGENCE: REL_REDUCTION_OF_F_<=_FACTR*EPSMCH
2019-07-01,DIA-SPY,Gumbel,254.50170361699202,-507.00340723398403,-503.48194631612176,1,True,False,False,False,"{""theta"": 4.291721573465035}",[],CONVERGENCE: NORM_OF_PROJECTED_GRADIENT_<=_PGTOL
2019-07-01,DIA-SPY,CFG,272.6345385117391,-535.2690770234782,-517.661772434167,5,True,False,False,False,{},"{""Clayton"": 0.37974368943356085, ""Frank"": 0.021353921764642823, ""Gumbel"": 0.5989023888017964}",Optimization terminated successfully
2019-07-01,DIA-SPY,CtG,278.6728172901793,-545.3456345803586,-524.2168690731851,6,True,True,False,False,{},"{""Clayton"": 0.10700396096573923, ""Student-t"": 0.8929960390342607, ""Gumbel"": 0.0}",Optimization terminated successfully
2020-01-01,AAPL-GOOG,Gaussian,48.57207288560407,-95.14414577120814,-91.61471668369673,1,True,False,False,False,"{""rho"": 0.576573620809647}",[],CONVERGENCE: NORM_OF_PROJECTED_GRADIENT_<=_PGTOL
2020-01-01,AAPL-GOOG,Student-t,49.11902026576348,-94.23804053152696,-87.17918235650411,2,True,False,False,False,"{""rho"": 0.5774905431031129, ""nu"": 14.21130736890922}",[],CONVERGENCE: REL_REDUCTION_OF_F_<=_FACTR*EPSMCH
2020-01-01,AAPL-GOOG,Clayton,56.728280803008396,-111.45656160601679,-107.92713251850537,1,True,False,True,True,"{""theta"": 1.1620981960674777}",[],CONVERGENCE: NORM_OF_PROJECTED_GRADIENT_<=_PGTOL
2020-01-01,AAPL-GOOG,Frank,45.58975083736463,-89.17950167472927,-85.65007258721785,1,True,False,False,False,"{""theta"": 4.045940757133202}",[],CONVERGENCE: NORM_OF_PROJECTED_GRADIENT_<=_PGTOL
2020-01-01,AAPL-GOOG,Gumbel,34.36312494378497,-66.72624988756994,-63.19682080005851,1,True,False,False,False,"{""theta"": 1.4985454884151999}",[],CONVERGENCE: NORM_OF_PROJECTED_GRADIENT_<=_PGTOL
2020-01-01,AAPL-GOOG,CFG,57.21067317328882,-104.42134634657764,-86.77420090902052,5,True,True,False,False,{},"{""Clayton"": 0.8898651120435419, ""Frank"": 0.11013488795645697, ""Gumbel"": 1.124100812432971e-15}",Optimization terminated successfully
2020-01-01,AAPL-GOOG,CtG,57.0939029732823,-102.1878059465646,-81.01123142149606,6,True,False,False,False,{},"{""Clayton"": 0.8199988704132946, ""Student-t"": 0.1800011295633418, ""Gumbel"": 2.3363644352514257e-11}",Optimization terminated successfully
2020-01-01,IBM-SPY,Gaussian,77.00850934179135,-152.0170186835827,-148.48758959607127,1,True,False,False,False,"{""rho"": 0.6856337618890772}",[],CONVERGENCE: NORM_OF_PROJECTED_GRADIENT_<=_PGTOL
2020-01-01,IBM-SPY,Student-t,83.24720648621181,-162.49441297242362,-155.43555479740078,2,True,False,True,True,"{""rho"": 0.6967804151275794, ""nu"": 4.521064379987728}",[],CONVERGENCE: NORM_OF_PROJECTED_GRADIENT_<=_PGTOL
2020-01-01,IBM-SPY,Clayton,69.82243157438262,-137.64486314876524,-134.1154340612538,1,True,False,False,False,"{""theta"": 1.4175881675104118}",[],CONVERGENCE: NORM_OF_PROJECTED_GRADIENT_<=_PGTOL
2020-01-01,IBM-SPY,Frank,75.18136096839875,-148.3627219367975,-144.83329284928607,1,True,False,False,False,"{""theta"": 5.6079322436395245}",[],CONVERGENCE: NORM_OF_PROJECTED_GRADIENT_<=_PGTOL
2020-01-01,IBM-SPY,Gumbel,73.35751040067248,-144.71502080134496,-141.18559171383353,1,True,False,False,False,"{""theta"": 1.8617113528694045}",[],CONVERGENCE: NORM_OF_PROJECTED_GRADIENT_<=_PGTOL
2020-01-01,IBM-SPY,CFG,84.43344608727388,-158.86689217454776,-141.21974673699063,5,True,False,False,False,{},"{""Clayton"": 0.41296960890408047, ""Frank"": 0.12645694034320726, ""Gumbel"": 0.46057345075271233}",Optimization terminated successfully
2020-01-01,IBM-SPY,CtG,85.22161373607872,-158.44322747215745,-137.26665294708891,6,True,True,False,False,{},"{""Clayton"": 0.293540021781066, ""Student-t"": 0.527206120808745, ""Gumbel"": 0.17925385741018907}",Optimization terminated successfully
2020-01-01,DIA-SPY,Gaussian,247.7622107103138,-493.5244214206276,-489.9949923331162,1,True,False,False,False,"{""rho"": 0.9299457541780894}",[],CONVERGENCE: NORM_OF_PROJECTED_GRADIENT_<=_PGTOL
2020-01-01,DIA-SPY,Student-t,259.73962742086815,-515.4792548417363,-508.42039666671343,2,True,False,True,True,"{""rho"": 0.9291344490544206, ""nu"": 2.7655312704311936}",[],CONVERGENCE: NORM_OF_PROJECTED_GRADIENT_<=_PGTOL
2020-01-01,DIA-SPY,Clayton,230.3618684936697,-458.7237369873394,-455.194307899828,1,True,False,False,False,"{""theta"": 4.776873861458803}",[],CONVERGENCE: NORM_OF_PROJECTED_GRADIENT_<=_PGTOL
2020-01-01,DIA-SPY,Frank,227.74581828682392,-453.49163657364784,-449.96220748613644,1,True,False,False,False,"{""theta"": 14.650624890931295}",[],CONVERGENCE: NORM_OF_PROJECTED_GRADIENT_<=_PGTOL
2020-01-01,DIA-SPY,Gumbel,236.77862156407366,-471.5572431281473,-468.0278140406359,1,True,False,False,False,"{""theta"": 3.9304847355770685}",[],CONVERGENCE: NORM_OF_PROJECTED_GRADIENT_<=_PGTOL
2020-01-01,DIA-SPY,CFG,259.166193233348,-508.332386466696,-490.68524102913887,5,True,False,False,False,{},"{""Clayton"": 0.407514701056707, ""Frank"": 0.0, ""Gumbel"": 0.5924852989432929}",Optimization terminated successfully
2020-01-01,DIA-SPY,CtG,262.2870910575939,-512.5741821151878,-491.39760759011926,6,True,True,False,False,{},"{""Clayton"": 0.18544803880683144, ""Student-t"": 0.8145519611931685, ""Gumbel"": 0.0}",Optimization terminated successfully
2020-07-01,AAPL-GOOG,Gaussian,80.20514736052849,-158.41029472105697,-154.87690523232945,1,True,False,False,False,"{""rho"": 0.6944367646950358}",[],CONVERGENCE: NORM_OF_PROJECTED_GRADIENT_<=_PGTOL
2020-07-01,AAPL-GOOG,Student-t,83.87443820436336,-163.74887640872672,-156.68209743127167,2,True,False,False,False,"{""rho"": 0.69991070730359, ""nu"": 5.897211730615827}",[],CONVERGENCE: NORM_OF_PROJECTED_GRADIENT_<=_PGTOL
2020-07-01,AAPL-GOOG,Clayton,88.00231601260776,-174.00463202521553,-170.471242536488,1,True,False,True,True,"{""theta"": 1.6864114344101397}",[],CONVERGENCE: NORM_OF_PROJECTED_GRADIENT_<=_PGTOL
2020-07-01,AAPL-GOOG,Frank,76.79115486916868,-151.58230973833736,-148.04892024960984,1,True,False,False,False,"{""theta"": 5.689048473513493}",[],CONVERGENCE: NORM_OF_PROJECTED_GRADIENT_<=_PGTOL
2020-07-01,AAPL-GOOG,Gumbel,65.60254393204418,-129.20508786408837,-125.67169837536085,1,True,False,False,False,"{""theta"": 1.7973358710557452}",[],CONVERGENCE: NORM_OF_PROJECTED_GRADIENT_<=_PGTOL
2020-07-01,AAPL-GOOG,CFG,92.73947193569143,-175.47894387138285,-157.81199642774524,5,True,True,False,False,{},"{""Clayton"": 0.7804310745795483, ""Frank"": 0.21142899415478542, ""Gumbel"": 0.008139931265666284}",Optimization terminated successfully
2020-07-01,AAPL-GOOG,CtG,91.64592564503624,-171.2918512900725,-150.09151435770735,6,True,False,False,False,{},"{""Clayton"": 0.6651451422287405, ""Student-t"": 0.33485485777125945, ""Gumbel"": 0.0}",Optimization terminated successfully
2020-07-01,IBM-SPY,Gaussian,91.61878384153205,-181.2375676830641,-177.70417819433658,1,True,False,False,False,"{""rho"": 0.7263727693335907}",[],CONVERGENCE: NORM_OF_PROJECTED_GRADIENT_<=_PGTOL
2020-07-01,IBM-SPY,Student-t,108.67332751580459,-213.34665503160917,-206.27987605415413,2,True,False,True,True,"{""rho"": 0.7551896255005542, ""nu"": 3.8576958398636703}",[],CONVERGENCE: NORM_OF_PROJECTED_GRADIENT_<=_PGTOL
2020-07-01,IBM-SPY,Clayton,86.2727373113291,-170.5454746226582,-167.01208513393067,1,True,False,False,False,"{""theta"": 1.6847936520084112}",[],CONVERGENCE: NORM_OF_PROJECTED_GRADIENT_<=_PGTOL
2020-07-01,IBM-SPY,Frank,96.9335036246729,-191.8670072493458,-188.33361776061827,1,True,False,False,False,"{""theta"": 6.709672218494971}",[],CONVERGENCE: NORM_OF_PROJECTED_GRADIENT_<=_PGTOL
2020-07-01,IBM-SPY,Gumbel,94.09258228795255,-186.1851645759051,-182.65177508717758,1,True,False,False,False,"{""theta"": 2.074085186842295}",[],CONVERGENCE: NORM_OF_PROJECTED_GRADIENT_<=_PGTOL
2020-07-01,IBM-SPY,CFG,104.4218229896519,-198.8436459793038,-181.1766985356662,5,True,False,False,False,{},"{""Clayton"": 0.322798994874025, ""Frank"": 0.22163502496315848, ""Gumbel"": 0.45556598016281646}",Optimization terminated successfully
2020-07-01,IBM-SPY,CtG,109.01888194039458,-206.03776388078916,-184.83742694842402,6,True,True,False,False,{},"{""Clayton"": 0.08420845468047361, ""Student-t"": 0.915791545319125, ""Gumbel"": 4.014566457044566e-13}",Optimization terminated successfully
2020-07-01,DIA-SPY,Gaussian,306.2026370454839,-610.4052740909679,-606.8718846022404,1,True,False,False,False,"{""rho"": 0.9561553486139044}",[],CONVERGENCE: REL_REDUCTION_OF_F_<=_FACTR*EPSMCH
2020-07-01,DIA-SPY,Student-t,313.05763493751647,-622.1152698750329,-615.048490897578,2,True,False,True,True,"{""rho"": 0.9557306001861585, ""nu"": 3.8846304596554204}",[],CONVERGENCE: REL_REDUCTION_OF_F_<=_FACTR*EPSMCH
2020-07-01,DIA-SPY,Clayton,271.0200880051673,-540.0401760103346,-536.5067865216071,1,True,False,False,False,"{""theta"": 5.977640012205325}",[],CONVERGENCE: REL_REDUCTION_OF_F_<=_FACTR*EPSMCH
2020-07-01,DIA-SPY,Frank,281.24313561565543,-560.4862712313109,-556.9528817425834,1,True,False,False,False,"{""theta"": 18.91530630750274}",[],CONVERGENCE: NORM_OF_PROJECTED_GRADIENT_<=_PGTOL
2020-07-01,DIA-SPY,Gumbel,293.9558945498968,-585.9117890997936,-582.3783996110661,1,True,False,False,False,"{""theta"": 4.949972453425281}",[],CONVERGENCE: NORM_OF_PROJECTED_GRADIENT_<=_PGTOL
2020-07-01,DIA-SPY,CFG,312.69792260759726,-615.3958452151945,-597.728897771557,5,True,False,False,False,{},"{""Clayton"": 0.39252953520595474, ""Frank"": 2.339601193990446e-15, ""Gumbel"": 0.6074704647940429}",Optimization terminated successfully
2020-07-01,DIA-SPY,CtG,318.82342945818533,-625.6468589163707,-604.4465219840056,6,True,True,False,False,{},"{""Clayton"": 0.17138925655207254, ""Student-t"": 0.7785194811351019, ""Gumbel"": 0.05009126231282557}",Optimization terminated successfully
2021-01-01,AAPL-GOOG,Gaussian,64.57584457219733,-127.15168914439465,-123.61829965566713,1,True,False,False,False,"{""rho"": 0.6424196227660648}",[],CONVERGENCE: NORM_OF_PROJECTED_GRADIENT_<=_PGTOL
2021-01-01,AAPL-GOOG,Student-t,89.39398655703377,-174.78797311406754,-167.7211941366125,2,True,False,True,True,"{""rho"": 0.6786413753603657, ""nu"": 2.170862824145965}",[],CONVERGENCE: REL_REDUCTION_OF_F_<=_FACTR*EPSMCH
2021-01-01,AAPL-GOOG,Clayton,85.08090832189055,-168.1618166437811,-164.62842715505357,1,True,False,False,False,"{""theta"": 1.7156338009986676}",[],CONVERGENCE: NORM_OF_PROJECTED_GRADIENT_<=_PGTOL
2021-01-01,AAPL-GOOG,Frank,69.08977213492005,-136.1795442698401,-132.64615478111259,1,True,False,False,False,"{""theta"": 5.433542424695566}",[],CONVERGENCE: NORM_OF_PROJECTED_GRADIENT_<=_PGTOL
2021-01-01,AAPL-GOOG,Gumbel,62.30869149720921,-122.61738299441842,-119.0839935056909,1,True,False,False,False,"{""theta"": 1.785489664481075}",[],CONVERGENCE: NORM_OF_PROJECTED_GRADIENT_<=_PGTOL
2021-01-01,AAPL-GOOG,CFG,94.22318580662919,-178.44637161325838,-160.77942416962077,5,True,False,False,False,{},"{""Clayton"": 0.5820508724800227, ""Frank"": 0.1617613788470856, ""Gumbel"": 0.2561877486728916}",Optimization terminated successfully
2021-01-01,AAPL-GOOG,CtG,97.42234627502407,-182.84469255004814,-161.644355617683,6,True,True,False,False,{},"{""Clayton"": 0.6613677345016957, ""Student-t"": 0.0841785135562811, ""Gumbel"": 0.2544537519420232}",Optimization terminated successfully
2021-01-01,IBM-SPY,Gaussian,83.52789182018938,-165.05578364037876,-161.52239415165124,1,True,False,False,False,"{""rho"": 0.7041990244654281}",[],CONVERGENCE: NORM_OF_PROJECTED_GRADIENT_<=_PGTOL
2021-01-01,IBM-SPY,Student-t,95.42298913751677,-186.84597827503353,-179.7791992975785,2,True,False,True,True,"{""rho"": 0.7247766025643163, ""nu"": 4.300817271696005}",[],CONVERGENCE: NORM_OF_PROJECTED_GRADIENT_<=_PGTOL
2021-01-01,IBM-SPY,Clayton,76.4706358765906,-150.9412717531812,-147.4078822644537,1,True,False,False,False,"{""theta"": 1.4968781451024553}",[],CONVERGENCE: REL_REDUCTION_OF_F_<=_FACTR*EPSMCH
2021-01-01,IBM-SPY,Frank,86.3543342865133,-170.7086685730266,-167.1752790842991,1,True,False,False,False,"{""theta"": 6.1841461652702385}",[],CONVERGENCE: NORM_OF_PROJECTED_GRADIENT_<=_PGTOL
2021-01-01,IBM-SPY,Gumbel,83.59422738477942,-165.18845476955883,-161.6550652808313,1,True,False,False,False,"{""theta"": 1.9629901456072811}",[],CONVERGENCE: NORM_OF_PROJECTED_GRADIENT_<=_PGTOL
2021-01-01,IBM-SPY,CFG,93.3354740565014,-176.6709481130028,-159.00400066936518,5,True,False,False,False,{},"{""Clayton"": 0.3239006238516035, ""Frank"": 0.2604769806266278, ""Gumbel"": 0.41562239552176866}",Optimization terminated successfully
2021-01-01,IBM-SPY,CtG,95.47556239145825,-178.9511247829165,-157.75078785055138,6,True,True,False,False,{},"{""Clayton"": 0.04678480266791925, ""Student-t"": 0.9532151973301725, ""Gumbel"": 1.908251334725719e-12}",Optimization terminated successfully
2021-01-01,DIA-SPY,Gaussian,266.6398655837126,-531.2797311674252,-527.7463416786977,1,True,False,False,False,"{""rho"": 0.9395024129600299}",[],CONVERGENCE: NORM_OF_PROJECTED_GRADIENT_<=_PGTOL
2021-01-01,DIA-SPY,Student-t,279.6946172918976,-555.3892345837952,-548.3224556063402,2,True,False,True,True,"{""rho"": 0.9421872946800492, ""nu"": 2.9621267223570857}",[],CONVERGENCE: NORM_OF_PROJECTED_GRADIENT_<=_PGTOL
2021-01-01,DIA-SPY,Clayton,246.25648328564438,-490.51296657128876,-486.97957708256126,1,True,False,False,False,"{""theta"": 5.26601071637687}",[],CONVERGENCE: REL_REDUCTION_OF_F_<=_FACTR*EPSMCH
2021-01-01,DIA-SPY,Frank,253.38840135978035,-504.7768027195607,-501.2434132308332,1,True,False,False,False,"{""theta"": 16.81774670776005}",[],CONVERGENCE: NORM_OF_PROJECTED_GRADIENT_<=_PGTOL
2021-01-01,DIA-SPY,Gumbel,253.90212217177486,-505.8042443435497,-502.27085485482223,1,True,False,False,False,"{""theta"": 4.247203186083157}",[],CONVERGENCE: NORM_OF_PROJECTED_GRADIENT_<=_PGTOL
2021-01-01,DIA-SPY,CFG,282.344692764189,-554.689385528378,-537.0224380847404,5,True,False,False,False,{},"{""Clayton"": 0.36709952691561554, ""Frank"": 0.2044031485733741, ""Gumbel"": 0.42849732451101036}",Optimization terminated successfully
2021-01-01,DIA-SPY,CtG,286.0355138385849,-560.0710276771698,-538.8706907448047,6,True,True,False,False,{},"{""Clayton"": 0.17703123506632906, ""Student-t"": 0.6020190041121096, ""Gumbel"": 0.22094976082156137}",Optimization terminated successfully
2021-07-01,AAPL-GOOG,Gaussian,40.99908604712373,-79.99817209424747,-76.46874300673605,1,True,False,False,False,"{""rho"": 0.5383018184689273}",[],CONVERGENCE: NORM_OF_PROJECTED_GRADIENT_<=_PGTOL
2021-07-01,AAPL-GOOG,Student-t,54.18428518057712,-104.36857036115424,-97.30971218613139,2,True,False,True,False,"{""rho"": 0.5754223782915303, ""nu"": 3.2013576587413435}",[],CONVERGENCE: NORM_OF_PROJECTED_GRADIENT_<=_PGTOL
2021-07-01,AAPL-GOOG,Clayton,54.02361112170432,-106.04722224340864,-102.51779315589722,1,True,False,False,True,"{""theta"": 1.1802273245210695}",[],CONVERGENCE: NORM_OF_PROJECTED_GRADIENT_<=_PGTOL
2021-07-01,AAPL-GOOG,Frank,44.8677164074066,-87.7354328148132,-84.20600372730178,1,True,False,False,False,"{""theta"": 4.100711882399161}",[],CONVERGENCE: NORM_OF_PROJECTED_GRADIENT_<=_PGTOL
2021-07-01,AAPL-GOOG,Gumbel,36.73049204610713,-71.46098409221426,-67.93155500470284,1,True,False,False,False,"{""theta"": 1.5323984827425143}",[],CONVERGENCE: NORM_OF_PROJECTED_GRADIENT_<=_PGTOL
2021-07-01,AAPL-GOOG,CFG,59.413316069829044,-108.82663213965809,-91.17948670210097,5,True,False,False,False,{},"{""Clayton"": 0.6643587504615427, ""Frank"": 0.1785208271942704, ""Gumbel"": 0.1571204223441869}",Optimization terminated successfully
2021-07-01,AAPL-GOOG,CtG,60.420160009104194,-108.84032001820839,-87.66374549313986,6,True,True,False,False,{},"{""Clayton"": 0.6130206452827168, ""Student-t"": 0.31001415135463384, ""Gumbel"": 0.07696520336264934}",Optimization terminated successfully
2021-07-01,IBM-SPY,Gaussian,32.20779577613762,-62.415591552275245,-58.88616246476382,1,True,False,False,False,"{""rho"": 0.4863587201865748}",[],CONVERGENCE: NORM_OF_PROJECTED_GRADIENT_<=_PGTOL
2021-07-01,IBM-SPY,Student-t,36.266867447811265,-68.53373489562253,-61.47487672059968,2,True,False,True,True,"{""rho"": 0.5008239247914094, ""nu"": 5.005508167469355}",[],CONVERGENCE: NORM_OF_PROJECTED_GRADIENT_<=_PGTOL
2021-07-01,IBM-SPY,Clayton,27.111297698559195,-52.22259539711839,-48.693166309606966,1,True,False,False,False,"{""theta"": 0.7325598753536958}",[],CONVERGENCE: NORM_OF_PROJECTED_GRADIENT_<=_PGTOL
2021-07-01,IBM-SPY,Frank,33.21611956232912,-64.43223912465824,-60.902810037146814,1,True,False,False,False,"{""theta"": 3.408763605116048}",[],CONVERGENCE: NORM_OF_PROJECTED_GRADIENT_<=_PGTOL
2021-07-01,IBM-SPY,Gumbel,32.36741252687737,-62.73482505375473,-59.20539596624331,1,True,False,False,False,"{""theta"": 1.4601614493728807}",[],CONVERGENCE: NORM_OF_PROJECTED_GRADIENT_<=_PGTOL
2021-07-01,IBM-SPY,CFG,37.87923949689228,-65.75847899378456,-48.11133355622745,5,True,True,False,False,{},"{""Clayton"": 0.20443650991041362, ""Frank"": 0.6085912873289097, ""Gumbel"": 0.18697220276067672}",Optimization terminated successfully
2021-07-01,IBM-SPY,CtG,37.7146901203167,-63.42938024063341,-42.25280571556487,6,True,False,False,False,{},"{""Clayton"": 0.24855290805494434, ""Student-t"": 0.2004846138343684, ""Gumbel"": 0.5509624781106872}",Optimization terminated successfully
2021-07-01,DIA-SPY,Gaussian,166.84251081804632,-331.68502163609264,-328.15559254858124,1,True,False,False,True,"{""rho"": 0.8615682332618773}",[],CONVERGENCE: NORM_OF_PROJECTED_GRADIENT_<=_PGTOL
2021-07-01,DIA-SPY,Student-t,166.90227443692382,-329.80454887384764,-322.7456906988248,2,True,False,True,False,"{""rho"": 0.8618514364967769, ""nu"": 50.569811773598516}",[],CONVERGENCE: REL_REDUCTION_OF_F_<=_FACTR*EPSMCH
2021-07-01,DIA-SPY,Clayton,150.21989852017455,-298.4397970403491,-294.9103679528377,1,True,False,False,False,"{""theta"": 2.8028620655113685}",[],CONVERGENCE: NORM_OF_PROJECTED_GRADIENT_<=_PGTOL
2021-07-01,DIA-SPY,Frank,157.27386516597778,-312.54773033195556,-309.01830124444416,1,True,False,False,False,"{""theta"": 9.743473311880603}",[],CONVERGENCE: REL_REDUCTION_OF_F_<=_FACTR*EPSMCH
2021-07-01,DIA-SPY,Gumbel,144.36893630029084,-286.7378726005817,-283.2084435130703,1,True,False,False,False,"{""theta"": 2.612757969796822}",[],CONVERGENCE: NORM_OF_PROJECTED_GRADIENT_<=_PGTOL
2021-07-01,DIA-SPY,CFG,167.18269262049483,-324.36538524098967,-306.71823980343254,5,True,False,False,False,{},"{""Clayton"": 0.44710737829044617, ""Frank"": 0.11406024728122591, ""Gumbel"": 0.4388323744283279}",Optimization terminated successfully
2021-07-01,DIA-SPY,CtG,171.72588654996093,-331.45177309992187,-310.27519857485333,6,True,True,False,False,{},"{""Clayton"": 0.2564041722204309, ""Student-t"": 0.7435958277793185, ""Gumbel"": 2.5057733665789783e-13}",Optimization terminated successfully
2022-01-01,AAPL-GOOG,Gaussian,52.46734311854202,-102.93468623708404,-99.40525714957262,1,True,False,False,False,"{""rho"": 0.5944059146793373}",[],CONVERGENCE: NORM_OF_PROJECTED_GRADIENT_<=_PGTOL
2022-01-01,AAPL-GOOG,Student-t,55.76782408691287,-107.53564817382573,-100.47678999880289,2,True,False,False,False,"{""rho"": 0.6087164872380847, ""nu"": 6.695324186191296}",[],CONVERGENCE: NORM_OF_PROJECTED_GRADIENT_<=_PGTOL
2022-01-01,AAPL-GOOG,Clayton,56.57177838034233,-111.14355676068466,-107.61412767317324,1,True,False,True,True,"{""theta"": 1.189348432665654}",[],CONVERGENCE: NORM_OF_PROJECTED_GRADIENT_<=_PGTOL
2022-01-01,AAPL-GOOG,Frank,54.10888928391517,-106.21777856783034,-102.68834948031892,1,True,False,False,False,"{""theta"": 4.507843344531612}",[],CONVERGENCE: NORM_OF_PROJECTED_GRADIENT_<=_PGTOL
2022-01-01,AAPL-GOOG,Gumbel,43.37321629658439,-84.74643259316878,-81.21700350565736,1,True,False,False,False,"{""theta"": 1.5916348003071312}",[],CONVERGENCE: NORM_OF_PROJECTED_GRADIENT_<=_PGTOL
2022-01-01,AAPL-GOOG,CFG,61.40202599288639,-112.80405198577277,-95.15690654821566,5,True,True,False,False,{},"{""Clayton"": 0.5569211108422861, ""Frank"": 0.29288896881507137, ""Gumbel"": 0.1501899203426425}",Optimization terminated successfully
2022-01-01,AAPL-GOOG,CtG,61.346201291703736,-110.69240258340747,-89.51582805833894,6,True,False,False,False,{},"{""Clayton"": 0.5500789744315118, ""Student-t"": 0.3114464181418215, ""Gumbel"": 0.13847460742666673}",Optimization terminated successfully
2022-01-01,IBM-SPY,Gaussian,19.568284281484246,-37.13656856296849,-33.60713947545707,1,True,False,False,False,"{""rho"": 0.3901926024382935}",[],CONVERGENCE: NORM_OF_PROJECTED_GRADIENT_<=_PGTOL
2022-01-01,IBM-SPY,Student-t,20.668481287960873,-37.336962575921746,-30.278104400898897,2,True,False,False,False,"{""rho"": 0.40104725582205464, ""nu"": 9.142134777546444}",[],CONVERGENCE: NORM_OF_PROJECTED_GRADIENT_<=_PGTOL
2022-01-01,IBM-SPY,Clayton,13.700266470699006,-25.400532941398012,-21.871103853886588,1,True,False,False,False,"{""theta"": 0.4848957052903388}",[],CONVERGENCE: NORM_OF_PROJECTED_GRADIENT_<=_PGTOL
2022-01-01,IBM-SPY,Frank,20.689380988207258,-39.378761976414516,-35.84933288890309,1,True,False,True,True,"{""theta"": 2.612496216489818}",[],CONVERGENCE: NORM_OF_PROJECTED_GRADIENT_<=_PGTOL
2022-01-01,IBM-SPY,Gumbel,19.457744719996242,-36.915489439992484,-33.38606035248106,1,True,False,False,False,"{""theta"": 1.3246165469546693}",[],CONVERGENCE: NORM_OF_PROJECTED_GRADIENT_<=_PGTOL
2022-01-01,IBM-SPY,CFG,22.471014079152084,-34.94202815830417,-17.29488272074705,5,True,True,False,False,{},"{""Clayton"": 0.05990593548933262, ""Frank"": 0.37914044027931426, ""Gumbel"": 0.5609536242313531}",Optimization terminated successfully
2022-01-01,IBM-SPY,CtG,21.91367381189203,-31.827347623784057,-10.650773098715518,6,True,False,False,False,{},"{""Clayton"": 0.015045392489317355, ""Student-t"": 0.4476673863688778, ""Gumbel"": 0.5372872211418048}",Optimization terminated successfully
2022-01-01,DIA-SPY,Gaussian,160.58626921636284,-319.1725384327257,-315.64310934521427,1,True,False,False,True,"{""rho"": 0.8538692279169857}",[],CONVERGENCE: NORM_OF_PROJECTED_GRADIENT_<=_PGTOL
2022-01-01,DIA-SPY,Student-t,160.70668301513066,-317.41336603026133,-310.35450785523847,2,True,False,True,False,"{""rho"": 0.8541292514541503, ""nu"": 32.91019224259314}",[],CONVERGENCE: REL_REDUCTION_OF_F_<=_FACTR*EPSMCH
2022-01-01,DIA-SPY,Clayton,148.9844467898198,-295.9688935796396,-292.4394644921282,1,True,False,False,False,"{""theta"": 2.7817668028838023}",[],CONVERGENCE: REL_REDUCTION_OF_F_<=_FACTR*EPSMCH
2022-01-01,DIA-SPY,Frank,150.5572014622494,-299.1144029244988,-295.5849738369874,1,True,False,False,False,"{""theta"": 9.446468163007937}",[],CONVERGENCE: NORM_OF_PROJECTED_GRADIENT_<=_PGTOL
2022-01-01,DIA-SPY,Gumbel,136.7296691086303,-271.4593382172606,-267.9299091297492,1,True,False,False,False,"{""theta"": 2.5225616024177775}",[],CONVERGENCE: NORM_OF_PROJECTED_GRADIENT_<=_PGTOL
2022-01-01,DIA-SPY,CFG,159.6391762027239,-309.2783524054478,-291.63120696789065,5,True,False,False,False,{},"{""Clayton"": 0.49088948704297464, ""Frank"": 0.24333384151525086, ""Gumbel"": 0.2657766714417745}",Optimization terminated successfully
2022-01-01,DIA-SPY,CtG,165.292415350393,-318.584830700786,-297.40825617571744,6,True,True,False,False,{},"{""Clayton"": 0.26338657538386223, ""Student-t"": 0.7366134246161321, ""Gumbel"": 5.662137425588298e-15}",Optimization terminated successfully
2022-07-01,AAPL-GOOG,Gaussian,90.06538652666757,-178.13077305333513,-174.6013439658237,1,True,False,False,False,"{""rho"": 0.7232565747518505}",[],CONVERGENCE: NORM_OF_PROJECTED_GRADIENT_<=_PGTOL
2022-07-01,AAPL-GOOG,Student-t,94.64179797813368,-185.28359595626736,-178.22473778124453,2,True,False,False,False,"{""rho"": 0.7393737348904, ""nu"": 7.886010577869156}",[],CONVERGENCE: NORM_OF_PROJECTED_GRADIENT_<=_PGTOL
2022-07-01,AAPL-GOOG,Clayton,80.43005934921071,-158.86011869842142,-155.33068961090999,1,True,False,False,False,"{""theta"": 1.536896128733246}",[],CONVERGENCE: NORM_OF_PROJECTED_GRADIENT_<=_PGTOL
2022-07-01,AAPL-GOOG,Frank,98.27309816165908,-194.54619632331816,-191.01676723580673,1,True,False,True,True,"{""theta"": 6.766636693961394}",[],CONVERGENCE: NORM_OF_PROJECTED_GRADIENT_<=_PGTOL
2022-07-01,AAPL-GOOG,Gumbel,81.16753058037762,-160.33506116075523,-156.8056320732438,1,True,False,False,False,"{""theta"": 1.9616076643127107}",[],CONVERGENCE: NORM_OF_PROJECTED_GRADIENT_<=_PGTOL
2022-07-01,AAPL-GOOG,CFG,100.68574063460972,-191.37148126921943,-173.7243358316623,5,True,True,False,False,{},"{""Clayton"": 0.27272566314796426, ""Frank"": 0.6922928504586497, ""Gumbel"": 0.03498148639338605}",Optimization terminated successfully
2022-07-01,AAPL-GOOG,CtG,98.91993356176125,-185.8398671235225,-164.66329259845398,6,True,False,False,False,{},"{""Clayton"": 0.23888038726547095, ""Student-t"": 0.6868855699909362, ""Gumbel"": 0.0742340427435928}",Optimization terminated successfully
2022-07-01,IBM-SPY,Gaussian,37.02142327127597,-72.04284654255194,-68.51341745504052,1,True,False,False,False,"{""rho"": 0.5159455079879202}",[],CONVERGENCE: NORM_OF_PROJECTED_GRADIENT_<=_PGTOL
2022-07-01,IBM-SPY,Student-t,38.99671883244754,-73.99343766489508,-66.93457948987223,2,True,False,True,False,"{""rho"": 0.527680503712101, ""nu"": 7.847452970800897}",[],CONVERGENCE: REL_REDUCTION_OF_F_<=_FACTR*EPSMCH
2022-07-01,IBM-SPY,Clayton,27.49929175453351,-52.99858350906702,-49.469154421555594,1,True,False,False,False,"{""theta"": 0.7380881184066767}",[],CONVERGENCE: NORM_OF_PROJECTED_GRADIENT_<=_PGTOL
2022-07-01,IBM-SPY,Frank,37.34413509688315,-72.6882701937663,-69.15884110625488,1,True,False,False,True,"{""theta"": 3.594637369000913}",[],CONVERGENCE: NORM_OF_PROJECTED_GRADIENT_<=_PGTOL
2022-07-01,IBM-SPY,Gumbel,37.03754863930901,-72.07509727861802,-68.5456681911066,1,True,False,False,False,"{""theta"": 1.4973984379493976}",[],CONVERGENCE: NORM_OF_PROJECTED_GRADIENT_<=_PGTOL
2022-07-01,IBM-SPY,CFG,40.423122660851334,-70.84624532170267,-53.199099884145554,5,True,True,False,False,{},"{""Clayton"": 0.22252723311663367, ""Frank"": 0.19764954996841785, ""Gumbel"": 0.5798232169149484}",Optimization terminated successfully
2022-07-01,IBM-SPY,CtG,40.33043916230459,-68.66087832460919,-47.48430379954065,6,True,False,False,False,{},"{""Clayton"": 0.21695974176622035, ""Student-t"": 0.12962188094961502, ""Gumbel"": 0.6534183772841646}",Optimization terminated successfully
2022-07-01,DIA-SPY,Gaussian,265.93089513328454,-529.8617902665691,-526.3323611790577,1,True,False,False,True,"{""rho"": 0.9396804898265484}",[],CONVERGENCE: NORM_OF_PROJECTED_GRADIENT_<=_PGTOL
2022-07-01,DIA-SPY,Student-t,266.83909855459376,-529.6781971091875,-522.6193389341647,2,True,False,True,False,"{""rho"": 0.9399333918009989, ""nu"": 10.52648185660361}",[],CONVERGENCE: REL_REDUCTION_OF_F_<=_FACTR*EPSMCH
2022-07-01,DIA-SPY,Clayton,227.0522195694804,-452.1044391389608,-448.5750100514494,1,True,False,False,False,"{""theta"": 4.700739680340149}",[],CONVERGENCE: REL_REDUCTION_OF_F_<=_FACTR*EPSMCH
2022-07-01,DIA-SPY,Frank,247.42572335441326,-492.85144670882653,-489.3220176213151,1,True,False,False,False,"{""theta"": 16.151383141090218}",[],CONVERGENCE: NORM_OF_PROJECTED_GRADIENT_<=_PGTOL
2022-07-01,DIA-SPY,Gumbel,245.76510481707572,-489.53020963415145,-486.00078054664004,1,True,False,False,False,"{""theta"": 4.037433374155272}",[],CONVERGENCE: NORM_OF_PROJECTED_GRADIENT_<=_PGTOL
2022-07-01,DIA-SPY,CFG,264.50644166487996,-519.0128833297599,-501.3657378922028,5,True,False,False,False,{},"{""Clayton"": 0.27670344949556264, ""Frank"": 0.24903431158863257, ""Gumbel"": 0.47426223891580477}",Optimization terminated successfully
2022-07-01,DIA-SPY,CtG,272.5011890380004,-533.0023780760008,-511.8258035509323,6,True,True,False,False,{},"{""Clayton"": 0.17527522572853907, ""Student-t"": 0.824724774271461, ""Gumbel"": 0.0}",Optimization terminated successfully
2023-01-01,AAPL-GOOG,Gaussian,130.78991242711697,-259.57982485423395,-256.05437191510214,1,True,False,False,False,"{""rho"": 0.8109449402882665}",[],CONVERGENCE: NORM_OF_PROJECTED_GRADIENT_<=_PGTOL
2023-01-01,AAPL-GOOG,Student-t,131.30834487278523,-258.61668974557045,-251.5657838673069,2,True,False,False,False,"{""rho"": 0.8137918015690496, ""nu"": 20.322913390633165}",[],CONVERGENCE: REL_REDUCTION_OF_F_<=_FACTR*EPSMCH
2023-01-01,AAPL-GOOG,Clayton,98.78905917799314,-195.57811835598628,-192.0526654168545,1,True,False,False,False,"{""theta"": 1.9207055672237776}",[],CONVERGENCE: REL_REDUCTION_OF_F_<=_FACTR*EPSMCH
2023-01-01,AAPL-GOOG,Frank,133.21090822342268,-264.42181644684536,-260.89636350771355,1,True,False,True,True,"{""theta"": 8.426620653715956}",[],CONVERGENCE: NORM_OF_PROJECTED_GRADIENT_<=_PGTOL
2023-01-01,AAPL-GOOG,Gumbel,119.71113845349456,-237.4222769069891,-233.89682396785733,1,True,False,False,False,"{""theta"": 2.323646843337033}",[],CONVERGENCE: NORM_OF_PROJECTED_GRADIENT_<=_PGTOL
2023-01-01,AAPL-GOOG,CFG,135.72408443424501,-261.44816886849003,-243.82090417283112,5,True,True,False,False,{},"{""Clayton"": 0.17596523617446613, ""Frank"": 0.8118362936824626, ""Gumbel"": 0.012198470143071294}",Optimization terminated successfully
2023-01-01,AAPL-GOOG,CtG,134.250444961314,-256.500889922628,-235.34817228783731,6,True,False,False,False,{},"{""Clayton"": 0.18177296016640312, ""Student-t"": 0.5988608246969829, ""Gumbel"": 0.21936621513661403}",Optimization terminated successfully
2023-01-01,IBM-SPY,Gaussian,52.69560786174028,-103.39121572348056,-99.86576278434877,1,True,False,False,False,"{""rho"": 0.5963770133973975}",[],CONVERGENCE: NORM_OF_PROJECTED_GRADIENT_<=_PGTOL
2023-01-01,IBM-SPY,Student-t,63.73847657291491,-123.47695314582982,-116.42604726756626,2,True,False,True,True,"{""rho"": 0.6237770933566643, ""nu"": 3.856346397304115}",[],CONVERGENCE: NORM_OF_PROJECTED_GRADIENT_<=_PGTOL
2023-01-01,IBM-SPY,Clayton,50.41310917473874,-98.82621834947749,-95.3007654103457,1,True,False,False,False,"{""theta"": 1.1148730897196806}",[],CONVERGENCE: NORM_OF_PROJECTED_GRADIENT_<=_PGTOL
2023-01-01,IBM-SPY,Frank,55.20125421777508,-108.40250843555016,-104.87705549641838,1,True,False,False,False,"{""theta"": 4.598310097711606}",[],CONVERGENCE: NORM_OF_PROJECTED_GRADIENT_<=_PGTOL
2023-01-01,IBM-SPY,Gumbel,54.34243357655595,-106.6848671531119,-103.15941421398011,1,True,False,False,False,"{""theta"": 1.683136651822946}",[],CONVERGENCE: NORM_OF_PROJECTED_GRADIENT_<=_PGTOL
2023-01-01,IBM-SPY,CFG,64.16510086483369,-118.33020172966738,-100.70293703400847,5,True,False,False,False,{},"{""Clayton"": 0.38223907242217386, ""Frank"": 0.09799020314831326, ""Gumbel"": 0.5197707244295129}",Optimization terminated successfully
2023-01-01,IBM-SPY,CtG,64.9856011749492,-117.97120234989839,-96.81848471510769,6,True,True,False,False,{},"{""Clayton"": 0.35941958399379914, ""Student-t"": 0.25995157668816454, ""Gumbel"": 0.3806288393180363}",Optimization terminated successfully
2023-01-01,DIA-SPY,Gaussian,301.94353998196283,-601.8870799639257,-598.3616270247938,1,True,False,False,True,"{""rho"": 0.9555024562793178}",[],CONVERGENCE: NORM_OF_PROJECTED_GRADIENT_<=_PGTOL
2023-01-01,DIA-SPY,Student-t,302.48447762983506,-600.9689552596701,-593.9180493814065,2,True,False,True,False,"{""rho"": 0.9554150556909341, ""nu"": 15.340166519379734}",[],CONVERGENCE: REL_REDUCTION_OF_F_<=_FACTR*EPSMCH
2023-01-01,DIA-SPY,Clayton,258.7160546731429,-515.4321093462858,-511.90665640715395,1,True,False,False,False,"{""theta"": 5.530168501502797}",[],CONVERGENCE: REL_REDUCTION_OF_F_<=_FACTR*EPSMCH
2023-01-01,DIA-SPY,Frank,268.9645247840776,-535.9290495681552,-532.4035966290234,1,True,False,False,False,"{""theta"": 17.88708647249899}",[],CONVERGENCE: NORM_OF_PROJECTED_GRADIENT_<=_PGTOL
2023-01-01,DIA-SPY,Gumbel,281.2717626136445,-560.543525227289,-557.0180722881572,1,True,False,False,False,"{""theta"": 4.6767745001865295}",[],CONVERGENCE: NORM_OF_PROJECTED_GRADIENT_<=_PGTOL
2023-01-01,DIA-SPY,CFG,291.48176613208915,-572.9635322641783,-555.3362675685194,5,True,False,False,False,{},"{""Clayton"": 0.23865163937905512, ""Frank"": 0.09995999098116186, ""Gumbel"": 0.6613883696397831}",Optimization terminated successfully
2023-01-01,DIA-SPY,CtG,303.3196307095475,-594.639261419095,-573.4865437843042,6,True,True,False,False,{},"{""Clayton"": 0.06518950254100263, ""Student-t"": 0.9348104974589014, ""Gumbel"": 9.592326932761353e-14}",Optimization terminated successfully
2023-07-01,AAPL-GOOG,Gaussian,88.05525245920127,-174.11050491840254,-170.58505197927076,1,True,False,False,False,"{""rho"": 0.7188308949476897}",[],CONVERGENCE: NORM_OF_PROJECTED_GRADIENT_<=_PGTOL
2023-07-01,AAPL-GOOG,Student-t,89.93792684834816,-175.8758536966963,-168.82494781843275,2,True,False,True,False,"{""rho"": 0.7247435977727269, ""nu"": 9.902770923130866}",[],CONVERGENCE: NORM_OF_PROJECTED_GRADIENT_<=_PGTOL
2023-07-01,AAPL-GOOG,Clayton,76.96274293739847,-151.92548587479695,-148.40003293566517,1,True,False,False,False,"{""theta"": 1.5275213015157165}",[],CONVERGENCE: REL_REDUCTION_OF_F_<=_FACTR*EPSMCH
2023-07-01,AAPL-GOOG,Frank,88.32068762389252,-174.64137524778505,-171.11592230865327,1,True,False,False,True,"{""theta"": 6.275602163664329}",[],CONVERGENCE: NORM_OF_PROJECTED_GRADIENT_<=_PGTOL
2023-07-01,AAPL-GOOG,Gumbel,77.37857869571624,-152.7571573914325,-149.2317044523007,1,True,False,False,False,"{""theta"": 1.906245393570293}",[],CONVERGENCE: NORM_OF_PROJECTED_GRADIENT_<=_PGTOL
2023-07-01,AAPL-GOOG,CFG,93.26573507654368,-176.53147015308735,-158.90420545742845,5,True,True,False,False,{},"{""Clayton"": 0.3779750688498842, ""Frank"": 0.39167525032351763, ""Gumbel"": 0.23034968082659818}",Optimization terminated successfully
2023-07-01,AAPL-GOOG,CtG,93.04512671840973,-174.09025343681947,-152.93753580202878,6,True,False,False,False,{},"{""Clayton"": 0.22483133833963687, ""Student-t"": 0.7206480599037347, ""Gumbel"": 0.05452060175662843}",Optimization terminated successfully
2023-07-01,IBM-SPY,Gaussian,52.14357543198135,-102.2871508639627,-98.76169792483091,1,True,False,False,False,"{""rho"": 0.5939258843801818}",[],CONVERGENCE: NORM_OF_PROJECTED_GRADIENT_<=_PGTOL
2023-07-01,IBM-SPY,Student-t,67.19853844015135,-130.3970768803027,-123.34617100203914,2,True,False,True,True,"{""rho"": 0.6326870928546081, ""nu"": 3.3431209435564004}",[],CONVERGENCE: NORM_OF_PROJECTED_GRADIENT_<=_PGTOL
2023-07-01,IBM-SPY,Clayton,52.295457724676616,-102.59091544935323,-99.06546251022145,1,True,False,False,False,"{""theta"": 1.1628140924924482}",[],CONVERGENCE: NORM_OF_PROJECTED_GRADIENT_<=_PGTOL
2023-07-01,IBM-SPY,Frank,57.80991442851343,-113.61982885702686,-110.09437591789508,1,True,False,False,False,"{""theta"": 4.829620187006977}",[],CONVERGENCE: NORM_OF_PROJECTED_GRADIENT_<=_PGTOL
2023-07-01,IBM-SPY,Gumbel,54.031760976424685,-106.06352195284937,-102.53806901371759,1,True,False,False,False,"{""theta"": 1.6885526462446594}",[],CONVERGENCE: NORM_OF_PROJECTED_GRADIENT_<=_PGTOL
2023-07-01,IBM-SPY,CFG,66.66169830822543,-123.32339661645085,-105.69613192079194,5,True,False,False,False,{},"{""Clayton"": 0.41939919438499346, ""Frank"": 0.37276713450515375, ""Gumbel"": 0.20783367110985274}",Optimization terminated successfully
2023-07-01,IBM-SPY,CtG,67.9244816131858,-123.84896322637161,-102.6962455915809,6,True,True,False,False,{},"{""Clayton"": 0.19771070374552413, ""Student-t"": 0.7733046174407029, ""Gumbel"": 0.02898467881377298}",Optimization terminated successfully
2023-07-01,DIA-SPY,Gaussian,265.16093670101964,-528.3218734020393,-524.7964204629075,1,True,False,False,True,"{""rho"": 0.9398291905986385}",[],CONVERGENCE: REL_REDUCTION_OF_F_<=_FACTR*EPSMCH
2023-07-01,DIA-SPY,Student-t,267.7844382142182,-531.5688764284364,-524.5179705501728,2,True,False,True,False,"{""rho"": 0.9404734420644308, ""nu"": 8.022013828418634}",[],CONVERGENCE: REL_REDUCTION_OF_F_<=_FACTR*EPSMCH
2023-07-01,DIA-SPY,Clayton,216.65618187493257,-431.31236374986514,-427.78691081073333,1,True,False,False,False,"{""theta"": 4.373541151731557}",[],CONVERGENCE: NORM_OF_PROJECTED_GRADIENT_<=_PGTOL
2023-07-01,DIA-SPY,Frank,243.83868687258501,-485.67737374517003,-482.1519208060382,1,True,False,False,False,"{""theta"": 15.853562782248726}",[],CONVERGENCE: REL_REDUCTION_OF_F_<=_FACTR*EPSMCH
2023-07-01,DIA-SPY,Gumbel,253.3879151322981,-504.7758302645962,-501.2503773254644,1,True,False,False,False,"{""theta"": 4.184067288125287}",[],CONVERGENCE: NORM_OF_PROJECTED_GRADIENT_<=_PGTOL
2023-07-01,DIA-SPY,CFG,261.70872867151445,-513.4174573430289,-495.79019264736996,5,True,False,False,False,{},"{""Clayton"": 0.14288918971499742, ""Frank"": 0.18814591775026865, ""Gumbel"": 0.6689648925347339}",Optimization terminated successfully
2023-07-01,DIA-SPY,CtG,272.7946993705709,-533.5893987411418,-512.4366811063511,6,True,True,False,False,{},"{""Clayton"": 0.04709642677000681, ""Student-t"": 0.9529035731957741, ""Gumbel"": 3.421907202039165e-11}",Optimization terminated successfully
2024-01-01,AAPL-GOOG,Gaussian,48.17614638704684,-94.35229277409368,-90.83083185623144,1,True,False,False,False,"{""rho"": 0.5765952594804398}",[],CONVERGENCE: NORM_OF_PROJECTED_GRADIENT_<=_PGTOL
2024-01-01,AAPL-GOOG,Student-t,50.240427207519275,-96.48085441503855,-89.43793257931407,2,True,False,True,False,"{""rho"": 0.5875892050228548, ""nu"": 8.009248342683446}",[],CONVERGENCE: REL_REDUCTION_OF_F_<=_FACTR*EPSMCH
2024-01-01,AAPL-GOOG,Clayton,40.506873464373825,-79.01374692874765,-75.49228601088541,1,True,False,False,False,"{""theta"": 0.9564883191763911}",[],CONVERGENCE: NORM_OF_PROJECTED_GRADIENT_<=_PGTOL
2024-01-01,AAPL-GOOG,Frank,49.68989917303876,-97.37979834607752,-93.85833742821528,1,True,False,False,True,"{""theta"": 4.314521812251814}",[],CONVERGENCE: NORM_OF_PROJECTED_GRADIENT_<=_PGTOL
2024-01-01,AAPL-GOOG,Gumbel,44.061469904076,-86.122939808152,-82.60147889028975,1,True,False,False,False,"{""theta"": 1.5824964781796234}",[],CONVERGENCE: NORM_OF_PROJECTED_GRADIENT_<=_PGTOL
2024-01-01,AAPL-GOOG,CFG,53.147896573839844,-96.29579314767969,-78.68848855836846,5,True,True,False,False,{},"{""Clayton"": 0.3146976549614806, ""Frank"": 0.2670117200604226, ""Gumbel"": 0.41829062497809677}",Optimization terminated successfully
2024-01-01,AAPL-GOOG,CtG,52.407539144545666,-92.81507828909133,-71.68631278191785,6,True,False,False,False,{},"{""Clayton"": 0.26563159385792606, ""Student-t"": 0.45412093388365343, ""Gumbel"": 0.28024747225842045}",Optimization terminated successfully
2024-01-01,IBM-SPY,Gaussian,31.420026984316372,-60.840053968632745,-57.3185930507705,1,True,False,False,False,"{""rho"": 0.482942005531779}",[],CONVERGENCE: NORM_OF_PROJECTED_GRADIENT_<=_PGTOL
2024-01-01,IBM-SPY,Student-t,43.146483270815295,-82.29296654163059,-75.2500447059061,2,True,False,True,True,"{""rho"": 0.5383801330482497, ""nu"": 3.476534639327533}",[],CONVERGENCE: NORM_OF_PROJECTED_GRADIENT_<=_PGTOL
2024-01-01,IBM-SPY,Clayton,33.17024276792271,-64.34048553584542,-60.819024617983175,1,True,False,False,False,"{""theta"": 0.8481367292184664}",[],CONVERGENCE: NORM_OF_PROJECTED_GRADIENT_<=_PGTOL
2024-01-01,IBM-SPY,Frank,37.79048835091674,-73.58097670183348,-70.05951578397124,1,True,False,False,False,"{""theta"": 3.778946575114452}",[],CONVERGENCE: NORM_OF_PROJECTED_GRADIENT_<=_PGTOL
2024-01-01,IBM-SPY,Gumbel,32.496117048520574,-62.99223409704115,-59.470773179178906,1,True,False,False,False,"{""theta"": 1.4885030550971443}",[],CONVERGENCE: NORM_OF_PROJECTED_GRADIENT_<=_PGTOL
2024-01-01,IBM-SPY,CFG,45.284745511542354,-80.56949102308471,-62.96218643377348,5,True,False,False,False,{},"{""Clayton"": 0.35202077487088834, ""Frank"": 0.6366204559221396, ""Gumbel"": 0.01135876920697221}",Optimization terminated successfully
2024-01-01,IBM-SPY,CtG,47.00567298705735,-82.0113459741147,-60.88258046694123,6,True,True,False,False,{},"{""Clayton"": 0.36507609338795205, ""Student-t"": 0.6232712176759321, ""Gumbel"": 0.01165268893611593}",Optimization terminated successfully
2024-01-01,DIA-SPY,Gaussian,196.5069200048653,-391.0138400097306,-387.4923790918683,1,True,False,False,False,"{""rho"": 0.8939786950166051}",[],CONVERGENCE: NORM_OF_PROJECTED_GRADIENT_<=_PGTOL
2024-01-01,DIA-SPY,Student-t,200.88555741460266,-397.7711148292053,-390.72819299348083,2,True,False,True,True,"{""rho"": 0.8974874080328366, ""nu"": 6.908755244949196}",[],CONVERGENCE: REL_REDUCTION_OF_F_<=_FACTR*EPSMCH
2024-01-01,DIA-SPY,Clayton,164.5036352920751,-327.0072705841502,-323.48580966628793,1,True,False,False,False,"{""theta"": 3.225380337728807}",[],CONVERGENCE: REL_REDUCTION_OF_F_<=_FACTR*EPSMCH
2024-01-01,DIA-SPY,Frank,186.90566026487784,-371.8113205297557,-368.2898596118934,1,True,False,False,False,"{""theta"": 11.830511081695265}",[],CONVERGENCE: NORM_OF_PROJECTED_GRADIENT_<=_PGTOL
2024-01-01,DIA-SPY,Gumbel,185.3337561996015,-368.667512399203,-365.14605148134075,1,True,False,False,False,"{""theta"": 3.1501995251544668}",[],CONVERGENCE: NORM_OF_PROJECTED_GRADIENT_<=_PGTOL
2024-01-01,DIA-SPY,CFG,199.13048010609702,-388.26096021219405,-370.6536556228828,5,True,False,False,False,{},"{""Clayton"": 0.3005504107160975, ""Frank"": 0.20010059642598088, ""Gumbel"": 0.49934899285792167}",Optimization terminated successfully
2024-01-01,DIA-SPY,CtG,201.62512076412887,-391.25024152825773,-370.1214760210843,6,True,True,False,False,{},"{""Clayton"": 0.10052579923689756, ""Student-t"": 0.899474200720917, ""Gumbel"": 4.218547733358946e-11}",Optimization terminated successfully
2024-07-01,AAPL-GOOG,Gaussian,30.936480622343836,-59.87296124468767,-56.35150032682543,1,True,False,False,False,"{""rho"": 0.4797325293200619}",[],CONVERGENCE: NORM_OF_PROJECTED_GRADIENT_<=_PGTOL
2024-07-01,AAPL-GOOG,Student-t,31.57087501552749,-59.14175003105498,-52.09882819533049,2,True,False,False,False,"{""rho"": 0.4878922230894658, ""nu"": 14.212503512595411}",[],CONVERGENCE: REL_REDUCTION_OF_F_<=_FACTR*EPSMCH
2024-07-01,AAPL-GOOG,Clayton,30.556062683082818,-59.112125366165635,-55.590664448303386,1,True,False,False,False,"{""theta"": 0.7603976167545332}",[],CONVERGENCE: NORM_OF_PROJECTED_GRADIENT_<=_PGTOL
2024-07-01,AAPL-GOOG,Frank,32.38322486251166,-62.76644972502332,-59.24498880716108,1,True,False,True,True,"{""theta"": 3.3304765646241528}",[],CONVERGENCE: NORM_OF_PROJECTED_GRADIENT_<=_PGTOL
2024-07-01,AAPL-GOOG,Gumbel,25.013656734132933,-48.02731346826587,-44.50585255040362,1,True,False,False,False,"{""theta"": 1.4064562034136696}",[],CONVERGENCE: NORM_OF_PROJECTED_GRADIENT_<=_PGTOL
2024-07-01,AAPL-GOOG,CFG,34.99075537214753,-59.981510744295065,-42.37420615498384,5,True,True,False,False,{},"{""Clayton"": 0.5879899985529022, ""Frank"": 0.39830795400657526, ""Gumbel"": 0.013702047440522502}",Optimization terminated successfully
2024-07-01,AAPL-GOOG,CtG,33.97504299389111,-55.95008598778222,-34.82132048060874,6,True,False,False,False,{},"{""Clayton"": 0.5428687255831511, ""Student-t"": 0.3130411290272311, ""Gumbel"": 0.14409014538961779}",Optimization terminated successfully
2024-07-01,IBM-SPY,Gaussian,32.00377227069904,-62.007544541398076,-58.48608362353583,1,True,False,False,False,"{""rho"": 0.48676992859945023}",[],CONVERGENCE: NORM_OF_PROJECTED_GRADIENT_<=_PGTOL
2024-07-01,IBM-SPY,Student-t,36.79141038868506,-69.58282077737012,-62.539898941645625,2,True,False,True,True,"{""rho"": 0.5012380908639008, ""nu"": 5.006407511776192}",[],CONVERGENCE: NORM_OF_PROJECTED_GRADIENT_<=_PGTOL
2024-07-01,IBM-SPY,Clayton,33.09825214214014,-64.19650428428028,-60.67504336641804,1,True,False,False,False,"{""theta"": 0.8101985103530552}",[],CONVERGENCE: NORM_OF_PROJECTED_GRADIENT_<=_PGTOL
2024-07-01,IBM-SPY,Frank,33.34794609313904,-64.69589218627809,-61.174431268415844,1,True,False,False,False,"{""theta"": 3.4496562260574892}",[],CONVERGENCE: NORM_OF_PROJECTED_GRADIENT_<=_PGTOL
2024-07-01,IBM-SPY,Gumbel,28.801084546776913,-55.602169093553826,-52.08070817569158,1,True,False,False,False,"{""theta"": 1.4368745801013632}",[],CONVERGENCE: NORM_OF_PROJECTED_GRADIENT_<=_PGTOL
2024-07-01,IBM-SPY,CFG,38.16802471829213,-66.33604943658426,-48.728744847273035,5,True,False,False,False,{},"{""Clayton"": 0.6065341038186618, ""Frank"": 0.3934658961813382, ""Gumbel"": 0.0}",Optimization terminated successfully
2024-07-01,IBM-SPY,CtG,38.33647164709495,-64.6729432941899,-43.54417778701643,6,True,True,False,False,{},"{""Clayton"": 0.5303493053948733, ""Student-t"": 0.4696506920647885, ""Gumbel"": 2.5403381620492382e-09}",Optimization terminated successfully
2024-07-01,DIA-SPY,Gaussian,138.19375660391222,-274.38751320782444,-270.86605228996217,1,True,False,False,False,"{""rho"": 0.8239410642078194}",[],CONVERGENCE: NORM_OF_PROJECTED_GRADIENT_<=_PGTOL
2024-07-01,DIA-SPY,Student-t,143.2518362979602,-282.5036725959204,-275.46075076019594,2,True,False,True,True,"{""rho"": 0.8284796348101328, ""nu"": 5.206035890060341}",[],CONVERGENCE: NORM_OF_PROJECTED_GRADIENT_<=_PGTOL
2024-07-01,DIA-SPY,Clayton,120.26762445341095,-238.5352489068219,-235.01378798895965,1,True,False,False,False,"{""theta"": 2.3225110270152562}",[],CONVERGENCE: REL_REDUCTION_OF_F_<=_FACTR*EPSMCH
2024-07-01,DIA-SPY,Frank,131.01352229857355,-260.0270445971471,-256.5055836792848,1,True,False,False,False,"{""theta"": 8.54299725448475}",[],CONVERGENCE: NORM_OF_PROJECTED_GRADIENT_<=_PGTOL
2024-07-01,DIA-SPY,Gumbel,129.52996615288492,-257.05993230576985,-253.5384713879076,1,True,False,False,False,"{""theta"": 2.4606835698704175}",[],CONVERGENCE: NORM_OF_PROJECTED_GRADIENT_<=_PGTOL
2024-07-01,DIA-SPY,CFG,142.6966000556386,-275.3932001112772,-257.785895521966,5,True,False,False,False,{},"{""Clayton"": 0.3416130755201998, ""Frank"": 0.18163373300004895, ""Gumbel"": 0.4767531914797513}",Optimization terminated successfully
2024-07-01,DIA-SPY,CtG,144.7983606467011,-277.5967212934022,-256.46795578622874,6,True,True,False,False,{},"{""Clayton"": 0.14731175500857294, ""Student-t"": 0.7940843689457047, ""Gumbel"": 0.05860387604572249}",Optimization terminated successfully
2025-01-01,AAPL-GOOG,Gaussian,23.126853986185118,-44.253707972370236,-40.72427888485881,1,True,False,False,False,"{""rho"": 0.4206890859375299}",[],CONVERGENCE: NORM_OF_PROJECTED_GRADIENT_<=_PGTOL
2025-01-01,AAPL-GOOG,Student-t,23.511417737634446,-43.02283547526889,-35.96397730024604,2,True,False,False,False,"{""rho"": 0.42460868533379587, ""nu"": 15.403265458308763}",[],CONVERGENCE: REL_REDUCTION_OF_F_<=_FACTR*EPSMCH
2025-01-01,AAPL-GOOG,Clayton,28.86777440569777,-55.73554881139554,-52.206119723884115,1,True,False,True,True,"{""theta"": 0.7228115078912801}",[],CONVERGENCE: NORM_OF_PROJECTED_GRADIENT_<=_PGTOL
2025-01-01,AAPL-GOOG,Frank,22.67783107704538,-43.35566215409076,-39.826233066579334,1,True,False,False,False,"{""theta"": 2.699868130108686}",[],CONVERGENCE: NORM_OF_PROJECTED_GRADIENT_<=_PGTOL
2025-01-01,AAPL-GOOG,Gumbel,15.565079455136832,-29.130158910273664,-25.60072982276224,1,True,False,False,False,"{""theta"": 1.3052380376841757}",[],CONVERGENCE: NORM_OF_PROJECTED_GRADIENT_<=_PGTOL
2025-01-01,AAPL-GOOG,CFG,31.71034437015752,-53.42068874031504,-35.77354330275793,5,True,True,False,False,{},"{""Clayton"": 0.846704247264672, ""Frank"": 0.10293399806890832, ""Gumbel"": 0.050361754666419706}",Optimization terminated successfully
2025-01-01,AAPL-GOOG,CtG,31.664223197040975,-51.32844639408195,-30.151871869013412,6,True,False,False,False,{},"{""Clayton"": 0.8502298046313476, ""Student-t"": 0.09856933976251848, ""Gumbel"": 0.05120085560613395}",Optimization terminated successfully
2025-01-01,IBM-SPY,Gaussian,32.55025805323535,-63.10051610647071,-59.57108701895928,1,True,False,False,True,"{""rho"": 0.4885661653786504}",[],CONVERGENCE: NORM_OF_PROJECTED_GRADIENT_<=_PGTOL
2025-01-01,IBM-SPY,Student-t,33.0106313777833,-62.021262755566596,-54.96240458054375,2,True,False,True,False,"{""rho"": 0.490395382989332, ""nu"": 15.445587794483256}",[],CONVERGENCE: REL_REDUCTION_OF_F_<=_FACTR*EPSMCH
2025-01-01,IBM-SPY,Clayton,29.627174389084647,-57.254348778169295,-53.72491969065787,1,True,False,False,False,"{""theta"": 0.7638449634036566}",[],CONVERGENCE: REL_REDUCTION_OF_F_<=_FACTR*EPSMCH
2025-01-01,IBM-SPY,Frank,30.39240769067132,-58.78481538134264,-55.255386293831215,1,True,False,False,False,"{""theta"": 3.1638938572657236}",[],CONVERGENCE: NORM_OF_PROJECTED_GRADIENT_<=_PGTOL
2025-01-01,IBM-SPY,Gumbel,27.341938020251053,-52.683876040502106,-49.15444695299068,1,True,False,False,False,"{""theta"": 1.405511242253163}",[],CONVERGENCE: NORM_OF_PROJECTED_GRADIENT_<=_PGTOL
2025-01-01,IBM-SPY,CFG,35.98403690525017,-61.96807381050034,-44.32092837294323,5,True,False,False,False,{},"{""Clayton"": 0.44736484790338965, ""Frank"": 0.103476523622995, ""Gumbel"": 0.44915862847361543}",Optimization terminated successfully
2025-01-01,IBM-SPY,CtG,36.083717551893244,-60.16743510378649,-38.99086057871795,6,True,True,False,False,{},"{""Clayton"": 0.38102649209453227, ""Student-t"": 0.3437164074825687, ""Gumbel"": 0.27525710042289897}",Optimization terminated successfully
2025-01-01,DIA-SPY,Gaussian,124.77417300594325,-247.5483460118865,-244.01891692437508,1,True,False,False,False,"{""rho"": 0.7994897773767505}",[],CONVERGENCE: NORM_OF_PROJECTED_GRADIENT_<=_PGTOL
2025-01-01,DIA-SPY,Student-t,128.3982433861625,-252.796486772325,-245.73762859730218,2,True,False,True,True,"{""rho"": 0.796266111858668, ""nu"": 5.118231979974906}",[],CONVERGENCE: REL_REDUCTION_OF_F_<=_FACTR*EPSMCH
2025-01-01,DIA-SPY,Clayton,115.11419853501307,-228.22839707002615,-224.69896798251472,1,True,False,False,False,"{""theta"": 2.1775949719751027}",[],CONVERGENCE: NORM_OF_PROJECTED_GRADIENT_<=_PGTOL
2025-01-01,DIA-SPY,Frank,110.63352741553254,-219.26705483106508,-215.73762574355365,1,True,False,False,False,"{""theta"": 7.312241238804725}",[],CONVERGENCE: REL_REDUCTION_OF_F_<=_FACTR*EPSMCH
2025-01-01,DIA-SPY,Gumbel,114.34701833155373,-226.69403666310745,-223.16460757559602,1,True,False,False,False,"{""theta"": 2.2608527988845126}",[],CONVERGENCE: NORM_OF_PROJECTED_GRADIENT_<=_PGTOL
2025-01-01,DIA-SPY,CFG,128.7945490090575,-247.589098018115,-229.94195258055788,5,True,False,False,False,{},"{""Clayton"": 0.48731816523746624, ""Frank"": 1.542939436033119e-15, ""Gumbel"": 0.5126818347625322}",Optimization terminated successfully
2025-01-01,DIA-SPY,CtG,130.24264757812423,-248.48529515624847,-227.30872063117994,6,True,True,False,False,{},"{""Clayton"": 0.23521015955801888, ""Student-t"": 0.7647898404419811, ""Gumbel"": 0.0}",Optimization terminated successfully
2025-07-01,AAPL-GOOG,Gaussian,23.90779349149258,-45.81558698298516,-42.29412606512291,1,True,False,False,False,"{""rho"": 0.4285537662890974}",[],CONVERGENCE: NORM_OF_PROJECTED_GRADIENT_<=_PGTOL
2025-07-01,AAPL-GOOG,Student-t,29.624441950413566,-55.24888390082713,-48.20596206510264,2,True,False,True,True,"{""rho"": 0.43117177321669575, ""nu"": 3.903150963089388}",[],CONVERGENCE: REL_REDUCTION_OF_F_<=_FACTR*EPSMCH
2025-07-01,AAPL-GOOG,Clayton,26.115454647661814,-50.23090929532363,-46.709448377461385,1,True,False,False,False,"{""theta"": 0.6938014616151865}",[],CONVERGENCE: NORM_OF_PROJECTED_GRADIENT_<=_PGTOL
2025-07-01,AAPL-GOOG,Frank,23.09736845334508,-44.19473690669016,-40.67327598882791,1,True,False,False,False,"{""theta"": 2.8066366486522574}",[],CONVERGENCE: NORM_OF_PROJECTED_GRADIENT_<=_PGTOL
2025-07-01,AAPL-GOOG,Gumbel,22.693426104738954,-43.38685220947791,-39.865391291615666,1,True,False,False,False,"{""theta"": 1.3623243429290115}",[],CONVERGENCE: NORM_OF_PROJECTED_GRADIENT_<=_PGTOL
2025-07-01,AAPL-GOOG,CFG,30.114684472551208,-50.229368945102415,-32.62206435579118,5,True,False,False,False,{},"{""Clayton"": 0.7389231919602037, ""Frank"": 0.03200997388191594, ""Gumbel"": 0.22906683415788032}",Optimization terminated successfully
2025-07-01,AAPL-GOOG,CtG,32.10802571659967,-52.21605143319934,-31.087285926025864,6,True,True,False,False,{},"{""Clayton"": 0.6470727384832411, ""Student-t"": 0.03876318629451623, ""Gumbel"": 0.31416407522224266}",Optimization terminated successfully
2025-07-01,IBM-SPY,Gaussian,40.12139598616522,-78.24279197233044,-74.7213310544682,1,True,False,False,True,"{""rho"": 0.5353488140351123}",[],CONVERGENCE: NORM_OF_PROJECTED_GRADIENT_<=_PGTOL
2025-07-01,IBM-SPY,Student-t,40.98945863517094,-77.97891727034188,-70.93599543461738,2,True,False,True,False,"{""rho"": 0.5403797741229417, ""nu"": 12.517470124033984}",[],CONVERGENCE: REL_REDUCTION_OF_F_<=_FACTR*EPSMCH
2025-07-01,IBM-SPY,Clayton,36.06151768343801,-70.12303536687602,-66.60157444901378,1,True,False,False,False,"{""theta"": 0.872064136191394}",[],CONVERGENCE: NORM_OF_PROJECTED_GRADIENT_<=_PGTOL
2025-07-01,IBM-SPY,Frank,39.889659070354085,-77.77931814070817,-74.25785722284593,1,True,False,False,False,"{""theta"": 3.7241005361877684}",[],CONVERGENCE: NORM_OF_PROJECTED_GRADIENT_<=_PGTOL
2025-07-01,IBM-SPY,Gumbel,33.93228656040765,-65.8645731208153,-62.34311220295305,1,True,False,False,False,"{""theta"": 1.4810036381251397}",[],CONVERGENCE: NORM_OF_PROJECTED_GRADIENT_<=_PGTOL
2025-07-01,IBM-SPY,CFG,42.87164138685456,-75.74328277370913,-58.1359781843979,5,True,True,False,False,{},"{""Clayton"": 0.4100727372598787, ""Frank"": 0.35318051284258883, ""Gumbel"": 0.23674674989753255}",Optimization terminated successfully
2025-07-01,IBM-SPY,CtG,42.611812179457516,-73.22362435891503,-52.094858851741556,6,True,False,False,False,{},"{""Clayton"": 0.402660318462643, ""Student-t"": 0.3048791974201771, ""Gumbel"": 0.29246048411717995}",Optimization terminated successfully
2025-07-01,DIA-SPY,Gaussian,161.5295701552842,-321.0591403105684,-317.53767939270614,1,True,False,False,False,"{""rho"": 0.8567047516071613}",[],CONVERGENCE: NORM_OF_PROJECTED_GRADIENT_<=_PGTOL
2025-07-01,DIA-SPY,Student-t,173.4238205642505,-342.847641128501,-335.8047192927765,2,True,False,True,True,"{""rho"": 0.8566584648905727, ""nu"": 3.166075588993935}",[],CONVERGENCE: NORM_OF_PROJECTED_GRADIENT_<=_PGTOL
2025-07-01,DIA-SPY,Clayton,143.89146433930284,-285.7829286786057,-282.2614677607434,1,True,False,False,False,"{""theta"": 2.773599873970258}",[],CONVERGENCE: NORM_OF_PROJECTED_GRADIENT_<=_PGTOL
2025-07-01,DIA-SPY,Frank,147.4919997399887,-292.9839994799774,-289.4625385621151,1,True,False,False,False,"{""theta"": 9.461415311982261}",[],CONVERGENCE: NORM_OF_PROJECTED_GRADIENT_<=_PGTOL
2025-07-01,DIA-SPY,Gumbel,159.71175101891873,-317.42350203783747,-313.9020411199752,1,True,False,False,False,"{""theta"": 2.808131423491732}",[],CONVERGENCE: REL_REDUCTION_OF_F_<=_FACTR*EPSMCH
2025-07-01,DIA-SPY,CFG,171.07553789840978,-332.15107579681955,-314.5437712075083,5,True,False,False,False,{},"{""Clayton"": 0.3529237328542131, ""Frank"": 0.04191399641331123, ""Gumbel"": 0.6051622707324757}",Optimization terminated successfully
2025-07-01,DIA-SPY,CtG,173.97478191297836,-335.9495638259567,-314.82079831878326,6,True,True,False,False,{},"{""Clayton"": 0.1049444719871119, ""Student-t"": 0.8950555280128881, ""Gumbel"": 0.0}",Optimization terminated successfully
