window,symbol,model,p,q,innovation_estimation,selection,return_input,mean_parameterization,mu_percent,phi,theta,omega_percent_squared,alpha,beta,persistence,formation_count,variance_initialization,initial_variance_percent_squared,log_likelihood_percent_scale,aic,converged,optimizer_message,cdf
2006-01-01,AAPL,"ARMA(0,0)-GARCH(1,1)",0,0,Gaussian quasi-maximum likelihood,"AIC over p,q in {0,1}",decimal log returns; internally multiplied by 100,mu + phi*(previous_return-mu) + theta*previous_error,0.37614279356335945,0.0,0.0,2.1350333225687748,0.12817037318437627,0.5127368460929574,0.6409072192773337,252,formation sample variance (ddof=1),5.963632751114139,-578.1090618414673,1164.2181236829347,True,Optimization terminated successfully,"formation EDF right ranks/(n+1), clipped to [1/(n+1),n/(n+1)]"
2006-01-01,GOOG,"ARMA(0,0)-GARCH(1,1)",0,0,Gaussian quasi-maximum likelihood,"AIC over p,q in {0,1}",decimal log returns; internally multiplied by 100,mu + phi*(previous_return-mu) + theta*previous_error,0.29539980451288345,0.0,0.0,1.0134051920374307,0.18836762747907354,0.5763381814994384,0.7647058089785119,252,formation sample variance (ddof=1),4.1570886257766935,-531.305915349951,1070.611830699902,True,Optimization terminated successfully,"formation EDF right ranks/(n+1), clipped to [1/(n+1),n/(n+1)]"
2006-01-01,IBM,"ARMA(0,0)-GARCH(1,1)",0,0,Gaussian quasi-maximum likelihood,"AIC over p,q in {0,1}",decimal log returns; internally multiplied by 100,mu + phi*(previous_return-mu) + theta*previous_error,0.022184586483471797,0.0,0.0,0.19603447075046276,0.3401876763032636,0.5815160857996259,0.9217037621028894,252,formation sample variance (ddof=1),1.2686079660158323,-374.09649319569354,756.1929863913871,True,Optimization terminated successfully,"formation EDF right ranks/(n+1), clipped to [1/(n+1),n/(n+1)]"
2006-01-01,DIA,"ARMA(0,0)-GARCH(1,1)",0,0,Gaussian quasi-maximum likelihood,"AIC over p,q in {0,1}",decimal log returns; internally multiplied by 100,mu + phi*(previous_return-mu) + theta*previous_error,0.0089686752708355,0.0,0.0,0.07142089522196551,0.09143459761396402,0.7288929745453074,0.8203275721592714,252,formation sample variance (ddof=1),0.4015521760039344,-238.66037091694096,485.3207418338819,True,Optimization terminated successfully,"formation EDF right ranks/(n+1), clipped to [1/(n+1),n/(n+1)]"
2006-01-01,SPY,"ARMA(0,0)-GARCH(1,1)",0,0,Gaussian quasi-maximum likelihood,"AIC over p,q in {0,1}",decimal log returns; internally multiplied by 100,mu + phi*(previous_return-mu) + theta*previous_error,0.025157357430905792,0.0,0.0,0.06049382774592393,0.09920167144410842,0.7535963949082557,0.8527980663523641,252,formation sample variance (ddof=1),0.4228517547920876,-243.89495436218186,495.7899087243637,True,Optimization terminated successfully,"formation EDF right ranks/(n+1), clipped to [1/(n+1),n/(n+1)]"
2006-07-01,AAPL,"ARMA(0,0)-GARCH(1,1)",0,0,Gaussian quasi-maximum likelihood,"AIC over p,q in {0,1}",decimal log returns; internally multiplied by 100,mu + phi*(previous_return-mu) + theta*previous_error,0.17968678124341808,0.0,0.0,5.629612467385453,0.05861809175406081,8.3908538678138e-16,0.05861809175406165,252,formation sample variance (ddof=1),5.990598301866407,-581.965540629465,1171.93108125893,True,Optimization terminated successfully,"formation EDF right ranks/(n+1), clipped to [1/(n+1),n/(n+1)]"
2006-07-01,GOOG,"ARMA(0,0)-GARCH(1,1)",0,0,Gaussian quasi-maximum likelihood,"AIC over p,q in {0,1}",decimal log returns; internally multiplied by 100,mu + phi*(previous_return-mu) + theta*previous_error,0.20536722748126163,0.0,0.0,0.3534004465182955,0.04980251919847008,0.8823440904501698,0.9321466096486399,252,formation sample variance (ddof=1),5.0692768748742205,-557.5427257845635,1123.085451569127,True,Optimization terminated successfully,"formation EDF right ranks/(n+1), clipped to [1/(n+1),n/(n+1)]"
2006-07-01,IBM,"ARMA(0,0)-GARCH(1,1)",0,0,Gaussian quasi-maximum likelihood,"AIC over p,q in {0,1}",decimal log returns; internally multiplied by 100,mu + phi*(previous_return-mu) + theta*previous_error,0.016688346922956628,0.0,0.0,0.7185711451991433,0.10104339735331952,8.959369815946621e-13,0.10104339735421546,252,formation sample variance (ddof=1),0.7977988727898434,-327.7054271985859,663.4108543971718,True,Optimization terminated successfully,"formation EDF right ranks/(n+1), clipped to [1/(n+1),n/(n+1)]"
2006-07-01,DIA,"ARMA(1,1)-GARCH(1,1)",1,1,Gaussian quasi-maximum likelihood,"AIC over p,q in {0,1}",decimal log returns; internally multiplied by 100,mu + phi*(previous_return-mu) + theta*previous_error,0.048267711986596205,0.9273532932754492,-0.98,0.025309407912707405,0.05131070093771501,0.8861993672745131,0.9375100682122282,252,formation sample variance (ddof=1),0.40417707014543147,-237.86228192395677,487.72456384791354,True,Optimization terminated successfully,"formation EDF right ranks/(n+1), clipped to [1/(n+1),n/(n+1)]"
2006-07-01,SPY,"ARMA(1,1)-GARCH(1,1)",1,1,Gaussian quasi-maximum likelihood,"AIC over p,q in {0,1}",decimal log returns; internally multiplied by 100,mu + phi*(previous_return-mu) + theta*previous_error,0.04397510275614667,0.93430494712203,-0.98,0.02859744757749758,0.06293728120082202,0.8750353367542371,0.937972617955059,252,formation sample variance (ddof=1),0.4517984781927928,-251.1149786217006,514.2299572434013,True,Optimization terminated successfully,"formation EDF right ranks/(n+1), clipped to [1/(n+1),n/(n+1)]"
2007-01-01,AAPL,"ARMA(0,0)-GARCH(1,1)",0,0,Gaussian quasi-maximum likelihood,"AIC over p,q in {0,1}",decimal log returns; internally multiplied by 100,mu + phi*(previous_return-mu) + theta*previous_error,0.11037838036698623,0.0,0.0,5.773399729306511e-08,0.007945185897202493,0.9896764662639437,0.9976216521611462,251,formation sample variance (ddof=1),5.773399729306511,-573.4951928567285,1154.990385713457,True,Optimization terminated successfully,"formation EDF right ranks/(n+1), clipped to [1/(n+1),n/(n+1)]"
2007-01-01,GOOG,"ARMA(0,0)-GARCH(1,1)",0,0,Gaussian quasi-maximum likelihood,"AIC over p,q in {0,1}",decimal log returns; internally multiplied by 100,mu + phi*(previous_return-mu) + theta*previous_error,0.07656103203675042,0.0,0.0,0.06924147933024045,0.03119958771859334,0.9476077790170482,0.9788073667356415,251,formation sample variance (ddof=1),4.582993700417365,-533.5265770362514,1075.0531540725028,True,Optimization terminated successfully,"formation EDF right ranks/(n+1), clipped to [1/(n+1),n/(n+1)]"
2007-01-01,IBM,"ARMA(0,0)-GARCH(1,1)",0,0,Gaussian quasi-maximum likelihood,"AIC over p,q in {0,1}",decimal log returns; internally multiplied by 100,mu + phi*(previous_return-mu) + theta*previous_error,0.07196007944812452,0.0,0.0,0.05819667510494572,2.351700767379503e-11,0.925063873548882,0.9250638735723989,251,formation sample variance (ddof=1),0.7958418393255781,-326.96102693130825,661.9220538626165,True,Optimization terminated successfully,"formation EDF right ranks/(n+1), clipped to [1/(n+1),n/(n+1)]"
2007-01-01,DIA,"ARMA(1,1)-GARCH(1,1)",1,1,Gaussian quasi-maximum likelihood,"AIC over p,q in {0,1}",decimal log returns; internally multiplied by 100,mu + phi*(previous_return-mu) + theta*previous_error,0.09097177880511025,-0.5422658665679836,0.6715931677461888,0.007800116740697175,0.05564271502766372,0.920120464326001,0.9757631793536647,251,formation sample variance (ddof=1),0.3787596826481308,-221.16648564681597,454.33297129363194,True,Optimization terminated successfully,"formation EDF right ranks/(n+1), clipped to [1/(n+1),n/(n+1)]"
2007-01-01,SPY,"ARMA(1,1)-GARCH(1,1)",1,1,Gaussian quasi-maximum likelihood,"AIC over p,q in {0,1}",decimal log returns; internally multiplied by 100,mu + phi*(previous_return-mu) + theta*previous_error,0.07603529927517856,-0.9323939940652695,0.9799999999999993,0.009877656103030008,0.04824301092758753,0.9225746538672441,0.9708176647948317,251,formation sample variance (ddof=1),0.39723340606888224,-228.87948173273924,469.7589634654785,True,Optimization terminated successfully,"formation EDF right ranks/(n+1), clipped to [1/(n+1),n/(n+1)]"
2007-07-01,AAPL,"ARMA(0,0)-GARCH(1,1)",0,0,Gaussian quasi-maximum likelihood,"AIC over p,q in {0,1}",decimal log returns; internally multiplied by 100,mu + phi*(previous_return-mu) + theta*previous_error,0.3345605017883584,0.0,0.0,0.2491713226202163,0.037704844170802755,0.8964327808853115,0.9341376250561143,250,formation sample variance (ddof=1),3.9951049861828727,-525.2368416654881,1058.4736833309762,True,Optimization terminated successfully,"formation EDF right ranks/(n+1), clipped to [1/(n+1),n/(n+1)]"
2007-07-01,GOOG,"ARMA(0,0)-GARCH(1,1)",0,0,Gaussian quasi-maximum likelihood,"AIC over p,q in {0,1}",decimal log returns; internally multiplied by 100,mu + phi*(previous_return-mu) + theta*previous_error,0.0711060509092104,0.0,0.0,1.7744768240603241,0.05560159304660675,0.11065693093115335,0.1662585239777601,250,formation sample variance (ddof=1),2.146159683414453,-448.1335837299222,904.2671674598444,True,Optimization terminated successfully,"formation EDF right ranks/(n+1), clipped to [1/(n+1),n/(n+1)]"
2007-07-01,IBM,"ARMA(0,0)-GARCH(1,1)",0,0,Gaussian quasi-maximum likelihood,"AIC over p,q in {0,1}",decimal log returns; internally multiplied by 100,mu + phi*(previous_return-mu) + theta*previous_error,0.13340491443550168,0.0,0.0,0.9268251053253527,0.03239624257837959,0.0,0.03239624257837959,250,formation sample variance (ddof=1),0.9665433040247777,-349.69912538131393,707.3982507626279,True,Optimization terminated successfully,"formation EDF right ranks/(n+1), clipped to [1/(n+1),n/(n+1)]"
2007-07-01,DIA,"ARMA(0,0)-GARCH(1,1)",0,0,Gaussian quasi-maximum likelihood,"AIC over p,q in {0,1}",decimal log returns; internally multiplied by 100,mu + phi*(previous_return-mu) + theta*previous_error,0.09980878910313476,0.0,0.0,0.04721006020538076,0.04843873706475168,0.8183926224573936,0.8668313595221453,250,formation sample variance (ddof=1),0.36230679032558566,-223.81619497969677,455.63238995939355,True,Optimization terminated successfully,"formation EDF right ranks/(n+1), clipped to [1/(n+1),n/(n+1)]"
2007-07-01,SPY,"ARMA(0,0)-GARCH(1,1)",0,0,Gaussian quasi-maximum likelihood,"AIC over p,q in {0,1}",decimal log returns; internally multiplied by 100,mu + phi*(previous_return-mu) + theta*previous_error,0.08400736673324438,0.0,0.0,0.04656578612639517,0.03689540653866075,0.8484533097183219,0.8853487162569826,250,formation sample variance (ddof=1),0.4117871058337581,-239.85412777542342,487.70825555084684,True,Optimization terminated successfully,"formation EDF right ranks/(n+1), clipped to [1/(n+1),n/(n+1)]"
2008-01-01,AAPL,"ARMA(1,1)-GARCH(1,1)",1,1,Gaussian quasi-maximum likelihood,"AIC over p,q in {0,1}",decimal log returns; internally multiplied by 100,mu + phi*(previous_return-mu) + theta*previous_error,0.42637250005755795,-0.8708420023764716,0.9624567743247541,1.2005372143691564,0.1873732838483081,0.5819519184598777,0.7693252023081858,251,formation sample variance (ddof=1),5.609153252726954,-554.2610817196371,1120.5221634392742,True,Optimization terminated successfully,"formation EDF right ranks/(n+1), clipped to [1/(n+1),n/(n+1)]"
2008-01-01,GOOG,"ARMA(0,0)-GARCH(1,1)",0,0,Gaussian quasi-maximum likelihood,"AIC over p,q in {0,1}",decimal log returns; internally multiplied by 100,mu + phi*(previous_return-mu) + theta*previous_error,0.18783685401391745,0.0,0.0,0.22721093246321175,0.06294436854569702,0.8352916331759935,0.8982360017216906,251,formation sample variance (ddof=1),2.3512596270314985,-455.44720660411895,918.8944132082379,True,Optimization terminated successfully,"formation EDF right ranks/(n+1), clipped to [1/(n+1),n/(n+1)]"
2008-01-01,IBM,"ARMA(0,0)-GARCH(1,1)",0,0,Gaussian quasi-maximum likelihood,"AIC over p,q in {0,1}",decimal log returns; internally multiplied by 100,mu + phi*(previous_return-mu) + theta*previous_error,0.06970298458029033,0.0,0.0,0.3337163832686838,0.11874597886488304,0.6801160754711943,0.7988620543360774,251,formation sample variance (ddof=1),1.6711955412191504,-412.32565814851677,832.6513162970335,True,Optimization terminated successfully,"formation EDF right ranks/(n+1), clipped to [1/(n+1),n/(n+1)]"
2008-01-01,DIA,"ARMA(0,0)-GARCH(1,1)",0,0,Gaussian quasi-maximum likelihood,"AIC over p,q in {0,1}",decimal log returns; internally multiplied by 100,mu + phi*(previous_return-mu) + theta*previous_error,0.05830110907492133,0.0,0.0,0.057613020802896854,0.06367963088707354,0.8666773610383903,0.9303569919254638,251,formation sample variance (ddof=1),0.7875758925035615,-319.37948189442614,646.7589637888523,True,Optimization terminated successfully,"formation EDF right ranks/(n+1), clipped to [1/(n+1),n/(n+1)]"
2008-01-01,SPY,"ARMA(0,1)-GARCH(1,1)",0,1,Gaussian quasi-maximum likelihood,"AIC over p,q in {0,1}",decimal log returns; internally multiplied by 100,mu + phi*(previous_return-mu) + theta*previous_error,0.044596131797669594,0.0,-0.12698223915055867,0.06938039817731813,0.07128840799336059,0.8614798125954115,0.9327682205887721,251,formation sample variance (ddof=1),1.0088065427286612,-345.9173142654042,701.8346285308083,True,Optimization terminated successfully,"formation EDF right ranks/(n+1), clipped to [1/(n+1),n/(n+1)]"
2008-07-01,AAPL,"ARMA(0,0)-GARCH(1,1)",0,0,Gaussian quasi-maximum likelihood,"AIC over p,q in {0,1}",decimal log returns; internally multiplied by 100,mu + phi*(previous_return-mu) + theta*previous_error,0.2752058565710297,0.0,0.0,5.017566144488554,0.251576165987168,0.1337088123755044,0.3852849783626724,252,formation sample variance (ddof=1),7.9820791555344845,-613.7256475434682,1235.4512950869364,True,Optimization terminated successfully,"formation EDF right ranks/(n+1), clipped to [1/(n+1),n/(n+1)]"
2008-07-01,GOOG,"ARMA(0,0)-GARCH(1,1)",0,0,Gaussian quasi-maximum likelihood,"AIC over p,q in {0,1}",decimal log returns; internally multiplied by 100,mu + phi*(previous_return-mu) + theta*previous_error,0.12227996163843523,0.0,0.0,0.04880144774119398,0.05370683041864657,0.9452921659748855,0.9989989963935321,252,formation sample variance (ddof=1),5.837551135052217,-572.1931541737049,1152.3863083474098,True,Optimization terminated successfully,"formation EDF right ranks/(n+1), clipped to [1/(n+1),n/(n+1)]"
2008-07-01,IBM,"ARMA(0,0)-GARCH(1,1)",0,0,Gaussian quasi-maximum likelihood,"AIC over p,q in {0,1}",decimal log returns; internally multiplied by 100,mu + phi*(previous_return-mu) + theta*previous_error,0.07346463520575186,0.0,0.0,0.16552480942502726,0.07359177884311244,0.8556682087744697,0.9292599876175821,252,formation sample variance (ddof=1),2.3123431345406917,-457.19787786825873,922.3957557365175,True,Optimization terminated successfully,"formation EDF right ranks/(n+1), clipped to [1/(n+1),n/(n+1)]"
2008-07-01,DIA,"ARMA(0,0)-GARCH(1,1)",0,0,Gaussian quasi-maximum likelihood,"AIC over p,q in {0,1}",decimal log returns; internally multiplied by 100,mu + phi*(previous_return-mu) + theta*previous_error,-0.056804738816324446,0.0,0.0,0.006092064065509686,0.0,0.9954918732439767,0.9954918732439767,252,formation sample variance (ddof=1),1.2624278512184066,-386.37415937480864,780.7483187496173,True,Optimization terminated successfully,"formation EDF right ranks/(n+1), clipped to [1/(n+1),n/(n+1)]"
2008-07-01,SPY,"ARMA(0,1)-GARCH(1,1)",0,1,Gaussian quasi-maximum likelihood,"AIC over p,q in {0,1}",decimal log returns; internally multiplied by 100,mu + phi*(previous_return-mu) + theta*previous_error,-0.04716576405095419,0.0,-0.12039009606947527,0.16851875675887948,0.033405434065977666,0.8566567020757394,0.890062136141717,252,formation sample variance (ddof=1),1.5326373752434368,-408.4831384523502,826.9662769047004,True,Optimization terminated successfully,"formation EDF right ranks/(n+1), clipped to [1/(n+1),n/(n+1)]"
2009-01-01,AAPL,"ARMA(0,0)-GARCH(1,1)",0,0,Gaussian quasi-maximum likelihood,"AIC over p,q in {0,1}",decimal log returns; internally multiplied by 100,mu + phi*(previous_return-mu) + theta*previous_error,-0.11249435284810205,0.0,0.0,0.31935127764857896,0.12397593546902003,0.8560239055908125,0.9799998410598325,253,formation sample variance (ddof=1),13.68833054883062,-666.9699102363836,1341.9398204727672,True,Optimization terminated successfully,"formation EDF right ranks/(n+1), clipped to [1/(n+1),n/(n+1)]"
2009-01-01,GOOG,"ARMA(0,1)-GARCH(1,1)",0,1,Gaussian quasi-maximum likelihood,"AIC over p,q in {0,1}",decimal log returns; internally multiplied by 100,mu + phi*(previous_return-mu) + theta*previous_error,-0.2834544072925432,0.0,-0.10770606233803333,0.6538604560888958,0.02924301905312666,0.9159413032523214,0.945184322305448,253,formation sample variance (ddof=1),11.816500179870456,-666.8528756634488,1343.7057513268976,True,Optimization terminated successfully,"formation EDF right ranks/(n+1), clipped to [1/(n+1),n/(n+1)]"
2009-01-01,IBM,"ARMA(0,0)-GARCH(1,1)",0,0,Gaussian quasi-maximum likelihood,"AIC over p,q in {0,1}",decimal log returns; internally multiplied by 100,mu + phi*(previous_return-mu) + theta*previous_error,0.02066762348697472,0.0,0.0,0.07933066953548315,0.1254207624501176,0.8558001884014387,0.9812209508515563,253,formation sample variance (ddof=1),5.155078662127459,-523.6163587406223,1055.2327174812447,True,Optimization terminated successfully,"formation EDF right ranks/(n+1), clipped to [1/(n+1),n/(n+1)]"
2009-01-01,DIA,"ARMA(1,1)-GARCH(1,1)",1,1,Gaussian quasi-maximum likelihood,"AIC over p,q in {0,1}",decimal log returns; internally multiplied by 100,mu + phi*(previous_return-mu) + theta*previous_error,-0.06204286939112104,0.5234150956619104,-0.7063685984910688,0.09467047120490833,0.15370536751553432,0.8226788042225784,0.9763841717381128,253,formation sample variance (ddof=1),6.145704308946291,-502.9604879885676,1017.9209759771352,True,Optimization terminated successfully,"formation EDF right ranks/(n+1), clipped to [1/(n+1),n/(n+1)]"
2009-01-01,SPY,"ARMA(1,1)-GARCH(1,1)",1,1,Gaussian quasi-maximum likelihood,"AIC over p,q in {0,1}",decimal log returns; internally multiplied by 100,mu + phi*(previous_return-mu) + theta*previous_error,-0.07094620472943373,0.49102370177311355,-0.6739970399685339,0.0964090730537403,0.1518720275713492,0.8304703496373839,0.9823423772087331,253,formation sample variance (ddof=1),6.722445538710251,-517.237190608713,1046.474381217426,True,Optimization terminated successfully,"formation EDF right ranks/(n+1), clipped to [1/(n+1),n/(n+1)]"
2009-07-01,AAPL,"ARMA(0,0)-GARCH(1,1)",0,0,Gaussian quasi-maximum likelihood,"AIC over p,q in {0,1}",decimal log returns; internally multiplied by 100,mu + phi*(previous_return-mu) + theta*previous_error,0.19335809009181307,0.0,0.0,0.21989239553915255,0.1377791697848956,0.8518067032891491,0.9895858730740447,252,formation sample variance (ddof=1),13.098680980709,-652.7143599325734,1313.4287198651468,True,Optimization terminated successfully,"formation EDF right ranks/(n+1), clipped to [1/(n+1),n/(n+1)]"
2009-07-01,GOOG,"ARMA(0,0)-GARCH(1,1)",0,0,Gaussian quasi-maximum likelihood,"AIC over p,q in {0,1}",decimal log returns; internally multiplied by 100,mu + phi*(previous_return-mu) + theta*previous_error,0.07713794688994537,0.0,0.0,0.04324551587048093,0.08381360507416434,0.912622677163586,0.9964362822377504,252,formation sample variance (ddof=1),10.45182508800182,-628.004459784863,1264.008919569726,True,Optimization terminated successfully,"formation EDF right ranks/(n+1), clipped to [1/(n+1),n/(n+1)]"
2009-07-01,IBM,"ARMA(0,0)-GARCH(1,1)",0,0,Gaussian quasi-maximum likelihood,"AIC over p,q in {0,1}",decimal log returns; internally multiplied by 100,mu + phi*(previous_return-mu) + theta*previous_error,0.05489142220469764,0.0,0.0,0.050150207888781724,0.1348001771001346,0.8641988229060812,0.9989990000062158,252,formation sample variance (ddof=1),6.3181564827828725,-562.5142891134835,1133.028578226967,True,Optimization terminated successfully,"formation EDF right ranks/(n+1), clipped to [1/(n+1),n/(n+1)]"
2009-07-01,DIA,"ARMA(1,1)-GARCH(1,1)",1,1,Gaussian quasi-maximum likelihood,"AIC over p,q in {0,1}",decimal log returns; internally multiplied by 100,mu + phi*(previous_return-mu) + theta*previous_error,-0.001313613256194024,0.3133817411430122,-0.5200950272911271,0.11716482968734347,0.14250109861406493,0.8408090855785532,0.9833101841926181,252,formation sample variance (ddof=1),7.250217091658383,-555.5954856534955,1123.190971306991,True,Optimization terminated successfully,"formation EDF right ranks/(n+1), clipped to [1/(n+1),n/(n+1)]"
2009-07-01,SPY,"ARMA(0,1)-GARCH(1,1)",0,1,Gaussian quasi-maximum likelihood,"AIC over p,q in {0,1}",decimal log returns; internally multiplied by 100,mu + phi*(previous_return-mu) + theta*previous_error,-0.018971022016266437,0.0,-0.20693918740527237,0.13366551783839797,0.1434447683320674,0.8446405718075882,0.9880853401396557,252,formation sample variance (ddof=1),8.214095915808514,-579.9021188188477,1169.8042376376955,True,Optimization terminated successfully,"formation EDF right ranks/(n+1), clipped to [1/(n+1),n/(n+1)]"
2010-01-01,AAPL,"ARMA(0,1)-GARCH(1,1)",0,1,Gaussian quasi-maximum likelihood,"AIC over p,q in {0,1}",decimal log returns; internally multiplied by 100,mu + phi*(previous_return-mu) + theta*previous_error,0.3604162771230205,0.0,0.10804001724085255,0.0450490888078913,0.03494592409073352,0.9498963707222666,0.9848422948130001,252,formation sample variance (ddof=1),4.509840743734824,-532.5620171035869,1075.1240342071737,True,Optimization terminated successfully,"formation EDF right ranks/(n+1), clipped to [1/(n+1),n/(n+1)]"
2010-01-01,GOOG,"ARMA(0,0)-GARCH(1,1)",0,0,Gaussian quasi-maximum likelihood,"AIC over p,q in {0,1}",decimal log returns; internally multiplied by 100,mu + phi*(previous_return-mu) + theta*previous_error,0.29448357227231137,0.0,0.0,0.015065746258388609,0.08440023503325672,0.905829458274924,0.9902296933081807,252,formation sample variance (ddof=1),3.601284237514661,-479.53253846707923,967.0650769341585,True,Optimization terminated successfully,"formation EDF right ranks/(n+1), clipped to [1/(n+1),n/(n+1)]"
2010-01-01,IBM,"ARMA(0,0)-GARCH(1,1)",0,0,Gaussian quasi-maximum likelihood,"AIC over p,q in {0,1}",decimal log returns; internally multiplied by 100,mu + phi*(previous_return-mu) + theta*previous_error,0.12859777935553485,0.0,0.0,0.049764811291951525,0.14459285463352015,0.8476114951156553,0.9922043497491754,252,formation sample variance (ddof=1),3.0173618553095483,-465.23587061666046,938.4717412333209,True,Optimization terminated successfully,"formation EDF right ranks/(n+1), clipped to [1/(n+1),n/(n+1)]"
2010-01-01,DIA,"ARMA(0,0)-GARCH(1,1)",0,0,Gaussian quasi-maximum likelihood,"AIC over p,q in {0,1}",decimal log returns; internally multiplied by 100,mu + phi*(previous_return-mu) + theta*previous_error,0.11407984150222113,0.0,0.0,0.006965340295886276,0.06116059097769847,0.9301864684283253,0.9913470594060237,252,formation sample variance (ddof=1),2.217535679626643,-424.3253751064983,856.6507502129966,True,Optimization terminated successfully,"formation EDF right ranks/(n+1), clipped to [1/(n+1),n/(n+1)]"
2010-01-01,SPY,"ARMA(0,0)-GARCH(1,1)",0,0,Gaussian quasi-maximum likelihood,"AIC over p,q in {0,1}",decimal log returns; internally multiplied by 100,mu + phi*(previous_return-mu) + theta*previous_error,0.10956870035586973,0.0,0.0,0.002974903543365955,0.055995285107416304,0.937525508345855,0.9935207934532713,252,formation sample variance (ddof=1),2.809306901473607,-455.0280157621963,918.0560315243926,True,Optimization terminated successfully,"formation EDF right ranks/(n+1), clipped to [1/(n+1),n/(n+1)]"
2010-07-01,AAPL,"ARMA(0,0)-GARCH(1,1)",0,0,Gaussian quasi-maximum likelihood,"AIC over p,q in {0,1}",decimal log returns; internally multiplied by 100,mu + phi*(previous_return-mu) + theta*previous_error,0.32254916701943837,0.0,0.0,0.4682809105235891,0.10385035785500925,0.7522483574902809,0.8560987153452901,252,formation sample variance (ddof=1),3.2284207030753014,-498.85616438448193,1005.7123287689639,True,Optimization terminated successfully,"formation EDF right ranks/(n+1), clipped to [1/(n+1),n/(n+1)]"
2010-07-01,GOOG,"ARMA(0,0)-GARCH(1,1)",0,0,Gaussian quasi-maximum likelihood,"AIC over p,q in {0,1}",decimal log returns; internally multiplied by 100,mu + phi*(previous_return-mu) + theta*previous_error,0.04667614135057229,0.0,0.0,0.08007222881895429,0.013399629601420531,0.9520132245015984,0.9654128541030189,252,formation sample variance (ddof=1),2.3168307403583723,-461.97474564916075,931.9494912983215,True,Optimization terminated successfully,"formation EDF right ranks/(n+1), clipped to [1/(n+1),n/(n+1)]"
2010-07-01,IBM,"ARMA(0,0)-GARCH(1,1)",0,0,Gaussian quasi-maximum likelihood,"AIC over p,q in {0,1}",decimal log returns; internally multiplied by 100,mu + phi*(previous_return-mu) + theta*previous_error,0.05422579327633707,0.0,0.0,0.07253855095945365,0.1579728144320585,0.8030457317914312,0.9610185462234897,252,formation sample variance (ddof=1),1.4599902351498157,-390.17346161223,788.34692322446,True,Optimization terminated successfully,"formation EDF right ranks/(n+1), clipped to [1/(n+1),n/(n+1)]"
2010-07-01,DIA,"ARMA(0,0)-GARCH(1,1)",0,0,Gaussian quasi-maximum likelihood,"AIC over p,q in {0,1}",decimal log returns; internally multiplied by 100,mu + phi*(previous_return-mu) + theta*previous_error,0.10976799147768329,0.0,0.0,0.04057570937173823,0.13004438751697325,0.8374738219511786,0.9675182094681518,252,formation sample variance (ddof=1),1.1061281543963535,-351.5892993642765,711.178598728553,True,Optimization terminated successfully,"formation EDF right ranks/(n+1), clipped to [1/(n+1),n/(n+1)]"
2010-07-01,SPY,"ARMA(0,0)-GARCH(1,1)",0,0,Gaussian quasi-maximum likelihood,"AIC over p,q in {0,1}",decimal log returns; internally multiplied by 100,mu + phi*(previous_return-mu) + theta*previous_error,0.11686192723811989,0.0,0.0,0.04375386272151615,0.12496963674679841,0.8489372047232999,0.9739068414700983,252,formation sample variance (ddof=1),1.3781871845261326,-381.62811571569375,771.2562314313875,True,Optimization terminated successfully,"formation EDF right ranks/(n+1), clipped to [1/(n+1),n/(n+1)]"
2011-01-01,AAPL,"ARMA(0,0)-GARCH(1,1)",0,0,Gaussian quasi-maximum likelihood,"AIC over p,q in {0,1}",decimal log returns; internally multiplied by 100,mu + phi*(previous_return-mu) + theta*previous_error,0.267068604340414,0.0,0.0,0.22256609479582717,0.10992764115222876,0.8098678043679794,0.9197954455202082,252,formation sample variance (ddof=1),2.8258764620194534,-476.3916938717734,960.7833877435468,True,Optimization terminated successfully,"formation EDF right ranks/(n+1), clipped to [1/(n+1),n/(n+1)]"
2011-01-01,GOOG,"ARMA(0,0)-GARCH(1,1)",0,0,Gaussian quasi-maximum likelihood,"AIC over p,q in {0,1}",decimal log returns; internally multiplied by 100,mu + phi*(previous_return-mu) + theta*previous_error,-0.01701492716359803,0.0,0.0,3.0654621109122493,8.60986898263935e-15,0.0,8.60986898263935e-15,252,formation sample variance (ddof=1),3.0703072597772163,-498.41633657055803,1004.8326731411161,True,Optimization terminated successfully,"formation EDF right ranks/(n+1), clipped to [1/(n+1),n/(n+1)]"
2011-01-01,IBM,"ARMA(1,0)-GARCH(1,1)",1,0,Gaussian quasi-maximum likelihood,"AIC over p,q in {0,1}",decimal log returns; internally multiplied by 100,mu + phi*(previous_return-mu) + theta*previous_error,0.07947377298931982,-0.19650141372481442,0.0,0.05989421050972947,0.14094122787461097,0.8148921889346742,0.9558334168092851,252,formation sample variance (ddof=1),1.2523820290750067,-372.4468068835195,754.893613767039,True,Optimization terminated successfully,"formation EDF right ranks/(n+1), clipped to [1/(n+1),n/(n+1)]"
2011-01-01,DIA,"ARMA(0,0)-GARCH(1,1)",0,0,Gaussian quasi-maximum likelihood,"AIC over p,q in {0,1}",decimal log returns; internally multiplied by 100,mu + phi*(previous_return-mu) + theta*previous_error,0.11993618580259652,0.0,0.0,0.025959833348893287,0.1255898267768414,0.8523257870795956,0.977915613856437,252,formation sample variance (ddof=1),1.0286873246817598,-337.70250030484834,683.4050006096967,True,Optimization terminated successfully,"formation EDF right ranks/(n+1), clipped to [1/(n+1),n/(n+1)]"
2011-01-01,SPY,"ARMA(0,0)-GARCH(1,1)",0,0,Gaussian quasi-maximum likelihood,"AIC over p,q in {0,1}",decimal log returns; internally multiplied by 100,mu + phi*(previous_return-mu) + theta*previous_error,0.13835517399143682,0.0,0.0,0.024505186226145705,0.12594703304970617,0.8588630770772134,0.9848101101269195,252,formation sample variance (ddof=1),1.2768852985895986,-365.04458132857343,738.0891626571469,True,Optimization terminated successfully,"formation EDF right ranks/(n+1), clipped to [1/(n+1),n/(n+1)]"
2011-07-01,AAPL,"ARMA(0,0)-GARCH(1,1)",0,0,Gaussian quasi-maximum likelihood,"AIC over p,q in {0,1}",decimal log returns; internally multiplied by 100,mu + phi*(previous_return-mu) + theta*previous_error,0.11361223509460604,0.0,0.0,0.026373737509759264,2.734376985741747e-10,0.9847340115992843,0.984734011872722,253,formation sample variance (ddof=1),1.787965886975998,-431.9523282588278,871.9046565176556,True,Optimization terminated successfully,"formation EDF right ranks/(n+1), clipped to [1/(n+1),n/(n+1)]"
2011-07-01,GOOG,"ARMA(0,0)-GARCH(1,1)",0,0,Gaussian quasi-maximum likelihood,"AIC over p,q in {0,1}",decimal log returns; internally multiplied by 100,mu + phi*(previous_return-mu) + theta*previous_error,0.03622793014480574,0.0,0.0,2.5005562283825178e-08,2.1615512460154659e-10,0.9989519098659242,0.9989519100820793,253,formation sample variance (ddof=1),2.5002326566885436,-473.0721483321955,954.144296664391,True,Optimization terminated successfully,"formation EDF right ranks/(n+1), clipped to [1/(n+1),n/(n+1)]"
2011-07-01,IBM,"ARMA(0,0)-GARCH(1,1)",0,0,Gaussian quasi-maximum likelihood,"AIC over p,q in {0,1}",decimal log returns; internally multiplied by 100,mu + phi*(previous_return-mu) + theta*previous_error,0.16281321612824817,0.0,0.0,0.7536294611703254,0.24031693985862104,0.0,0.24031693985862104,253,formation sample variance (ddof=1),0.954434474595307,-349.85847546925726,707.7169509385145,True,Optimization terminated successfully,"formation EDF right ranks/(n+1), clipped to [1/(n+1),n/(n+1)]"
2011-07-01,DIA,"ARMA(0,0)-GARCH(1,1)",0,0,Gaussian quasi-maximum likelihood,"AIC over p,q in {0,1}",decimal log returns; internally multiplied by 100,mu + phi*(previous_return-mu) + theta*previous_error,0.10975206115462376,0.0,0.0,0.031248473576121753,0.061862071499196945,0.8867818898152773,0.9486439613144743,253,formation sample variance (ddof=1),0.6405059972833497,-298.02120254141596,604.0424050828319,True,Optimization terminated successfully,"formation EDF right ranks/(n+1), clipped to [1/(n+1),n/(n+1)]"
2011-07-01,SPY,"ARMA(0,0)-GARCH(1,1)",0,0,Gaussian quasi-maximum likelihood,"AIC over p,q in {0,1}",decimal log returns; internally multiplied by 100,mu + phi*(previous_return-mu) + theta*previous_error,0.10383917550326352,0.0,0.0,0.034335252789432,0.04592350077444229,0.9061336839350314,0.9520571847094736,253,formation sample variance (ddof=1),0.7719968933434402,-322.01724351018976,652.0344870203795,True,Optimization terminated successfully,"formation EDF right ranks/(n+1), clipped to [1/(n+1),n/(n+1)]"
2012-01-01,AAPL,"ARMA(0,0)-GARCH(1,1)",0,0,Gaussian quasi-maximum likelihood,"AIC over p,q in {0,1}",decimal log returns; internally multiplied by 100,mu + phi*(previous_return-mu) + theta*previous_error,0.10044345055953152,0.0,0.0,0.350180486129481,0.14371013640308164,0.7315535526980956,0.8752636891011772,252,formation sample variance (ddof=1),2.7343393864243355,-476.5583170705708,961.1166341411416,True,Optimization terminated successfully,"formation EDF right ranks/(n+1), clipped to [1/(n+1),n/(n+1)]"
2012-01-01,GOOG,"ARMA(0,0)-GARCH(1,1)",0,0,Gaussian quasi-maximum likelihood,"AIC over p,q in {0,1}",decimal log returns; internally multiplied by 100,mu + phi*(previous_return-mu) + theta*previous_error,0.012736656187773717,0.0,0.0,0.3002431711507182,0.04370535783657883,0.8715941429550192,0.915299500791598,252,formation sample variance (ddof=1),3.404231549029888,-508.89700780338757,1025.7940156067752,True,Optimization terminated successfully,"formation EDF right ranks/(n+1), clipped to [1/(n+1),n/(n+1)]"
2012-01-01,IBM,"ARMA(0,0)-GARCH(1,1)",0,0,Gaussian quasi-maximum likelihood,"AIC over p,q in {0,1}",decimal log returns; internally multiplied by 100,mu + phi*(previous_return-mu) + theta*previous_error,0.12083463536352916,0.0,0.0,0.0831782023285645,0.06697187656517847,0.8926736847898394,0.9596455613550179,252,formation sample variance (ddof=1),1.991029068234348,-432.20676023807846,872.4135204761569,True,Optimization terminated successfully,"formation EDF right ranks/(n+1), clipped to [1/(n+1),n/(n+1)]"
2012-01-01,DIA,"ARMA(0,0)-GARCH(1,1)",0,0,Gaussian quasi-maximum likelihood,"AIC over p,q in {0,1}",decimal log returns; internally multiplied by 100,mu + phi*(previous_return-mu) + theta*previous_error,0.0538068419479985,0.0,0.0,0.046601365876844596,0.20099079813780504,0.7890173780187337,0.9900081761565388,252,formation sample variance (ddof=1),1.7491758041602632,-388.5734885969913,785.1469771939826,True,Optimization terminated successfully,"formation EDF right ranks/(n+1), clipped to [1/(n+1),n/(n+1)]"
2012-01-01,SPY,"ARMA(1,1)-GARCH(1,1)",1,1,Gaussian quasi-maximum likelihood,"AIC over p,q in {0,1}",decimal log returns; internally multiplied by 100,mu + phi*(previous_return-mu) + theta*previous_error,0.028839539537839118,0.9004508664852022,-0.9617697825947409,0.045700125174501775,0.1853516759935686,0.8080832199825371,0.9934348959761057,252,formation sample variance (ddof=1),2.116993576998295,-409.7907783430653,831.5815566861306,True,Optimization terminated successfully,"formation EDF right ranks/(n+1), clipped to [1/(n+1),n/(n+1)]"
2012-07-01,AAPL,"ARMA(0,0)-GARCH(1,1)",0,0,Gaussian quasi-maximum likelihood,"AIC over p,q in {0,1}",decimal log returns; internally multiplied by 100,mu + phi*(previous_return-mu) + theta*previous_error,0.33126586845522354,0.0,0.0,0.47231570534511425,0.1650229232281111,0.710832313383134,0.8758552366112451,252,formation sample variance (ddof=1),3.4824408030800718,-507.31102185981894,1022.6220437196379,True,Optimization terminated successfully,"formation EDF right ranks/(n+1), clipped to [1/(n+1),n/(n+1)]"
2012-07-01,GOOG,"ARMA(1,1)-GARCH(1,1)",1,1,Gaussian quasi-maximum likelihood,"AIC over p,q in {0,1}",decimal log returns; internally multiplied by 100,mu + phi*(previous_return-mu) + theta*previous_error,0.03323039309877286,-0.8043133055946675,0.7283023567584408,3.6641449617110656e-08,0.0006125539854818481,0.996878723220694,0.9974912772061759,252,formation sample variance (ddof=1),3.6641449609887475,-511.9471735420544,1035.8943470841086,True,Optimization terminated successfully,"formation EDF right ranks/(n+1), clipped to [1/(n+1),n/(n+1)]"
2012-07-01,IBM,"ARMA(0,0)-GARCH(1,1)",0,0,Gaussian quasi-maximum likelihood,"AIC over p,q in {0,1}",decimal log returns; internally multiplied by 100,mu + phi*(previous_return-mu) + theta*previous_error,0.0673566903214457,0.0,0.0,0.024586876668166637,0.03716075278171116,0.9468789900949683,0.9840397428766795,252,formation sample variance (ddof=1),2.006558666067479,-432.2370268196413,872.4740536392826,True,Optimization terminated successfully,"formation EDF right ranks/(n+1), clipped to [1/(n+1),n/(n+1)]"
2012-07-01,DIA,"ARMA(0,0)-GARCH(1,1)",0,0,Gaussian quasi-maximum likelihood,"AIC over p,q in {0,1}",decimal log returns; internally multiplied by 100,mu + phi*(previous_return-mu) + theta*previous_error,0.06384254430956927,0.0,0.0,0.031851444263753886,0.15428262542688806,0.8355661944065855,0.9898488198334736,252,formation sample variance (ddof=1),1.7588452345830818,-387.3185515483327,782.6371030966654,True,Optimization terminated successfully,"formation EDF right ranks/(n+1), clipped to [1/(n+1),n/(n+1)]"
2012-07-01,SPY,"ARMA(0,0)-GARCH(1,1)",0,0,Gaussian quasi-maximum likelihood,"AIC over p,q in {0,1}",decimal log returns; internally multiplied by 100,mu + phi*(previous_return-mu) + theta*previous_error,0.0882031462695259,0.0,0.0,0.029889433888765814,0.15409511101354578,0.8427896563738027,0.9968847673873484,252,formation sample variance (ddof=1),2.1557771060933324,-413.61451742555096,835.2290348511019,True,Optimization terminated successfully,"formation EDF right ranks/(n+1), clipped to [1/(n+1),n/(n+1)]"
2013-01-01,AAPL,"ARMA(0,0)-GARCH(1,1)",0,0,Gaussian quasi-maximum likelihood,"AIC over p,q in {0,1}",decimal log returns; internally multiplied by 100,mu + phi*(previous_return-mu) + theta*previous_error,0.2470781772409772,0.0,0.0,0.15675711689884578,0.06123160865953015,0.8976257037649295,0.9588573124244596,250,formation sample variance (ddof=1),3.407788786154118,-503.6071110491672,1015.2142220983344,True,Optimization terminated successfully,"formation EDF right ranks/(n+1), clipped to [1/(n+1),n/(n+1)]"
2013-01-01,GOOG,"ARMA(0,0)-GARCH(1,1)",0,0,Gaussian quasi-maximum likelihood,"AIC over p,q in {0,1}",decimal log returns; internally multiplied by 100,mu + phi*(previous_return-mu) + theta*previous_error,0.04025630394958117,0.0,0.0,0.0005136394887047606,0.0,0.998999,0.998999,250,formation sample variance (ddof=1),2.1287605746460905,-447.9986931937395,903.997386387479,True,Optimization terminated successfully,"formation EDF right ranks/(n+1), clipped to [1/(n+1),n/(n+1)]"
2013-01-01,IBM,"ARMA(0,0)-GARCH(1,1)",0,0,Gaussian quasi-maximum likelihood,"AIC over p,q in {0,1}",decimal log returns; internally multiplied by 100,mu + phi*(previous_return-mu) + theta*previous_error,0.019526951957108702,0.0,0.0,0.871713978988489,0.15184047410310184,8.905854537414097e-12,0.15184047411200768,250,formation sample variance (ddof=1),1.0350238974550479,-354.16495651007347,716.3299130201469,True,Optimization terminated successfully,"formation EDF right ranks/(n+1), clipped to [1/(n+1),n/(n+1)]"
2013-01-01,DIA,"ARMA(0,0)-GARCH(1,1)",0,0,Gaussian quasi-maximum likelihood,"AIC over p,q in {0,1}",decimal log returns; internally multiplied by 100,mu + phi*(previous_return-mu) + theta*previous_error,0.05234986370711207,0.0,0.0,0.0353718721675344,0.05315526121604879,0.8823506881596397,0.9355059493756884,250,formation sample variance (ddof=1),0.5350709547042398,-273.5624062646291,555.1248125292582,True,Optimization terminated successfully,"formation EDF right ranks/(n+1), clipped to [1/(n+1),n/(n+1)]"
2013-01-01,SPY,"ARMA(0,0)-GARCH(1,1)",0,0,Gaussian quasi-maximum likelihood,"AIC over p,q in {0,1}",decimal log returns; internally multiplied by 100,mu + phi*(previous_return-mu) + theta*previous_error,0.07847123680872868,0.0,0.0,0.032350268412881814,0.044510906270925785,0.9068452423467308,0.9513561486176566,250,formation sample variance (ddof=1),0.6428051174786449,-296.48904634758446,600.9780926951689,True,Optimization terminated successfully,"formation EDF right ranks/(n+1), clipped to [1/(n+1),n/(n+1)]"
2013-07-01,AAPL,"ARMA(0,0)-GARCH(1,1)",0,0,Gaussian quasi-maximum likelihood,"AIC over p,q in {0,1}",decimal log returns; internally multiplied by 100,mu + phi*(previous_return-mu) + theta*previous_error,-0.1129367642410025,0.0,0.0,0.07214742089255484,0.05383096549570129,0.9312043014182712,0.9850352669139725,249,formation sample variance (ddof=1),3.8188155360702556,-516.1043432334129,1040.2086864668258,True,Optimization terminated successfully,"formation EDF right ranks/(n+1), clipped to [1/(n+1),n/(n+1)]"
2013-07-01,GOOG,"ARMA(0,0)-GARCH(1,1)",0,0,Gaussian quasi-maximum likelihood,"AIC over p,q in {0,1}",decimal log returns; internally multiplied by 100,mu + phi*(previous_return-mu) + theta*previous_error,0.1634581672052465,0.0,0.0,1.5695760552828102,0.06350427402349877,6.015272530748481e-10,0.06350427462502603,249,formation sample variance (ddof=1),1.6680794846677858,-415.8986870106968,839.7973740213936,True,Optimization terminated successfully,"formation EDF right ranks/(n+1), clipped to [1/(n+1),n/(n+1)]"
2013-07-01,IBM,"ARMA(1,1)-GARCH(1,1)",1,1,Gaussian quasi-maximum likelihood,"AIC over p,q in {0,1}",decimal log returns; internally multiplied by 100,mu + phi*(previous_return-mu) + theta*previous_error,0.007164685368937118,-0.9596892600105541,0.9163157317078311,0.661964350850839,0.8816031092239134,0.0,0.8816031092239134,249,formation sample variance (ddof=1),1.3667806098691566,-377.86065158225557,767.7213031645111,True,Optimization terminated successfully,"formation EDF right ranks/(n+1), clipped to [1/(n+1),n/(n+1)]"
2013-07-01,DIA,"ARMA(0,0)-GARCH(1,1)",0,0,Gaussian quasi-maximum likelihood,"AIC over p,q in {0,1}",decimal log returns; internally multiplied by 100,mu + phi*(previous_return-mu) + theta*previous_error,0.0924710847242679,0.0,0.0,0.07911527720389915,0.167717859850173,0.6823997749252492,0.8501176347754222,249,formation sample variance (ddof=1),0.4857767173167532,-258.11055951047894,524.2211190209579,True,Optimization terminated successfully,"formation EDF right ranks/(n+1), clipped to [1/(n+1),n/(n+1)]"
2013-07-01,SPY,"ARMA(1,1)-GARCH(1,1)",1,1,Gaussian quasi-maximum likelihood,"AIC over p,q in {0,1}",decimal log returns; internally multiplied by 100,mu + phi*(previous_return-mu) + theta*previous_error,0.08991782697554104,0.9287420821222062,-0.98,0.1440710820894093,0.17396791574330342,0.5873734862429913,0.7613414019862947,249,formation sample variance (ddof=1),0.5874398981093607,-280.15264440901933,572.3052888180387,True,Optimization terminated successfully,"formation EDF right ranks/(n+1), clipped to [1/(n+1),n/(n+1)]"
2014-01-01,AAPL,"ARMA(0,0)-GARCH(1,1)",0,0,Gaussian quasi-maximum likelihood,"AIC over p,q in {0,1}",decimal log returns; internally multiplied by 100,mu + phi*(previous_return-mu) + theta*previous_error,-0.055577441928287265,0.0,0.0,1.763695685730546,0.7534434476775537,3.894305335749415e-13,0.7534434476779431,252,formation sample variance (ddof=1),3.3155081947780483,-500.26605176229,1008.53210352458,True,Optimization terminated successfully,"formation EDF right ranks/(n+1), clipped to [1/(n+1),n/(n+1)]"
2014-01-01,GOOG,"ARMA(1,0)-GARCH(1,1)",1,0,Gaussian quasi-maximum likelihood,"AIC over p,q in {0,1}",decimal log returns; internally multiplied by 100,mu + phi*(previous_return-mu) + theta*previous_error,0.3225531441842838,0.20234153416630377,0.0,0.8977182228219004,0.7193861679300295,0.0682178928324945,0.787604060762524,252,formation sample variance (ddof=1),1.8018133735304744,-422.33807838634334,854.6761567726867,True,Optimization terminated successfully,"formation EDF right ranks/(n+1), clipped to [1/(n+1),n/(n+1)]"
2014-01-01,IBM,"ARMA(1,1)-GARCH(1,1)",1,1,Gaussian quasi-maximum likelihood,"AIC over p,q in {0,1}",decimal log returns; internally multiplied by 100,mu + phi*(previous_return-mu) + theta*previous_error,0.03947174763315937,-0.98,0.9396859230594672,0.8166631201680232,0.6858018534457231,0.0,0.6858018534457231,252,formation sample variance (ddof=1),1.415505200361836,-393.65657480955065,799.3131496191013,True,Optimization terminated successfully,"formation EDF right ranks/(n+1), clipped to [1/(n+1),n/(n+1)]"
2014-01-01,DIA,"ARMA(0,0)-GARCH(1,1)",0,0,Gaussian quasi-maximum likelihood,"AIC over p,q in {0,1}",decimal log returns; internally multiplied by 100,mu + phi*(previous_return-mu) + theta*previous_error,0.12412086499898595,0.0,0.0,0.07935265883009586,0.20246770810042014,0.5956714238912006,0.7981391319916208,252,formation sample variance (ddof=1),0.4060353655299037,-235.8997794171605,479.799558834321,True,Optimization terminated successfully,"formation EDF right ranks/(n+1), clipped to [1/(n+1),n/(n+1)]"
2014-01-01,SPY,"ARMA(0,0)-GARCH(1,1)",0,0,Gaussian quasi-maximum likelihood,"AIC over p,q in {0,1}",decimal log returns; internally multiplied by 100,mu + phi*(previous_return-mu) + theta*previous_error,0.12589563729021513,0.0,0.0,0.1289448430965661,0.1968577832218083,0.5276063035416673,0.7244640867634755,252,formation sample variance (ddof=1),0.4868080953933877,-259.64633552975704,527.2926710595141,True,Optimization terminated successfully,"formation EDF right ranks/(n+1), clipped to [1/(n+1),n/(n+1)]"
2014-07-01,AAPL,"ARMA(1,0)-GARCH(1,1)",1,0,Gaussian quasi-maximum likelihood,"AIC over p,q in {0,1}",decimal log returns; internally multiplied by 100,mu + phi*(previous_return-mu) + theta*previous_error,0.12533501192330018,0.2630849769383127,0.0,0.8868749467418766,0.988737443013885,0.010261556986115018,0.998999,252,formation sample variance (ddof=1),2.206366265554912,-448.8725310090235,907.745062018047,True,Optimization terminated successfully,"formation EDF right ranks/(n+1), clipped to [1/(n+1),n/(n+1)]"
2014-07-01,GOOG,"ARMA(1,0)-GARCH(1,1)",1,0,Gaussian quasi-maximum likelihood,"AIC over p,q in {0,1}",decimal log returns; internally multiplied by 100,mu + phi*(previous_return-mu) + theta*previous_error,0.18407442708653388,0.21401389099078966,0.0,0.4712221726145772,0.5878130329311729,0.4111859670688271,0.998999,252,formation sample variance (ddof=1),2.1354064034242843,-443.00629515915466,896.0125903183093,True,Optimization terminated successfully,"formation EDF right ranks/(n+1), clipped to [1/(n+1),n/(n+1)]"
2014-07-01,IBM,"ARMA(0,0)-GARCH(1,1)",0,0,Gaussian quasi-maximum likelihood,"AIC over p,q in {0,1}",decimal log returns; internally multiplied by 100,mu + phi*(previous_return-mu) + theta*previous_error,-0.03420842107938563,0.0,0.0,0.11952646162335423,0.054145070451196015,0.8413580935152746,0.8955031639664706,252,formation sample variance (ddof=1),1.1067140738996548,-369.21593874433574,746.4318774886715,True,Optimization terminated successfully,"formation EDF right ranks/(n+1), clipped to [1/(n+1),n/(n+1)]"
2014-07-01,DIA,"ARMA(0,0)-GARCH(1,1)",0,0,Gaussian quasi-maximum likelihood,"AIC over p,q in {0,1}",decimal log returns; internally multiplied by 100,mu + phi*(previous_return-mu) + theta*previous_error,0.07335881452690861,0.0,0.0,0.05786822632759681,0.14030812923037225,0.70942084118281,0.8497289704131823,252,formation sample variance (ddof=1),0.37496291268726606,-228.49629858726652,464.99259717453305,True,Optimization terminated successfully,"formation EDF right ranks/(n+1), clipped to [1/(n+1),n/(n+1)]"
2014-07-01,SPY,"ARMA(0,0)-GARCH(1,1)",0,0,Gaussian quasi-maximum likelihood,"AIC over p,q in {0,1}",decimal log returns; internally multiplied by 100,mu + phi*(previous_return-mu) + theta*previous_error,0.09430626608876347,0.0,0.0,0.07449081875270108,0.1048024912227535,0.7133605025735269,0.8181629937962804,252,formation sample variance (ddof=1),0.4074512187570561,-240.14667267422269,488.29334534844537,True,Optimization terminated successfully,"formation EDF right ranks/(n+1), clipped to [1/(n+1),n/(n+1)]"
2015-01-01,AAPL,"ARMA(0,0)-GARCH(1,1)",0,0,Gaussian quasi-maximum likelihood,"AIC over p,q in {0,1}",decimal log returns; internally multiplied by 100,mu + phi*(previous_return-mu) + theta*previous_error,0.13827729391387514,0.0,0.0,0.01605484682788975,4.502012826203777e-18,0.9900050916956546,0.9900050916956546,252,formation sample variance (ddof=1),1.8631326260866794,-434.88428761845,877.7685752369,True,Optimization terminated successfully,"formation EDF right ranks/(n+1), clipped to [1/(n+1),n/(n+1)]"
2015-01-01,GOOG,"ARMA(0,0)-GARCH(1,1)",0,0,Gaussian quasi-maximum likelihood,"AIC over p,q in {0,1}",decimal log returns; internally multiplied by 100,mu + phi*(previous_return-mu) + theta*previous_error,-0.014473695396382593,0.0,0.0,0.2238151602030706,0.12965525408551926,0.7446605158623277,0.874315769947847,252,formation sample variance (ddof=1),1.7934151381205061,-421.24347919972007,850.4869583994401,True,Optimization terminated successfully,"formation EDF right ranks/(n+1), clipped to [1/(n+1),n/(n+1)]"
2015-01-01,IBM,"ARMA(0,0)-GARCH(1,1)",0,0,Gaussian quasi-maximum likelihood,"AIC over p,q in {0,1}",decimal log returns; internally multiplied by 100,mu + phi*(previous_return-mu) + theta*previous_error,-0.002350574606049077,0.0,0.0,0.15943485265925075,0.17473210798779923,0.7197101362036405,0.8944422441914398,252,formation sample variance (ddof=1),1.1856702440585891,-373.39157790257934,754.7831558051587,True,Optimization terminated successfully,"formation EDF right ranks/(n+1), clipped to [1/(n+1),n/(n+1)]"
2015-01-01,DIA,"ARMA(0,0)-GARCH(1,1)",0,0,Gaussian quasi-maximum likelihood,"AIC over p,q in {0,1}",decimal log returns; internally multiplied by 100,mu + phi*(previous_return-mu) + theta*previous_error,0.06987842927673935,0.0,0.0,0.04600061877034558,0.24055099142366904,0.6760623445871895,0.9166133360108586,252,formation sample variance (ddof=1),0.4590142653060675,-240.95778420184857,489.91556840369714,True,Optimization terminated successfully,"formation EDF right ranks/(n+1), clipped to [1/(n+1),n/(n+1)]"
2015-01-01,SPY,"ARMA(0,0)-GARCH(1,1)",0,0,Gaussian quasi-maximum likelihood,"AIC over p,q in {0,1}",decimal log returns; internally multiplied by 100,mu + phi*(previous_return-mu) + theta*previous_error,0.06860151463392115,0.0,0.0,0.0609960085875528,0.19409399538285968,0.6906439232998552,0.8847379186827149,252,formation sample variance (ddof=1),0.5028473318123277,-254.77597579478683,517.5519515895737,True,Optimization terminated successfully,"formation EDF right ranks/(n+1), clipped to [1/(n+1),n/(n+1)]"
2015-07-01,AAPL,"ARMA(0,0)-GARCH(1,1)",0,0,Gaussian quasi-maximum likelihood,"AIC over p,q in {0,1}",decimal log returns; internally multiplied by 100,mu + phi*(previous_return-mu) + theta*previous_error,0.12612425358620585,0.0,0.0,0.7621544172744809,0.11356082164998779,0.4787214398603536,0.5922822615103414,252,formation sample variance (ddof=1),1.8715724526715602,-432.847747340952,873.695494681904,True,Optimization terminated successfully,"formation EDF right ranks/(n+1), clipped to [1/(n+1),n/(n+1)]"
2015-07-01,GOOG,"ARMA(0,0)-GARCH(1,1)",0,0,Gaussian quasi-maximum likelihood,"AIC over p,q in {0,1}",decimal log returns; internally multiplied by 100,mu + phi*(previous_return-mu) + theta*previous_error,-0.042088808504046026,0.0,0.0,0.21045301358392438,0.09411623589628063,0.7650028667066519,0.8591191026029324,252,formation sample variance (ddof=1),1.4798944989378209,-403.6944805126795,815.388961025359,True,Optimization terminated successfully,"formation EDF right ranks/(n+1), clipped to [1/(n+1),n/(n+1)]"
2015-07-01,IBM,"ARMA(0,0)-GARCH(1,1)",0,0,Gaussian quasi-maximum likelihood,"AIC over p,q in {0,1}",decimal log returns; internally multiplied by 100,mu + phi*(previous_return-mu) + theta*previous_error,0.01401253449747081,0.0,0.0,0.14340491449636425,0.43157432760155273,0.566981220003664,0.9985555476052168,252,formation sample variance (ddof=1),1.3697927299688761,-384.89819893853644,777.7963978770729,True,Optimization terminated successfully,"formation EDF right ranks/(n+1), clipped to [1/(n+1),n/(n+1)]"
2015-07-01,DIA,"ARMA(0,0)-GARCH(1,1)",0,0,Gaussian quasi-maximum likelihood,"AIC over p,q in {0,1}",decimal log returns; internally multiplied by 100,mu + phi*(previous_return-mu) + theta*previous_error,0.05583552308638132,0.0,0.0,0.05561337601901371,0.1891470958482154,0.7276462733136305,0.916793369161846,252,formation sample variance (ddof=1),0.572260742004399,-275.1178777829708,558.2357555659416,True,Optimization terminated successfully,"formation EDF right ranks/(n+1), clipped to [1/(n+1),n/(n+1)]"
2015-07-01,SPY,"ARMA(0,0)-GARCH(1,1)",0,0,Gaussian quasi-maximum likelihood,"AIC over p,q in {0,1}",decimal log returns; internally multiplied by 100,mu + phi*(previous_return-mu) + theta*previous_error,0.04806689901641712,0.0,0.0,0.07254980647473909,0.1562880456539659,0.7225005500960212,0.8787885957499871,252,formation sample variance (ddof=1),0.5695221068004278,-276.2242043026298,560.4484086052596,True,Optimization terminated successfully,"formation EDF right ranks/(n+1), clipped to [1/(n+1),n/(n+1)]"
2016-01-01,AAPL,"ARMA(0,0)-GARCH(1,1)",0,0,Gaussian quasi-maximum likelihood,"AIC over p,q in {0,1}",decimal log returns; internally multiplied by 100,mu + phi*(previous_return-mu) + theta*previous_error,-0.026215621889669874,0.0,0.0,0.15160882369950618,0.10502052179992923,0.8426923936000895,0.9477129154000188,252,formation sample variance (ddof=1),2.8393410073976693,-480.31388360494395,968.6277672098879,True,Optimization terminated successfully,"formation EDF right ranks/(n+1), clipped to [1/(n+1),n/(n+1)]"
2016-01-01,GOOG,"ARMA(0,0)-GARCH(1,1)",0,0,Gaussian quasi-maximum likelihood,"AIC over p,q in {0,1}",decimal log returns; internally multiplied by 100,mu + phi*(previous_return-mu) + theta*previous_error,0.10789388517475669,0.0,0.0,0.6471923216178616,0.5448614429470515,0.39463425320984896,0.9394956961569005,252,formation sample variance (ddof=1),3.277406088305897,-479.99594247783926,967.9918849556785,True,Optimization terminated successfully,"formation EDF right ranks/(n+1), clipped to [1/(n+1),n/(n+1)]"
2016-01-01,IBM,"ARMA(1,1)-GARCH(1,1)",1,1,Gaussian quasi-maximum likelihood,"AIC over p,q in {0,1}",decimal log returns; internally multiplied by 100,mu + phi*(previous_return-mu) + theta*previous_error,-0.04784306539856359,0.4973597814844787,-0.6413646563272545,0.4069986177153689,0.05114556032462291,0.7155735204307813,0.7667190807554042,252,formation sample variance (ddof=1),1.7953308176887957,-426.75798100809016,865.5159620161803,True,Optimization terminated successfully,"formation EDF right ranks/(n+1), clipped to [1/(n+1),n/(n+1)]"
2016-01-01,DIA,"ARMA(0,0)-GARCH(1,1)",0,0,Gaussian quasi-maximum likelihood,"AIC over p,q in {0,1}",decimal log returns; internally multiplied by 100,mu + phi*(previous_return-mu) + theta*previous_error,0.026399727764774002,0.0,0.0,0.142688047569136,0.18322862169968163,0.649924951681405,0.8331535733810866,252,formation sample variance (ddof=1),0.9424202701932155,-330.1747130511796,668.3494261023592,True,Optimization terminated successfully,"formation EDF right ranks/(n+1), clipped to [1/(n+1),n/(n+1)]"
2016-01-01,SPY,"ARMA(1,1)-GARCH(1,1)",1,1,Gaussian quasi-maximum likelihood,"AIC over p,q in {0,1}",decimal log returns; internally multiplied by 100,mu + phi*(previous_return-mu) + theta*previous_error,0.02636649363576694,0.9016295278309271,-0.9799999999999998,0.10619080449573225,0.17454474651851593,0.6992141930350174,0.8737589395535333,252,formation sample variance (ddof=1),0.9473252827610299,-324.6389143931088,661.2778287862176,True,Optimization terminated successfully,"formation EDF right ranks/(n+1), clipped to [1/(n+1),n/(n+1)]"
2016-07-01,AAPL,"ARMA(0,0)-GARCH(1,1)",0,0,Gaussian quasi-maximum likelihood,"AIC over p,q in {0,1}",decimal log returns; internally multiplied by 100,mu + phi*(previous_return-mu) + theta*previous_error,-0.07885157919339018,0.0,0.0,0.3469247496370404,0.05277337089658432,0.8388120292015168,0.891585400098101,253,formation sample variance (ddof=1),3.203383867076419,-502.81305102462306,1013.6261020492461,True,Optimization terminated successfully,"formation EDF right ranks/(n+1), clipped to [1/(n+1),n/(n+1)]"
2016-07-01,GOOG,"ARMA(1,1)-GARCH(1,1)",1,1,Gaussian quasi-maximum likelihood,"AIC over p,q in {0,1}",decimal log returns; internally multiplied by 100,mu + phi*(previous_return-mu) + theta*previous_error,0.060395947663821024,0.7235988972463878,-0.8027781827229383,1.754563565385302,0.763938746386261,8.194551981299667e-19,0.763938746386261,253,formation sample variance (ddof=1),3.618138167671785,-496.4291011469136,1004.8582022938272,True,Optimization terminated successfully,"formation EDF right ranks/(n+1), clipped to [1/(n+1),n/(n+1)]"
2016-07-01,IBM,"ARMA(0,0)-GARCH(1,1)",0,0,Gaussian quasi-maximum likelihood,"AIC over p,q in {0,1}",decimal log returns; internally multiplied by 100,mu + phi*(previous_return-mu) + theta*previous_error,-0.022109456567806957,0.0,0.0,1.7689604497066067,0.0819995924297846,0.15034172574509114,0.23234131817487574,253,formation sample variance (ddof=1),2.2887301358133856,-462.60149993830686,933.2029998766137,True,Optimization terminated successfully,"formation EDF right ranks/(n+1), clipped to [1/(n+1),n/(n+1)]"
2016-07-01,DIA,"ARMA(0,0)-GARCH(1,1)",0,0,Gaussian quasi-maximum likelihood,"AIC over p,q in {0,1}",decimal log returns; internally multiplied by 100,mu + phi*(previous_return-mu) + theta*previous_error,0.053541028900923444,0.0,0.0,0.126359712933982,0.29799773973485877,0.6055915392541017,0.9035892789889605,253,formation sample variance (ddof=1),1.097519355624638,-345.52643613550526,699.0528722710105,True,Optimization terminated successfully,"formation EDF right ranks/(n+1), clipped to [1/(n+1),n/(n+1)]"
2016-07-01,SPY,"ARMA(0,0)-GARCH(1,1)",0,0,Gaussian quasi-maximum likelihood,"AIC over p,q in {0,1}",decimal log returns; internally multiplied by 100,mu + phi*(previous_return-mu) + theta*previous_error,0.0517440405543155,0.0,0.0,0.12080833850109679,0.25834379295797116,0.6561683010139243,0.9145120939718955,253,formation sample variance (ddof=1),1.1712851860259232,-355.58755406624243,719.1751081324849,True,Optimization terminated successfully,"formation EDF right ranks/(n+1), clipped to [1/(n+1),n/(n+1)]"
2017-01-01,AAPL,"ARMA(0,0)-GARCH(1,1)",0,0,Gaussian quasi-maximum likelihood,"AIC over p,q in {0,1}",decimal log returns; internally multiplied by 100,mu + phi*(previous_return-mu) + theta*previous_error,0.1198952829444942,0.0,0.0,0.2883219254635663,0.10142399232651582,0.7642625706964391,0.8656865630229549,252,formation sample variance (ddof=1),2.167750815458794,-447.95031277434276,903.9006255486855,True,Optimization terminated successfully,"formation EDF right ranks/(n+1), clipped to [1/(n+1),n/(n+1)]"
2017-01-01,GOOG,"ARMA(0,0)-GARCH(1,1)",0,0,Gaussian quasi-maximum likelihood,"AIC over p,q in {0,1}",decimal log returns; internally multiplied by 100,mu + phi*(previous_return-mu) + theta*previous_error,0.029996252487564087,0.0,0.0,0.13311865425008348,0.11078723178541507,0.8036657248851226,0.9144529566705376,252,formation sample variance (ddof=1),1.5961201313444278,-404.73328014695653,817.4665602939131,True,Optimization terminated successfully,"formation EDF right ranks/(n+1), clipped to [1/(n+1),n/(n+1)]"
2017-01-01,IBM,"ARMA(0,0)-GARCH(1,1)",0,0,Gaussian quasi-maximum likelihood,"AIC over p,q in {0,1}",decimal log returns; internally multiplied by 100,mu + phi*(previous_return-mu) + theta*previous_error,0.0423895380796927,0.0,0.0,1.0241418929680852,0.40374156235612674,0.02393949851213467,0.4276810608682614,252,formation sample variance (ddof=1),1.5608229758441599,-405.19860189608926,818.3972037921785,True,Optimization terminated successfully,"formation EDF right ranks/(n+1), clipped to [1/(n+1),n/(n+1)]"
2017-01-01,DIA,"ARMA(1,1)-GARCH(1,1)",1,1,Gaussian quasi-maximum likelihood,"AIC over p,q in {0,1}",decimal log returns; internally multiplied by 100,mu + phi*(previous_return-mu) + theta*previous_error,0.07453824033707727,-0.9162942124970396,0.8558633689481878,0.08422392109613659,0.29946063930529226,0.5684273942764269,0.8678880335817192,252,formation sample variance (ddof=1),0.6230223185104738,-265.81674244938813,543.6334848987763,True,Optimization terminated successfully,"formation EDF right ranks/(n+1), clipped to [1/(n+1),n/(n+1)]"
2017-01-01,SPY,"ARMA(1,1)-GARCH(1,1)",1,1,Gaussian quasi-maximum likelihood,"AIC over p,q in {0,1}",decimal log returns; internally multiplied by 100,mu + phi*(previous_return-mu) + theta*previous_error,0.049221131065964624,-0.9145235731315847,0.8451852431196875,0.07201625851911304,0.2333639110526443,0.6637613142283143,0.8971252252809586,252,formation sample variance (ddof=1),0.6787137063017157,-280.43671660099915,572.8734332019983,True,Optimization terminated successfully,"formation EDF right ranks/(n+1), clipped to [1/(n+1),n/(n+1)]"
2017-07-01,AAPL,"ARMA(0,0)-GARCH(1,1)",0,0,Gaussian quasi-maximum likelihood,"AIC over p,q in {0,1}",decimal log returns; internally multiplied by 100,mu + phi*(previous_return-mu) + theta*previous_error,0.1852923433709331,0.0,0.0,0.6426071993044941,0.12357807893009987,0.38643042668192484,0.5100085056120247,252,formation sample variance (ddof=1),1.288271298315444,-385.54678873621305,779.0935774724261,True,Optimization terminated successfully,"formation EDF right ranks/(n+1), clipped to [1/(n+1),n/(n+1)]"
2017-07-01,GOOG,"ARMA(0,0)-GARCH(1,1)",0,0,Gaussian quasi-maximum likelihood,"AIC over p,q in {0,1}",decimal log returns; internally multiplied by 100,mu + phi*(previous_return-mu) + theta*previous_error,0.11639988406457856,0.0,0.0,0.10250186084090059,0.05305013034761996,0.8407261441684118,0.8937762745160318,252,formation sample variance (ddof=1),0.9451388359224707,-346.80203892574735,701.6040778514947,True,Optimization terminated successfully,"formation EDF right ranks/(n+1), clipped to [1/(n+1),n/(n+1)]"
2017-07-01,IBM,"ARMA(0,0)-GARCH(1,1)",0,0,Gaussian quasi-maximum likelihood,"AIC over p,q in {0,1}",decimal log returns; internally multiplied by 100,mu + phi*(previous_return-mu) + theta*previous_error,0.019980949939988727,0.0,0.0,0.01951951166890788,3.959458757300135e-15,0.9753687149316708,0.9753687149316748,252,formation sample variance (ddof=1),0.7646578474276081,-323.2016988098446,654.4033976196891,True,Optimization terminated successfully,"formation EDF right ranks/(n+1), clipped to [1/(n+1),n/(n+1)]"
2017-07-01,DIA,"ARMA(0,0)-GARCH(1,1)",0,0,Gaussian quasi-maximum likelihood,"AIC over p,q in {0,1}",decimal log returns; internally multiplied by 100,mu + phi*(previous_return-mu) + theta*previous_error,0.07389700980624048,0.0,0.0,0.11539171618826423,0.1012462003226468,0.412741957848774,0.5139881581714207,252,formation sample variance (ddof=1),0.24119829897496026,-173.3413090512817,354.6826181025634,True,Optimization terminated successfully,"formation EDF right ranks/(n+1), clipped to [1/(n+1),n/(n+1)]"
2017-07-01,SPY,"ARMA(1,0)-GARCH(1,1)",1,0,Gaussian quasi-maximum likelihood,"AIC over p,q in {0,1}",decimal log returns; internally multiplied by 100,mu + phi*(previous_return-mu) + theta*previous_error,0.0630317962460612,-0.17814146120161062,0.0,0.09932079604809285,0.04431437351936305,0.5640113354251318,0.6083257089444949,252,formation sample variance (ddof=1),0.2647031595427816,-184.04554432329977,378.09108864659953,True,Optimization terminated successfully,"formation EDF right ranks/(n+1), clipped to [1/(n+1),n/(n+1)]"
2018-01-01,AAPL,"ARMA(0,0)-GARCH(1,1)",0,0,Gaussian quasi-maximum likelihood,"AIC over p,q in {0,1}",decimal log returns; internally multiplied by 100,mu + phi*(previous_return-mu) + theta*previous_error,0.15954783374660214,0.0,0.0,1.1877949747773846,0.025820685309970857,7.42906851975037e-14,0.02582068531004515,251,formation sample variance (ddof=1),1.2192038934356264,-380.30625436619846,768.6125087323969,True,Optimization terminated successfully,"formation EDF right ranks/(n+1), clipped to [1/(n+1),n/(n+1)]"
2018-01-01,GOOG,"ARMA(0,0)-GARCH(1,1)",0,0,Gaussian quasi-maximum likelihood,"AIC over p,q in {0,1}",decimal log returns; internally multiplied by 100,mu + phi*(previous_return-mu) + theta*previous_error,0.12117355863443378,0.0,0.0,0.9344966525587056,0.0,0.0,0.0,251,formation sample variance (ddof=1),0.9462913505328929,-348.71558213943206,705.4311642788641,True,Optimization terminated successfully,"formation EDF right ranks/(n+1), clipped to [1/(n+1),n/(n+1)]"
2018-01-01,IBM,"ARMA(0,0)-GARCH(1,1)",0,0,Gaussian quasi-maximum likelihood,"AIC over p,q in {0,1}",decimal log returns; internally multiplied by 100,mu + phi*(previous_return-mu) + theta*previous_error,-0.016223830755312973,0.0,0.0,0.6902754036987844,0.0,0.27870746750173453,0.27870746750173453,251,formation sample variance (ddof=1),0.9595223981686234,-350.4675275194587,708.9350550389174,True,Optimization terminated successfully,"formation EDF right ranks/(n+1), clipped to [1/(n+1),n/(n+1)]"
2018-01-01,DIA,"ARMA(0,0)-GARCH(1,1)",0,0,Gaussian quasi-maximum likelihood,"AIC over p,q in {0,1}",decimal log returns; internally multiplied by 100,mu + phi*(previous_return-mu) + theta*previous_error,0.09830992115378973,0.0,0.0,0.07601375894065947,0.011275672790337699,0.5289289892225156,0.5402046620128533,251,formation sample variance (ddof=1),0.16549829295325388,-129.87087271959967,267.74174543919935,True,Optimization terminated successfully,"formation EDF right ranks/(n+1), clipped to [1/(n+1),n/(n+1)]"
2018-01-01,SPY,"ARMA(0,1)-GARCH(1,1)",0,1,Gaussian quasi-maximum likelihood,"AIC over p,q in {0,1}",decimal log returns; internally multiplied by 100,mu + phi*(previous_return-mu) + theta*previous_error,0.07801534435519593,0.0,-0.16863247740132323,0.10683093499280975,0.0,0.38605620944406394,0.38605620944406394,251,formation sample variance (ddof=1),0.18051888179297812,-137.66872614790614,285.3374522958123,True,Optimization terminated successfully,"formation EDF right ranks/(n+1), clipped to [1/(n+1),n/(n+1)]"
2018-07-01,AAPL,"ARMA(0,0)-GARCH(1,1)",0,0,Gaussian quasi-maximum likelihood,"AIC over p,q in {0,1}",decimal log returns; internally multiplied by 100,mu + phi*(previous_return-mu) + theta*previous_error,0.10395615991883582,0.0,0.0,0.2847401894070951,0.14455475277478896,0.6979190100391126,0.8424737628139016,251,formation sample variance (ddof=1),1.7942813191070017,-418.08274294561795,844.1654858912359,True,Optimization terminated successfully,"formation EDF right ranks/(n+1), clipped to [1/(n+1),n/(n+1)]"
2018-07-01,GOOG,"ARMA(0,0)-GARCH(1,1)",0,0,Gaussian quasi-maximum likelihood,"AIC over p,q in {0,1}",decimal log returns; internally multiplied by 100,mu + phi*(previous_return-mu) + theta*previous_error,0.11682789019260914,0.0,0.0,0.11336522350458401,0.0686728745728962,0.8711037592414286,0.9397766338143247,251,formation sample variance (ddof=1),1.9648572428777602,-426.6417982347448,861.2835964694896,True,Optimization terminated successfully,"formation EDF right ranks/(n+1), clipped to [1/(n+1),n/(n+1)]"
2018-07-01,IBM,"ARMA(1,1)-GARCH(1,1)",1,1,Gaussian quasi-maximum likelihood,"AIC over p,q in {0,1}",decimal log returns; internally multiplied by 100,mu + phi*(previous_return-mu) + theta*previous_error,-0.017583580761363637,0.8022248843343535,-0.8830585433930053,1.014803911936994,0.23352740593004756,0.2121139017898504,0.44564130771989796,251,formation sample variance (ddof=1),1.6824153078933328,-416.2067616222378,844.4135232444756,True,Optimization terminated successfully,"formation EDF right ranks/(n+1), clipped to [1/(n+1),n/(n+1)]"
2018-07-01,DIA,"ARMA(0,0)-GARCH(1,1)",0,0,Gaussian quasi-maximum likelihood,"AIC over p,q in {0,1}",decimal log returns; internally multiplied by 100,mu + phi*(previous_return-mu) + theta*previous_error,0.12801970615936945,0.0,0.0,0.016349711457444398,0.22619782252120585,0.7728011774787942,0.998999,251,formation sample variance (ddof=1),0.7265910914966003,-249.24282924265452,506.48565848530905,True,Optimization terminated successfully,"formation EDF right ranks/(n+1), clipped to [1/(n+1),n/(n+1)]"
2018-07-01,SPY,"ARMA(1,1)-GARCH(1,1)",1,1,Gaussian quasi-maximum likelihood,"AIC over p,q in {0,1}",decimal log returns; internally multiplied by 100,mu + phi*(previous_return-mu) + theta*previous_error,0.11000749909472618,-0.9063523444172255,0.9620787575052401,0.024308441682072673,0.25922387104508415,0.7220329120719664,0.9812567831170506,251,formation sample variance (ddof=1),0.621785274448541,-233.01200454858142,478.02400909716283,True,Optimization terminated successfully,"formation EDF right ranks/(n+1), clipped to [1/(n+1),n/(n+1)]"
2019-01-01,AAPL,"ARMA(0,0)-GARCH(1,1)",0,0,Gaussian quasi-maximum likelihood,"AIC over p,q in {0,1}",decimal log returns; internally multiplied by 100,mu + phi*(previous_return-mu) + theta*previous_error,0.11038380827936548,0.0,0.0,0.28686046728521924,0.24182149905297295,0.7022230642184635,0.9440445632714365,251,formation sample variance (ddof=1),3.2856064635767184,-486.9134811216478,981.8269622432956,True,Optimization terminated successfully,"formation EDF right ranks/(n+1), clipped to [1/(n+1),n/(n+1)]"
2019-01-01,GOOG,"ARMA(0,0)-GARCH(1,1)",0,0,Gaussian quasi-maximum likelihood,"AIC over p,q in {0,1}",decimal log returns; internally multiplied by 100,mu + phi*(previous_return-mu) + theta*previous_error,0.028960349663314896,0.0,0.0,0.15510151704234312,0.07002881405099637,0.885112288662145,0.9551411027131413,251,formation sample variance (ddof=1),3.163946782061503,-493.189873516198,994.379747032396,True,Optimization terminated successfully,"formation EDF right ranks/(n+1), clipped to [1/(n+1),n/(n+1)]"
2019-01-01,IBM,"ARMA(0,0)-GARCH(1,1)",0,0,Gaussian quasi-maximum likelihood,"AIC over p,q in {0,1}",decimal log returns; internally multiplied by 100,mu + phi*(previous_return-mu) + theta*previous_error,-0.006017665999420501,0.0,0.0,0.09033272262693764,0.20116166654227463,0.7947959217598051,0.9959575883020797,251,formation sample variance (ddof=1),2.4480634696315415,-452.1500849209616,912.3001698419232,True,Optimization terminated successfully,"formation EDF right ranks/(n+1), clipped to [1/(n+1),n/(n+1)]"
2019-01-01,DIA,"ARMA(1,1)-GARCH(1,1)",1,1,Gaussian quasi-maximum likelihood,"AIC over p,q in {0,1}",decimal log returns; internally multiplied by 100,mu + phi*(previous_return-mu) + theta*previous_error,0.08130890661799471,-0.9095038258937422,0.98,0.06652627490287834,0.20769211496491705,0.7636219721939387,0.9713140871588557,251,formation sample variance (ddof=1),1.2831921544265787,-354.999574900369,721.999149800738,True,Optimization terminated successfully,"formation EDF right ranks/(n+1), clipped to [1/(n+1),n/(n+1)]"
2019-01-01,SPY,"ARMA(1,1)-GARCH(1,1)",1,1,Gaussian quasi-maximum likelihood,"AIC over p,q in {0,1}",decimal log returns; internally multiplied by 100,mu + phi*(previous_return-mu) + theta*previous_error,0.09782177989996071,-0.9220689493663655,0.9799999999999072,0.06241601566572341,0.259357436496807,0.7206058351980047,0.9799632716948117,251,formation sample variance (ddof=1),1.157738536016842,-334.88485490487,681.76970980974,True,Optimization terminated successfully,"formation EDF right ranks/(n+1), clipped to [1/(n+1),n/(n+1)]"
2019-07-01,AAPL,"ARMA(0,0)-GARCH(1,1)",0,0,Gaussian quasi-maximum likelihood,"AIC over p,q in {0,1}",decimal log returns; internally multiplied by 100,mu + phi*(previous_return-mu) + theta*previous_error,0.2873240595276584,0.0,0.0,0.20328335503646883,0.16208919773509287,0.8050778530071198,0.9671670507422127,250,formation sample variance (ddof=1),3.885709325825974,-510.2358998525056,1028.471799705011,True,Optimization terminated successfully,"formation EDF right ranks/(n+1), clipped to [1/(n+1),n/(n+1)]"
2019-07-01,GOOG,"ARMA(0,0)-GARCH(1,1)",0,0,Gaussian quasi-maximum likelihood,"AIC over p,q in {0,1}",decimal log returns; internally multiplied by 100,mu + phi*(previous_return-mu) + theta*previous_error,-0.008519881330611398,0.0,0.0,0.17969820176280546,0.028488300586993167,0.9116735127152612,0.9401618133022543,250,formation sample variance (ddof=1),2.9744878560504415,-488.4468759394476,984.8937518788952,True,Optimization terminated successfully,"formation EDF right ranks/(n+1), clipped to [1/(n+1),n/(n+1)]"
2019-07-01,IBM,"ARMA(0,0)-GARCH(1,1)",0,0,Gaussian quasi-maximum likelihood,"AIC over p,q in {0,1}",decimal log returns; internally multiplied by 100,mu + phi*(previous_return-mu) + theta*previous_error,0.1092415922671483,0.0,0.0,1.2837336961888082,0.6318428924754065,0.0,0.6318428924754065,250,formation sample variance (ddof=1),2.1957263538848175,-439.90484112766165,887.8096822553233,True,Optimization terminated successfully,"formation EDF right ranks/(n+1), clipped to [1/(n+1),n/(n+1)]"
2019-07-01,DIA,"ARMA(0,0)-GARCH(1,1)",0,0,Gaussian quasi-maximum likelihood,"AIC over p,q in {0,1}",decimal log returns; internally multiplied by 100,mu + phi*(previous_return-mu) + theta*previous_error,0.09957942599946025,0.0,0.0,0.04582202645449002,0.15919692092935941,0.7967393075555435,0.9559362284849029,250,formation sample variance (ddof=1),0.9657196760452934,-319.9371980545807,647.8743961091614,True,Optimization terminated successfully,"formation EDF right ranks/(n+1), clipped to [1/(n+1),n/(n+1)]"
2019-07-01,SPY,"ARMA(0,0)-GARCH(1,1)",0,0,Gaussian quasi-maximum likelihood,"AIC over p,q in {0,1}",decimal log returns; internally multiplied by 100,mu + phi*(previous_return-mu) + theta*previous_error,0.1143355344384678,0.0,0.0,0.044559174395747976,0.19379513111234967,0.7717613511727863,0.965556482285136,250,formation sample variance (ddof=1),0.9394844921043273,-312.50742983765446,633.0148596753089,True,Optimization terminated successfully,"formation EDF right ranks/(n+1), clipped to [1/(n+1),n/(n+1)]"
2020-01-01,AAPL,"ARMA(0,0)-GARCH(1,1)",0,0,Gaussian quasi-maximum likelihood,"AIC over p,q in {0,1}",decimal log returns; internally multiplied by 100,mu + phi*(previous_return-mu) + theta*previous_error,0.30340388156148207,0.0,0.0,0.17450500683915823,0.05485554113417223,0.8619441460629099,0.9167996871970822,252,formation sample variance (ddof=1),2.7441783425678787,-478.8860678534752,965.7721357069504,True,Optimization terminated successfully,"formation EDF right ranks/(n+1), clipped to [1/(n+1),n/(n+1)]"
2020-01-01,GOOG,"ARMA(1,1)-GARCH(1,1)",1,1,Gaussian quasi-maximum likelihood,"AIC over p,q in {0,1}",decimal log returns; internally multiplied by 100,mu + phi*(previous_return-mu) + theta*previous_error,0.221831813601198,0.5778782612933976,-0.8433575786304166,1.0166513299892594,0.998999,4.463978233601768e-15,0.9989990000000044,252,formation sample variance (ddof=1),2.294631072237965,-454.15737774325004,920.3147554865001,True,Optimization terminated successfully,"formation EDF right ranks/(n+1), clipped to [1/(n+1),n/(n+1)]"
2020-01-01,IBM,"ARMA(1,0)-GARCH(1,1)",1,0,Gaussian quasi-maximum likelihood,"AIC over p,q in {0,1}",decimal log returns; internally multiplied by 100,mu + phi*(previous_return-mu) + theta*previous_error,0.07598684989127566,-0.0890672433638172,0.0,0.00043009272736254403,0.0,0.998999,0.998999,252,formation sample variance (ddof=1),1.6690594171845246,-419.9249564530559,849.8499129061119,True,Optimization terminated successfully,"formation EDF right ranks/(n+1), clipped to [1/(n+1),n/(n+1)]"
2020-01-01,DIA,"ARMA(0,0)-GARCH(1,1)",0,0,Gaussian quasi-maximum likelihood,"AIC over p,q in {0,1}",decimal log returns; internally multiplied by 100,mu + phi*(previous_return-mu) + theta*previous_error,0.09907209084423871,0.0,0.0,0.052740418696512935,0.17398072818581628,0.7379333928526758,0.911914121038492,252,formation sample variance (ddof=1),0.6250056908464042,-281.779841140247,571.559682280494,True,Optimization terminated successfully,"formation EDF right ranks/(n+1), clipped to [1/(n+1),n/(n+1)]"
2020-01-01,SPY,"ARMA(0,0)-GARCH(1,1)",0,0,Gaussian quasi-maximum likelihood,"AIC over p,q in {0,1}",decimal log returns; internally multiplied by 100,mu + phi*(previous_return-mu) + theta*previous_error,0.14146900004969462,0.0,0.0,0.03685497998540562,0.249421338077052,0.7064568636541836,0.9558782017312356,252,formation sample variance (ddof=1),0.6229111220130343,-273.119624965785,554.23924993157,True,Optimization terminated successfully,"formation EDF right ranks/(n+1), clipped to [1/(n+1),n/(n+1)]"
2020-07-01,AAPL,"ARMA(1,1)-GARCH(1,1)",1,1,Gaussian quasi-maximum likelihood,"AIC over p,q in {0,1}",decimal log returns; internally multiplied by 100,mu + phi*(previous_return-mu) + theta*previous_error,0.3633963406574404,0.4950057624114773,-0.6705952975736594,0.2066708753326246,0.2335168056711447,0.7347922128938736,0.9683090185650183,253,formation sample variance (ddof=1),6.540763288460893,-514.2987331109925,1040.597466221985,True,Optimization terminated successfully,"formation EDF right ranks/(n+1), clipped to [1/(n+1),n/(n+1)]"
2020-07-01,GOOG,"ARMA(0,1)-GARCH(1,1)",0,1,Gaussian quasi-maximum likelihood,"AIC over p,q in {0,1}",decimal log returns; internally multiplied by 100,mu + phi*(previous_return-mu) + theta*previous_error,0.28910198393719955,0.0,-0.2575797186907076,0.4411276724248995,0.2536015511432946,0.6753133061374758,0.9289148572807704,253,formation sample variance (ddof=1),5.275969518024432,-513.9833504606456,1037.9667009212912,True,Optimization terminated successfully,"formation EDF right ranks/(n+1), clipped to [1/(n+1),n/(n+1)]"
2020-07-01,IBM,"ARMA(0,0)-GARCH(1,1)",0,0,Gaussian quasi-maximum likelihood,"AIC over p,q in {0,1}",decimal log returns; internally multiplied by 100,mu + phi*(previous_return-mu) + theta*previous_error,0.06103777522760717,0.0,0.0,0.2561821088328035,0.2431289123432122,0.7302462791364659,0.9733751914796781,253,formation sample variance (ddof=1),6.240617936445234,-524.3635745215254,1056.7271490430508,True,Optimization terminated successfully,"formation EDF right ranks/(n+1), clipped to [1/(n+1),n/(n+1)]"
2020-07-01,DIA,"ARMA(1,1)-GARCH(1,1)",1,1,Gaussian quasi-maximum likelihood,"AIC over p,q in {0,1}",decimal log returns; internally multiplied by 100,mu + phi*(previous_return-mu) + theta*previous_error,0.1182891503560581,-0.938845604388021,0.98,0.06466118301853459,0.3249199414785944,0.6740790585087625,0.9989989999873569,253,formation sample variance (ddof=1),5.127284478609607,-417.2966744779891,846.5933489559782,True,Optimization terminated successfully,"formation EDF right ranks/(n+1), clipped to [1/(n+1),n/(n+1)]"
2020-07-01,SPY,"ARMA(0,0)-GARCH(1,1)",0,0,Gaussian quasi-maximum likelihood,"AIC over p,q in {0,1}",decimal log returns; internally multiplied by 100,mu + phi*(previous_return-mu) + theta*previous_error,0.14225811349548015,0.0,0.0,0.04645051229599702,0.3278316063589914,0.6711673936410337,0.9989990000000251,253,formation sample variance (ddof=1),4.260717996417426,-400.6623750741913,809.3247501483826,True,Optimization terminated successfully,"formation EDF right ranks/(n+1), clipped to [1/(n+1),n/(n+1)]"
2021-01-01,AAPL,"ARMA(0,1)-GARCH(1,1)",0,1,Gaussian quasi-maximum likelihood,"AIC over p,q in {0,1}",decimal log returns; internally multiplied by 100,mu + phi*(previous_return-mu) + theta*previous_error,0.3725386742727644,0.0,-0.13199970136628716,0.5666387671026106,0.17697038140261143,0.7566696382479221,0.9336400196505336,253,formation sample variance (ddof=1),8.64555537359128,-593.8686849499655,1197.737369899931,True,Optimization terminated successfully,"formation EDF right ranks/(n+1), clipped to [1/(n+1),n/(n+1)]"
2021-01-01,GOOG,"ARMA(1,0)-GARCH(1,1)",1,0,Gaussian quasi-maximum likelihood,"AIC over p,q in {0,1}",decimal log returns; internally multiplied by 100,mu + phi*(previous_return-mu) + theta*previous_error,0.1667716668332025,-0.16558435624084172,0.0,0.46440380253647323,0.23354567095790416,0.683601658835784,0.9171473297936882,253,formation sample variance (ddof=1),5.863361428160848,-537.582756393535,1085.16551278707,True,Optimization terminated successfully,"formation EDF right ranks/(n+1), clipped to [1/(n+1),n/(n+1)]"
2021-01-01,IBM,"ARMA(0,0)-GARCH(1,1)",0,0,Gaussian quasi-maximum likelihood,"AIC over p,q in {0,1}",decimal log returns; internally multiplied by 100,mu + phi*(previous_return-mu) + theta*previous_error,0.1416166752003909,0.0,0.0,0.39300971206680857,0.2206672437369585,0.7242289990788003,0.9448962428157588,253,formation sample variance (ddof=1),6.699240842195326,-550.3535287025456,1108.7070574050913,True,Optimization terminated successfully,"formation EDF right ranks/(n+1), clipped to [1/(n+1),n/(n+1)]"
2021-01-01,DIA,"ARMA(1,1)-GARCH(1,1)",1,1,Gaussian quasi-maximum likelihood,"AIC over p,q in {0,1}",decimal log returns; internally multiplied by 100,mu + phi*(previous_return-mu) + theta*previous_error,0.1380314795976234,-0.5697557100591297,0.435085702363845,0.11078123192895208,0.31149405979810796,0.6875049402022155,0.9989990000003235,253,formation sample variance (ddof=1),5.370536142403928,-459.2088621328255,930.417724265651,True,Optimization terminated successfully,"formation EDF right ranks/(n+1), clipped to [1/(n+1),n/(n+1)]"
2021-01-01,SPY,"ARMA(1,1)-GARCH(1,1)",1,1,Gaussian quasi-maximum likelihood,"AIC over p,q in {0,1}",decimal log returns; internally multiplied by 100,mu + phi*(previous_return-mu) + theta*previous_error,0.181625490455023,-0.5536014739947217,0.38190907744440544,0.1144663174684617,0.3533333347278819,0.6456656696693968,0.9989990043972787,253,formation sample variance (ddof=1),4.492755988912325,-442.8090164320069,897.6180328640138,True,Optimization terminated successfully,"formation EDF right ranks/(n+1), clipped to [1/(n+1),n/(n+1)]"
2021-07-01,AAPL,"ARMA(0,0)-GARCH(1,1)",0,0,Gaussian quasi-maximum likelihood,"AIC over p,q in {0,1}",decimal log returns; internally multiplied by 100,mu + phi*(previous_return-mu) + theta*previous_error,0.14843258014826446,0.0,0.0,4.653200893805722e-08,0.027925647339111345,0.9676317821585397,0.995557429497651,252,formation sample variance (ddof=1),4.652826186242836,-541.7208841725981,1091.4417683451961,True,Optimization terminated successfully,"formation EDF right ranks/(n+1), clipped to [1/(n+1),n/(n+1)]"
2021-07-01,GOOG,"ARMA(0,0)-GARCH(1,1)",0,0,Gaussian quasi-maximum likelihood,"AIC over p,q in {0,1}",decimal log returns; internally multiplied by 100,mu + phi*(previous_return-mu) + theta*previous_error,0.1626417351043883,0.0,0.0,0.34972885296243617,0.18737750074920262,0.7059144424611352,0.8932919432103379,252,formation sample variance (ddof=1),2.933027861665187,-484.418743041758,976.837486083516,True,Optimization terminated successfully,"formation EDF right ranks/(n+1), clipped to [1/(n+1),n/(n+1)]"
2021-07-01,IBM,"ARMA(0,0)-GARCH(1,1)",0,0,Gaussian quasi-maximum likelihood,"AIC over p,q in {0,1}",decimal log returns; internally multiplied by 100,mu + phi*(previous_return-mu) + theta*previous_error,0.08296547955011624,0.0,0.0,2.053644998634323,0.07840263422299897,0.11457617267282975,0.19297880689582872,252,formation sample variance (ddof=1),2.5353457541231794,-473.61691313617746,955.2338262723549,True,Optimization terminated successfully,"formation EDF right ranks/(n+1), clipped to [1/(n+1),n/(n+1)]"
2021-07-01,DIA,"ARMA(0,0)-GARCH(1,1)",0,0,Gaussian quasi-maximum likelihood,"AIC over p,q in {0,1}",decimal log returns; internally multiplied by 100,mu + phi*(previous_return-mu) + theta*previous_error,0.11180241369223315,0.0,0.0,0.1385260629401551,0.289738454518081,0.5575413793428219,0.8472798338609029,252,formation sample variance (ddof=1),0.8317107365448665,-317.6035391914335,643.207078382867,True,Optimization terminated successfully,"formation EDF right ranks/(n+1), clipped to [1/(n+1),n/(n+1)]"
2021-07-01,SPY,"ARMA(1,0)-GARCH(1,1)",1,0,Gaussian quasi-maximum likelihood,"AIC over p,q in {0,1}",decimal log returns; internally multiplied by 100,mu + phi*(previous_return-mu) + theta*previous_error,0.1432706128303508,-0.15957377859821967,0.0,0.1846619072743693,0.2935587885053729,0.5138003231087357,0.8073591116141086,252,formation sample variance (ddof=1),0.8951843793138677,-326.7722380379428,663.5444760758857,True,Optimization terminated successfully,"formation EDF right ranks/(n+1), clipped to [1/(n+1),n/(n+1)]"
2022-01-01,AAPL,"ARMA(0,0)-GARCH(1,1)",0,0,Gaussian quasi-maximum likelihood,"AIC over p,q in {0,1}",decimal log returns; internally multiplied by 100,mu + phi*(previous_return-mu) + theta*previous_error,0.1403181583390498,0.0,0.0,0.12785265349315278,0.07067386823527814,0.8744095650573137,0.9450834332925918,252,formation sample variance (ddof=1),2.4984519696943934,-465.55155626439705,939.1031125287941,True,Optimization terminated successfully,"formation EDF right ranks/(n+1), clipped to [1/(n+1),n/(n+1)]"
2022-01-01,GOOG,"ARMA(1,1)-GARCH(1,1)",1,1,Gaussian quasi-maximum likelihood,"AIC over p,q in {0,1}",decimal log returns; internally multiplied by 100,mu + phi*(previous_return-mu) + theta*previous_error,0.19119268093254357,-0.9497891035046789,0.9081155630915196,0.0701334156953912,0.06858901180151644,0.8977351057422805,0.966324117543797,252,formation sample variance (ddof=1),2.209274721006159,-446.8874675511562,905.7749351023124,True,Optimization terminated successfully,"formation EDF right ranks/(n+1), clipped to [1/(n+1),n/(n+1)]"
2022-01-01,IBM,"ARMA(0,0)-GARCH(1,1)",0,0,Gaussian quasi-maximum likelihood,"AIC over p,q in {0,1}",decimal log returns; internally multiplied by 100,mu + phi*(previous_return-mu) + theta*previous_error,0.05949597493230553,0.0,0.0,0.019269097154208787,4.610958364524866e-13,0.9886642431464111,0.9886642431468722,252,formation sample variance (ddof=1),2.150418069566618,-451.9703083046918,911.9406166093836,True,Optimization terminated successfully,"formation EDF right ranks/(n+1), clipped to [1/(n+1),n/(n+1)]"
2022-01-01,DIA,"ARMA(0,0)-GARCH(1,1)",0,0,Gaussian quasi-maximum likelihood,"AIC over p,q in {0,1}",decimal log returns; internally multiplied by 100,mu + phi*(previous_return-mu) + theta*previous_error,0.07218778135393877,0.0,0.0,0.1723242292984457,0.2409394644521026,0.4707391016744857,0.7116785661265883,252,formation sample variance (ddof=1),0.6018393334496926,-281.60179098095045,571.2035819619009,True,Optimization terminated successfully,"formation EDF right ranks/(n+1), clipped to [1/(n+1),n/(n+1)]"
2022-01-01,SPY,"ARMA(1,1)-GARCH(1,1)",1,1,Gaussian quasi-maximum likelihood,"AIC over p,q in {0,1}",decimal log returns; internally multiplied by 100,mu + phi*(previous_return-mu) + theta*previous_error,0.10735070882945896,0.8923536830673703,-0.98,0.1716090940511359,0.23003965381097985,0.503253445543984,0.7332930993549638,252,formation sample variance (ddof=1),0.6700090374498059,-290.77151694416614,593.5430338883323,True,Optimization terminated successfully,"formation EDF right ranks/(n+1), clipped to [1/(n+1),n/(n+1)]"
2022-07-01,AAPL,"ARMA(0,0)-GARCH(1,1)",0,0,Gaussian quasi-maximum likelihood,"AIC over p,q in {0,1}",decimal log returns; internally multiplied by 100,mu + phi*(previous_return-mu) + theta*previous_error,0.0769913340817008,0.0,0.0,0.03678121649295462,0.053465543319753464,0.9412009022712419,0.9946664455909954,252,formation sample variance (ddof=1),3.5496854559557134,-504.33396441009234,1016.6679288201847,True,Optimization terminated successfully,"formation EDF right ranks/(n+1), clipped to [1/(n+1),n/(n+1)]"
2022-07-01,GOOG,"ARMA(0,0)-GARCH(1,1)",0,0,Gaussian quasi-maximum likelihood,"AIC over p,q in {0,1}",decimal log returns; internally multiplied by 100,mu + phi*(previous_return-mu) + theta*previous_error,0.019511555433008327,0.0,0.0,0.05112725008606443,0.06637652082091224,0.9269342167583638,0.9933107375792761,252,formation sample variance (ddof=1),3.693153039318203,-508.5508796916209,1025.1017593832416,True,Optimization terminated successfully,"formation EDF right ranks/(n+1), clipped to [1/(n+1),n/(n+1)]"
2022-07-01,IBM,"ARMA(0,1)-GARCH(1,1)",0,1,Gaussian quasi-maximum likelihood,"AIC over p,q in {0,1}",decimal log returns; internally multiplied by 100,mu + phi*(previous_return-mu) + theta*previous_error,0.023197852059505964,0.0,0.10397934690917052,0.5450165935691372,3.647248338589837e-12,0.7283097868344619,0.7283097868381091,252,formation sample variance (ddof=1),2.0744193956983246,-447.7677460953713,905.5354921907426,True,Optimization terminated successfully,"formation EDF right ranks/(n+1), clipped to [1/(n+1),n/(n+1)]"
2022-07-01,DIA,"ARMA(0,0)-GARCH(1,1)",0,0,Gaussian quasi-maximum likelihood,"AIC over p,q in {0,1}",decimal log returns; internally multiplied by 100,mu + phi*(previous_return-mu) + theta*previous_error,-0.01515223797104461,0.0,0.0,0.056056725338953485,0.15367608913676134,0.8031347503680933,0.9568108395048547,252,formation sample variance (ddof=1),1.1092534131786465,-352.44604277275886,712.8920855455177,True,Optimization terminated successfully,"formation EDF right ranks/(n+1), clipped to [1/(n+1),n/(n+1)]"
2022-07-01,SPY,"ARMA(0,0)-GARCH(1,1)",0,0,Gaussian quasi-maximum likelihood,"AIC over p,q in {0,1}",decimal log returns; internally multiplied by 100,mu + phi*(previous_return-mu) + theta*previous_error,0.01917283220998679,0.0,0.0,0.041434527843070224,0.1538678171378861,0.8272340485706747,0.9811018657085608,252,formation sample variance (ddof=1),1.5789223587720553,-383.3975810344374,774.7951620688748,True,Optimization terminated successfully,"formation EDF right ranks/(n+1), clipped to [1/(n+1),n/(n+1)]"
2023-01-01,AAPL,"ARMA(0,0)-GARCH(1,1)",0,0,Gaussian quasi-maximum likelihood,"AIC over p,q in {0,1}",decimal log returns; internally multiplied by 100,mu + phi*(previous_return-mu) + theta*previous_error,-0.07657063936998623,0.0,0.0,4.33228537842512,0.14524689942797403,0.0,0.14524689942797403,251,formation sample variance (ddof=1),5.039022900594836,-557.4107239410894,1122.8214478821787,True,Optimization terminated successfully,"formation EDF right ranks/(n+1), clipped to [1/(n+1),n/(n+1)]"
2023-01-01,GOOG,"ARMA(1,1)-GARCH(1,1)",1,1,Gaussian quasi-maximum likelihood,"AIC over p,q in {0,1}",decimal log returns; internally multiplied by 100,mu + phi*(previous_return-mu) + theta*previous_error,-0.18471920352786472,0.8893452920858046,-0.98,1.149761093925107,0.007354262892848838,0.7932529969276587,0.8006072598205075,251,formation sample variance (ddof=1),5.974126811717417,-575.1621266464036,1162.3242532928073,True,Optimization terminated successfully,"formation EDF right ranks/(n+1), clipped to [1/(n+1),n/(n+1)]"
2023-01-01,IBM,"ARMA(1,1)-GARCH(1,1)",1,1,Gaussian quasi-maximum likelihood,"AIC over p,q in {0,1}",decimal log returns; internally multiplied by 100,mu + phi*(previous_return-mu) + theta*previous_error,0.039079982183099826,-0.8820982987310255,0.9733012392432773,2.161939769464252,9.60684862421548e-17,0.0,9.60684862421548e-17,251,formation sample variance (ddof=1),2.2497671517552433,-453.0973772134286,918.1947544268572,True,Optimization terminated successfully,"formation EDF right ranks/(n+1), clipped to [1/(n+1),n/(n+1)]"
2023-01-01,DIA,"ARMA(1,1)-GARCH(1,1)",1,1,Gaussian quasi-maximum likelihood,"AIC over p,q in {0,1}",decimal log returns; internally multiplied by 100,mu + phi*(previous_return-mu) + theta*previous_error,-0.024991137615156245,-0.921914929133941,0.98,0.1199874413936235,0.04191797602140367,0.881425356289924,0.9233433323113277,251,formation sample variance (ddof=1),1.5536821826242484,-407.3685448480428,826.7370896960856,True,Optimization terminated successfully,"formation EDF right ranks/(n+1), clipped to [1/(n+1),n/(n+1)]"
2023-01-01,SPY,"ARMA(0,0)-GARCH(1,1)",0,0,Gaussian quasi-maximum likelihood,"AIC over p,q in {0,1}",decimal log returns; internally multiplied by 100,mu + phi*(previous_return-mu) + theta*previous_error,-0.07163954207503734,0.0,0.0,0.19979595692803478,0.028024352115035393,0.8879988259702161,0.9160231780852515,251,formation sample variance (ddof=1),2.3353539312475404,-461.64313441615917,931.2862688323183,True,Optimization terminated successfully,"formation EDF right ranks/(n+1), clipped to [1/(n+1),n/(n+1)]"
2023-07-01,AAPL,"ARMA(0,0)-GARCH(1,1)",0,0,Gaussian quasi-maximum likelihood,"AIC over p,q in {0,1}",decimal log returns; internally multiplied by 100,mu + phi*(previous_return-mu) + theta*previous_error,0.2707053236777703,0.0,0.0,0.011875728414142413,0.05357152902865956,0.9416791254936382,0.9952506545222978,251,formation sample variance (ddof=1),3.440122418061714,-496.06519488150417,1000.1303897630083,True,Optimization terminated successfully,"formation EDF right ranks/(n+1), clipped to [1/(n+1),n/(n+1)]"
2023-07-01,GOOG,"ARMA(0,0)-GARCH(1,1)",0,0,Gaussian quasi-maximum likelihood,"AIC over p,q in {0,1}",decimal log returns; internally multiplied by 100,mu + phi*(previous_return-mu) + theta*previous_error,0.04503972720190262,0.0,0.0,0.8072325070675258,0.04162465042464147,0.8058130917355406,0.8474377421601821,251,formation sample variance (ddof=1),5.389974264271534,-565.2323451422615,1138.464690284523,True,Optimization terminated successfully,"formation EDF right ranks/(n+1), clipped to [1/(n+1),n/(n+1)]"
2023-07-01,IBM,"ARMA(1,0)-GARCH(1,1)",1,0,Gaussian quasi-maximum likelihood,"AIC over p,q in {0,1}",decimal log returns; internally multiplied by 100,mu + phi*(previous_return-mu) + theta*previous_error,0.0028675317952105398,0.12596790919971154,0.0,1.660453487363982e-08,1.491742547129452e-11,0.9986692656834966,0.998669265698414,251,formation sample variance (ddof=1),1.6584801717525994,-415.16760553294927,840.3352110658985,True,Optimization terminated successfully,"formation EDF right ranks/(n+1), clipped to [1/(n+1),n/(n+1)]"
2023-07-01,DIA,"ARMA(0,0)-GARCH(1,1)",0,0,Gaussian quasi-maximum likelihood,"AIC over p,q in {0,1}",decimal log returns; internally multiplied by 100,mu + phi*(previous_return-mu) + theta*previous_error,0.05295275573255133,0.0,0.0,0.005201049633846291,0.03551955774278709,0.9573525558145344,0.9928721135573215,251,formation sample variance (ddof=1),1.069896334643934,-356.70853371406173,721.4170674281235,True,Optimization terminated successfully,"formation EDF right ranks/(n+1), clipped to [1/(n+1),n/(n+1)]"
2023-07-01,SPY,"ARMA(0,0)-GARCH(1,1)",0,0,Gaussian quasi-maximum likelihood,"AIC over p,q in {0,1}",decimal log returns; internally multiplied by 100,mu + phi*(previous_return-mu) + theta*previous_error,0.10810941217744961,0.0,0.0,1.4866032348907976e-08,0.04166014265761444,0.9556820728724063,0.9973422155300207,251,formation sample variance (ddof=1),1.4866032348907976,-393.9729705620509,795.9459411241018,True,Optimization terminated successfully,"formation EDF right ranks/(n+1), clipped to [1/(n+1),n/(n+1)]"
2024-01-01,AAPL,"ARMA(0,0)-GARCH(1,1)",0,0,Gaussian quasi-maximum likelihood,"AIC over p,q in {0,1}",decimal log returns; internally multiplied by 100,mu + phi*(previous_return-mu) + theta*previous_error,0.15831223310775275,0.0,0.0,0.05782795564489022,0.01542441185023883,0.9450779084941152,0.960502320344354,250,formation sample variance (ddof=1),1.632262268278114,-414.47553535039833,836.9510707007967,True,Optimization terminated successfully,"formation EDF right ranks/(n+1), clipped to [1/(n+1),n/(n+1)]"
2024-01-01,GOOG,"ARMA(0,0)-GARCH(1,1)",0,0,Gaussian quasi-maximum likelihood,"AIC over p,q in {0,1}",decimal log returns; internally multiplied by 100,mu + phi*(previous_return-mu) + theta*previous_error,0.1843897670099181,0.0,0.0,3.229086593883793,0.13190376168078954,0.0,0.13190376168078954,250,formation sample variance (ddof=1),3.720467626796092,-515.316618905766,1038.633237811532,True,Optimization terminated successfully,"formation EDF right ranks/(n+1), clipped to [1/(n+1),n/(n+1)]"
2024-01-01,IBM,"ARMA(0,0)-GARCH(1,1)",0,0,Gaussian quasi-maximum likelihood,"AIC over p,q in {0,1}",decimal log returns; internally multiplied by 100,mu + phi*(previous_return-mu) + theta*previous_error,0.08516339940960653,0.0,0.0,0.00027978198439552467,0.0,0.998999,0.998999,250,formation sample variance (ddof=1),0.9875586048140351,-352.09129898384754,712.1825979676951,True,Optimization terminated successfully,"formation EDF right ranks/(n+1), clipped to [1/(n+1),n/(n+1)]"
2024-01-01,DIA,"ARMA(0,0)-GARCH(1,1)",0,0,Gaussian quasi-maximum likelihood,"AIC over p,q in {0,1}",decimal log returns; internally multiplied by 100,mu + phi*(previous_return-mu) + theta*previous_error,0.06469942530443618,0.0,0.0,0.006961818232119922,0.017652536912908467,0.9664454406662587,0.9840979775791672,250,formation sample variance (ddof=1),0.5161312559793007,-269.7525742959436,547.5051485918872,True,Optimization terminated successfully,"formation EDF right ranks/(n+1), clipped to [1/(n+1),n/(n+1)]"
2024-01-01,SPY,"ARMA(0,0)-GARCH(1,1)",0,0,Gaussian quasi-maximum likelihood,"AIC over p,q in {0,1}",decimal log returns; internally multiplied by 100,mu + phi*(previous_return-mu) + theta*previous_error,0.09976028916044744,0.0,0.0,0.0175685886542811,0.0414352077169826,0.9294480210910796,0.9708832288080622,250,formation sample variance (ddof=1),0.6773631550866589,-302.3113430899519,612.6226861799038,True,Optimization terminated successfully,"formation EDF right ranks/(n+1), clipped to [1/(n+1),n/(n+1)]"
2024-07-01,AAPL,"ARMA(0,0)-GARCH(1,1)",0,0,Gaussian quasi-maximum likelihood,"AIC over p,q in {0,1}",decimal log returns; internally multiplied by 100,mu + phi*(previous_return-mu) + theta*previous_error,0.09308860378345074,0.0,0.0,1.3107770849721623,0.3871428564174124,0.0,0.3871428564174124,250,formation sample variance (ddof=1),1.8861949045600512,-426.93535977806584,861.8707195561317,True,Optimization terminated successfully,"formation EDF right ranks/(n+1), clipped to [1/(n+1),n/(n+1)]"
2024-07-01,GOOG,"ARMA(0,0)-GARCH(1,1)",0,0,Gaussian quasi-maximum likelihood,"AIC over p,q in {0,1}",decimal log returns; internally multiplied by 100,mu + phi*(previous_return-mu) + theta*previous_error,0.19208739451239454,0.0,0.0,2.918445401185737,0.03903771018234734,0.0,0.03903771018234734,250,formation sample variance (ddof=1),3.038098618463011,-492.4770748665859,992.9541497331718,True,Optimization terminated successfully,"formation EDF right ranks/(n+1), clipped to [1/(n+1),n/(n+1)]"
2024-07-01,IBM,"ARMA(0,0)-GARCH(1,1)",0,0,Gaussian quasi-maximum likelihood,"AIC over p,q in {0,1}",decimal log returns; internally multiplied by 100,mu + phi*(previous_return-mu) + theta*previous_error,0.12421400521579515,0.0,0.0,0.0034989182265908465,0.0,0.9989989999909643,0.9989989999909643,250,formation sample variance (ddof=1),1.6409326053814244,-414.849405080643,837.698810161286,True,Optimization terminated successfully,"formation EDF right ranks/(n+1), clipped to [1/(n+1),n/(n+1)]"
2024-07-01,DIA,"ARMA(1,0)-GARCH(1,1)",1,0,Gaussian quasi-maximum likelihood,"AIC over p,q in {0,1}",decimal log returns; internally multiplied by 100,mu + phi*(previous_return-mu) + theta*previous_error,0.05888411563697916,0.10940005949391947,0.0,0.11549227204164228,0.0,0.6869863897392485,0.6869863897392485,250,formation sample variance (ddof=1),0.3740385939107738,-229.80759715783765,469.6151943156753,True,Optimization terminated successfully,"formation EDF right ranks/(n+1), clipped to [1/(n+1),n/(n+1)]"
2024-07-01,SPY,"ARMA(0,0)-GARCH(1,1)",0,0,Gaussian quasi-maximum likelihood,"AIC over p,q in {0,1}",decimal log returns; internally multiplied by 100,mu + phi*(previous_return-mu) + theta*previous_error,0.09330651129420896,0.0,0.0,0.041396038060656046,0.03842536537530215,0.8779760453881077,0.9164014107634099,250,formation sample variance (ddof=1),0.4906353804618191,-264.446710648385,536.89342129677,True,Optimization terminated successfully,"formation EDF right ranks/(n+1), clipped to [1/(n+1),n/(n+1)]"
2025-01-01,AAPL,"ARMA(0,0)-GARCH(1,1)",0,0,Gaussian quasi-maximum likelihood,"AIC over p,q in {0,1}",decimal log returns; internally multiplied by 100,mu + phi*(previous_return-mu) + theta*previous_error,0.11239258117546197,0.0,0.0,1.4884374857164917,0.2979573545521628,0.0,0.2979573545521628,252,formation sample variance (ddof=1),2.0259752550504637,-442.3216265200772,892.6432530401544,True,Optimization terminated successfully,"formation EDF right ranks/(n+1), clipped to [1/(n+1),n/(n+1)]"
2025-01-01,GOOG,"ARMA(0,0)-GARCH(1,1)",0,0,Gaussian quasi-maximum likelihood,"AIC over p,q in {0,1}",decimal log returns; internally multiplied by 100,mu + phi*(previous_return-mu) + theta*previous_error,0.18246344877971862,0.0,0.0,2.714607324469071,0.11122978797050545,4.089494493590043e-14,0.11122978797054635,252,formation sample variance (ddof=1),3.0386982862375325,-495.17120760433056,998.3424152086611,True,Optimization terminated successfully,"formation EDF right ranks/(n+1), clipped to [1/(n+1),n/(n+1)]"
2025-01-01,IBM,"ARMA(0,0)-GARCH(1,1)",0,0,Gaussian quasi-maximum likelihood,"AIC over p,q in {0,1}",decimal log returns; internally multiplied by 100,mu + phi*(previous_return-mu) + theta*previous_error,0.13146724639805593,0.0,0.0,2.1628465546732345,0.0,1.0880007583129722e-09,1.0880007583129722e-09,252,formation sample variance (ddof=1),2.1705789987016026,-454.72095079264017,917.4419015852803,True,Optimization terminated successfully,"formation EDF right ranks/(n+1), clipped to [1/(n+1),n/(n+1)]"
2025-01-01,DIA,"ARMA(0,1)-GARCH(1,1)",0,1,Gaussian quasi-maximum likelihood,"AIC over p,q in {0,1}",decimal log returns; internally multiplied by 100,mu + phi*(previous_return-mu) + theta*previous_error,0.059523382247992765,0.0,0.14037537611811962,0.16014877217881718,0.11407539608593932,0.5736669016723988,0.6877422977583381,252,formation sample variance (ddof=1),0.5094605077751699,-268.5647305713559,547.1294611427118,True,Optimization terminated successfully,"formation EDF right ranks/(n+1), clipped to [1/(n+1),n/(n+1)]"
2025-01-01,SPY,"ARMA(1,1)-GARCH(1,1)",1,1,Gaussian quasi-maximum likelihood,"AIC over p,q in {0,1}",decimal log returns; internally multiplied by 100,mu + phi*(previous_return-mu) + theta*previous_error,0.09843866558412116,-0.9370735547314495,0.98,0.09307170938541573,0.08136925062824141,0.7683148941615243,0.8496841447897657,252,formation sample variance (ddof=1),0.6284988831791392,-292.1314714815242,596.2629429630484,True,Optimization terminated successfully,"formation EDF right ranks/(n+1), clipped to [1/(n+1),n/(n+1)]"
2025-07-01,AAPL,"ARMA(0,0)-GARCH(1,1)",0,0,Gaussian quasi-maximum likelihood,"AIC over p,q in {0,1}",decimal log returns; internally multiplied by 100,mu + phi*(previous_return-mu) + theta*previous_error,0.007235311227741064,0.0,0.0,0.1563251477233075,0.10440993558101874,0.8548078237793826,0.9592177593604013,250,formation sample variance (ddof=1),4.061427321210445,-496.2144466474842,1000.4288932949684,True,Optimization terminated successfully,"formation EDF right ranks/(n+1), clipped to [1/(n+1),n/(n+1)]"
2025-07-01,GOOG,"ARMA(0,0)-GARCH(1,1)",0,0,Gaussian quasi-maximum likelihood,"AIC over p,q in {0,1}",decimal log returns; internally multiplied by 100,mu + phi*(previous_return-mu) + theta*previous_error,-0.007841823792229507,0.0,0.0,0.15980543294748425,0.02762068056520695,0.9334376801377131,0.9610583607029201,250,formation sample variance (ddof=1),4.004030642697403,-526.2513425672191,1060.5026851344383,True,Optimization terminated successfully,"formation EDF right ranks/(n+1), clipped to [1/(n+1),n/(n+1)]"
2025-07-01,IBM,"ARMA(0,0)-GARCH(1,1)",0,0,Gaussian quasi-maximum likelihood,"AIC over p,q in {0,1}",decimal log returns; internally multiplied by 100,mu + phi*(previous_return-mu) + theta*previous_error,0.22673129370455258,0.0,0.0,0.006223365097980456,0.0,0.998999,0.998999,250,formation sample variance (ddof=1),3.0709502908805475,-493.41901510053214,994.8380302010643,True,Optimization terminated successfully,"formation EDF right ranks/(n+1), clipped to [1/(n+1),n/(n+1)]"
2025-07-01,DIA,"ARMA(0,0)-GARCH(1,1)",0,0,Gaussian quasi-maximum likelihood,"AIC over p,q in {0,1}",decimal log returns; internally multiplied by 100,mu + phi*(previous_return-mu) + theta*previous_error,0.08603455900792063,0.0,0.0,0.1696595122159542,0.18809212997352323,0.6599588727630665,0.8480510027365897,250,formation sample variance (ddof=1),1.2054547040541885,-345.7335451083299,699.4670902166598,True,Optimization terminated successfully,"formation EDF right ranks/(n+1), clipped to [1/(n+1),n/(n+1)]"
2025-07-01,SPY,"ARMA(1,1)-GARCH(1,1)",1,1,Gaussian quasi-maximum likelihood,"AIC over p,q in {0,1}",decimal log returns; internally multiplied by 100,mu + phi*(previous_return-mu) + theta*previous_error,0.08236304531428912,-0.98,0.9523412905752942,0.11539395918104495,0.17771654979659893,0.7472213170991965,0.9249378668957954,250,formation sample variance (ddof=1),1.653426717124298,-369.56043395087636,751.1208679017527,True,Optimization terminated successfully,"formation EDF right ranks/(n+1), clipped to [1/(n+1),n/(n+1)]"
