Date,committed,employed,active_pairs,nominated_pairs,method
2006-01-31,0.0028244352993689555,0.0028244352993689555,3,3,Selected
2006-02-28,0.006344371626358984,0.006344371626358984,3,3,Selected
2006-03-31,0.007426024787941663,0.011139037181912495,2,3,Selected
2006-04-30,0.00069563004665641,0.001043445069984615,2,3,Selected
2006-05-31,-0.006317758457252743,-0.009476637685879115,2,3,Selected
2006-06-30,0.012567770907920798,0.018851656361881197,2,3,Selected
2006-07-31,-0.04270336170079302,-0.04270336170079302,3,3,Selected
2006-08-31,-0.016882276495811314,-0.016882276495811314,3,3,Selected
2006-09-30,-0.02394911940655209,-0.02394911940655209,3,3,Selected
2006-10-31,0.03741084510964373,0.03741084510964373,3,3,Selected
2006-11-30,-0.05066658787069097,-0.07599988180603645,2,3,Selected
2006-12-31,0.017019178330592605,0.025528767495888907,2,3,Selected
2007-01-31,0.01915920215519746,0.01915920215519746,3,3,Selected
2007-02-28,0.02510795096881208,0.02510795096881208,3,3,Selected
2007-03-31,-0.007990698692743886,-0.007990698692743886,3,3,Selected
2007-04-30,-3.8879300949202826e-05,-3.8879300949202826e-05,3,3,Selected
2007-05-31,-0.05221032724877777,-0.05221032724877777,3,3,Selected
2007-06-30,0.013802968625006152,0.013802968625006152,3,3,Selected
2007-07-31,0.02720360847974095,0.02720360847974095,3,3,Selected
2007-08-31,0.004434665016137652,0.004434665016137652,3,3,Selected
2007-09-30,0.014379744936516099,0.014379744936516099,3,3,Selected
2007-10-31,0.02872591901899568,0.04308887852849352,2,3,Selected
2007-11-30,0.04142413879277685,0.04142413879277685,3,3,Selected
2007-12-31,-0.012928577969886825,-0.019392866954830237,2,3,Selected
2008-01-31,-0.006630178765186449,-0.009945268147779674,2,3,Selected
2008-02-29,-0.025570080276279827,-0.03835512041441974,2,3,Selected
2008-03-31,-0.019672996049015182,-0.019672996049015182,3,3,Selected
2008-04-30,0.029216978410712306,0.029216978410712306,3,3,Selected
2008-05-31,-0.050958919223952875,-0.050958919223952875,3,3,Selected
2008-06-30,0.0020436346988808953,0.0020436346988808953,3,3,Selected
2008-07-31,-0.005744355668051878,-0.005744355668051878,3,3,Selected
2008-08-31,0.002379147752998276,0.002379147752998276,3,3,Selected
2008-09-30,-0.003939661538972493,-0.003939661538972493,3,3,Selected
2008-10-31,0.031754468774311546,0.031754468774311546,3,3,Selected
2008-11-30,0.005542658704786175,0.016627976114358525,1,3,Selected
2008-12-31,0.0026223245861522735,0.0026223245861522735,3,3,Selected
2009-01-31,-0.04581704124222447,-0.04581704124222447,3,3,Selected
2009-02-28,-0.03225977185947499,-0.03225977185947499,3,3,Selected
2009-03-31,0.040361230005330956,0.040361230005330956,3,3,Selected
2009-04-30,0.006282419198329476,0.009423628797494215,2,3,Selected
2009-05-31,-0.004020654154814813,-0.01206196246444444,1,3,Selected
2009-06-30,-0.001987934110649669,-0.005963802331949007,1,3,Selected
2009-07-31,-0.01208692377021764,-0.01208692377021764,3,3,Selected
2009-08-31,-0.004425761783778725,-0.004425761783778725,3,3,Selected
2009-09-30,-0.0014339346499309096,-0.0014339346499309096,3,3,Selected
2009-10-31,0.03810291099179771,0.03810291099179771,3,3,Selected
2009-11-30,-0.012591497529196085,-0.018887246293794128,2,3,Selected
2009-12-31,-0.0007365048529433099,-0.0011047572794149647,2,3,Selected
2010-01-31,-0.008233448260377247,-0.008233448260377247,3,3,Selected
2010-02-28,-0.017059659020830845,-0.017059659020830845,3,3,Selected
2010-03-31,-0.04582240946511875,-0.04582240946511875,3,3,Selected
2010-04-30,-0.06849240007732701,-0.06849240007732701,3,3,Selected
2010-05-31,0.006949528796987566,0.006949528796987566,3,3,Selected
2010-06-30,0.002154730265522721,0.002154730265522721,3,3,Selected
2010-07-31,0.013817336967148375,0.013817336967148375,3,3,Selected
2010-08-31,0.0038485792988765684,0.0038485792988765684,3,3,Selected
2010-09-30,0.005281377551117926,0.005281377551117926,3,3,Selected
2010-10-31,-0.04617969659314409,-0.04617969659314409,3,3,Selected
2010-11-30,0.05527311446080598,0.05527311446080598,3,3,Selected
2010-12-31,-0.005516885230679035,-0.005516885230679035,3,3,Selected
2011-01-31,0.0034058414335078565,0.005108762150261785,2,3,Selected
2011-02-28,0.016466114986733855,0.016466114986733855,3,3,Selected
2011-03-31,-0.00024061546030199773,-0.00024061546030199773,3,3,Selected
2011-04-30,0.04716540431708461,0.04716540431708461,3,3,Selected
2011-05-31,0.007003950416380431,0.007003950416380431,3,3,Selected
2011-06-30,-0.006062683081239833,-0.006062683081239833,3,3,Selected
2011-07-31,-0.026752811577028513,-0.04012921736554277,2,3,Selected
2011-08-31,0.007644520609117546,0.007644520609117546,3,3,Selected
2011-09-30,-0.01954708353391426,-0.01954708353391426,3,3,Selected
2011-10-31,0.039145277139507516,0.039145277139507516,3,3,Selected
2011-11-30,-0.03274116363927605,-0.03274116363927605,3,3,Selected
2011-12-31,0.0016146525469322827,0.0016146525469322827,3,3,Selected
2012-01-31,-0.04746940831069499,-0.04746940831069499,3,3,Selected
2012-02-29,-0.05879500443467156,-0.05879500443467156,3,3,Selected
2012-03-31,-0.026715232394203203,-0.026715232394203203,3,3,Selected
2012-04-30,-0.004691728917579403,-0.004691728917579403,3,3,Selected
2012-05-31,-0.009010523849237055,-0.009010523849237055,3,3,Selected
2012-06-30,-0.01597422675465769,-0.01597422675465769,3,3,Selected
2012-07-31,0.008905845560533364,0.008905845560533364,3,3,Selected
2012-08-31,-0.009894859440921272,-0.009894859440921272,3,3,Selected
2012-09-30,-0.023457213043468955,-0.023457213043468955,3,3,Selected
2012-10-31,-0.017380086002367682,-0.017380086002367682,3,3,Selected
2012-11-30,-0.024321104476324212,-0.024321104476324212,3,3,Selected
2012-12-31,-0.036758798351689756,-0.036758798351689756,3,3,Selected
2013-01-31,-0.003834931038011426,-0.003834931038011426,3,3,Selected
2013-02-28,-0.036558939968592934,-0.036558939968592934,3,3,Selected
2013-03-31,0.011097789589749114,0.011097789589749114,3,3,Selected
2013-04-30,-0.031199397671550843,-0.031199397671550843,3,3,Selected
2013-05-31,-0.008637506240783003,-0.008637506240783003,3,3,Selected
2013-06-30,-0.05597241573580214,-0.05597241573580214,3,3,Selected
2013-07-31,-0.004013632984435906,-0.004013632984435906,3,3,Selected
2013-08-31,-0.05753092336203128,-0.05753092336203128,3,3,Selected
2013-09-30,0.015292847473109468,0.015292847473109468,3,3,Selected
2013-10-31,0.02836086537000694,0.02836086537000694,3,3,Selected
2013-11-30,-0.003906456848853139,-0.003906456848853139,3,3,Selected
2013-12-31,0.025213403447879812,0.025213403447879812,3,3,Selected
2014-01-31,0.03027881184105542,0.03027881184105542,3,3,Selected
2014-02-28,0.014700930997282662,0.014700930997282662,3,3,Selected
2014-03-31,-0.024234982419484824,-0.024234982419484824,3,3,Selected
2014-04-30,-0.04809605395661545,-0.04809605395661545,3,3,Selected
2014-05-31,0.015421964927253375,0.015421964927253375,3,3,Selected
2014-06-30,-0.006685432655720081,-0.010028148983580122,2,3,Selected
2014-07-31,-0.0036081665844027565,-0.0036081665844027565,3,3,Selected
2014-08-31,-0.014222316181687768,-0.014222316181687768,3,3,Selected
2014-09-30,0.005095662512094759,0.005095662512094759,3,3,Selected
2014-10-31,0.019444193754813432,0.019444193754813432,3,3,Selected
2014-11-30,-0.04349768232919309,-0.04349768232919309,3,3,Selected
2014-12-31,0.02741067542558075,0.02741067542558075,3,3,Selected
2015-01-31,0.031055071261126267,0.031055071261126267,3,3,Selected
2015-02-28,0.021118264587123296,0.021118264587123296,3,3,Selected
2015-03-31,-0.0014594594482685464,-0.0021891891724028197,2,3,Selected
2015-04-30,-0.01758805780582121,-0.026382086708731812,2,3,Selected
2015-05-31,0.010592554901425,0.010592554901425,3,3,Selected
2015-06-30,0.0018655524700938175,0.0018655524700938175,3,3,Selected
2015-07-31,-0.0670932565051808,-0.0670932565051808,3,3,Selected
2015-08-31,-0.011840997056364327,-0.011840997056364327,3,3,Selected
2015-09-30,0.0012076307460263402,0.0012076307460263402,3,3,Selected
2015-10-31,-0.014058365771854644,-0.014058365771854644,3,3,Selected
2015-11-30,-0.01719558356848565,-0.01719558356848565,3,3,Selected
2015-12-31,-0.04718933755001781,-0.04718933755001781,3,3,Selected
2016-01-31,0.02203688285759349,0.02203688285759349,3,3,Selected
2016-02-29,-0.001260756387533954,-0.001260756387533954,3,3,Selected
2016-03-31,-0.048772616373802626,-0.048772616373802626,3,3,Selected
2016-04-30,0.0415282485010798,0.0415282485010798,3,3,Selected
2016-05-31,-0.013533639019583774,-0.013533639019583774,3,3,Selected
2016-06-30,0.0020885710318954294,0.0020885710318954294,3,3,Selected
2016-07-31,0.011472344756357349,0.011472344756357349,3,3,Selected
2016-08-31,0.006370883149532154,0.006370883149532154,3,3,Selected
2016-09-30,0.014240472746332599,0.014240472746332599,3,3,Selected
2016-10-31,-0.0029703387120145358,-0.0029703387120145358,3,3,Selected
2016-11-30,-0.0031615694866571667,-0.0031615694866571667,3,3,Selected
2016-12-31,-0.009459938733990833,-0.009459938733990833,3,3,Selected
2017-01-31,0.01940341590686121,0.01940341590686121,3,3,Selected
2017-02-28,0.0009123602072528483,0.0013685403108792725,2,3,Selected
2017-03-31,-0.015173886731300018,-0.015173886731300018,3,3,Selected
2017-04-30,-0.01853424677009242,-0.01853424677009242,3,3,Selected
2017-05-31,-0.018739282824495492,-0.02810892423674324,2,3,Selected
2017-06-30,0.012337962222077758,0.012337962222077758,3,3,Selected
2017-07-31,-0.022644147858564556,-0.022644147858564556,3,3,Selected
2017-08-31,-0.004754300309550634,-0.004754300309550634,3,3,Selected
2017-09-30,0.020233354716000452,0.020233354716000452,3,3,Selected
2017-10-31,0.02125063985733625,0.02125063985733625,3,3,Selected
2017-11-30,-0.013475801316172188,-0.013475801316172188,3,3,Selected
2017-12-31,0.001960845854978759,0.001960845854978759,3,3,Selected
2018-01-31,-0.01820516024906253,-0.027307740373593792,2,3,Selected
2018-02-28,0.03914243758313868,0.05871365637470802,2,3,Selected
2018-03-31,-0.0023038672196561186,-0.0034558008294841777,2,3,Selected
2018-04-30,-0.008136018597594557,-0.012204027896391837,2,3,Selected
2018-05-31,-0.0014052749226718623,-0.0021079123840077934,2,3,Selected
2018-06-30,-0.0036838597865450416,-0.011051579359635124,1,3,Selected
2018-07-31,-0.006934501816765439,-0.010401752725148159,2,3,Selected
2018-08-31,0.017540883245548755,0.026311324868323133,2,3,Selected
2018-09-30,-0.00744138521394732,-0.00744138521394732,3,3,Selected
2018-10-31,0.034837681498451734,0.034837681498451734,3,3,Selected
2018-11-30,0.05410693766250804,0.05410693766250804,3,3,Selected
2018-12-31,0.005044714045762491,0.005044714045762491,3,3,Selected
2019-01-31,0.011182985600450696,0.011182985600450696,3,3,Selected
2019-02-28,-0.001977989308084752,-0.001977989308084752,3,3,Selected
2019-03-31,-0.009059456503962025,-0.013589184755943038,2,3,Selected
2019-04-30,-0.020481956902760626,-0.03072293535414094,2,3,Selected
2019-05-31,0.021366552664153025,0.03204982899622954,2,3,Selected
2019-06-30,-0.042154799696860895,-0.042154799696860895,3,3,Selected
2019-07-31,-0.015946192681691406,-0.015946192681691406,3,3,Selected
2019-08-31,0.028508124553631258,0.028508124553631258,3,3,Selected
2019-09-30,-0.017949036627065266,-0.017949036627065266,3,3,Selected
2019-10-31,0.02248250696559877,0.02248250696559877,3,3,Selected
2019-11-30,-0.012295597148562369,-0.012295597148562369,3,3,Selected
2019-12-31,-0.02051035412944723,-0.02051035412944723,3,3,Selected
2020-01-31,0.007440684784982399,0.007440684784982399,3,3,Selected
2020-02-29,-0.007358628373017927,-0.007358628373017927,3,3,Selected
2020-03-31,0.017873642823206304,0.017873642823206304,3,3,Selected
2020-04-30,-0.001692723346344835,-0.001692723346344835,3,3,Selected
2020-05-31,-0.012268908310467529,-0.012268908310467529,3,3,Selected
2020-06-30,-0.007106633248244184,-0.007106633248244184,3,3,Selected
2020-07-31,0.04616919653332716,0.04616919653332716,3,3,Selected
2020-08-31,0.011744915091673178,0.011744915091673178,3,3,Selected
2020-09-30,0.03274245847362935,0.03274245847362935,3,3,Selected
2020-10-31,-0.07624973082970664,-0.07624973082970664,3,3,Selected
2020-11-30,0.003981831982068711,0.003981831982068711,3,3,Selected
2020-12-31,0.029757496464697164,0.029757496464697164,3,3,Selected
2021-01-31,0.010532877799655569,0.010532877799655569,3,3,Selected
2021-02-28,-0.06311231683652284,-0.06311231683652284,3,3,Selected
2021-03-31,-0.03376600278739301,-0.03376600278739301,3,3,Selected
2021-04-30,-0.036868811472550424,-0.036868811472550424,3,3,Selected
2021-05-31,-0.0293123083522133,-0.0293123083522133,3,3,Selected
2021-06-30,0.021377909078581666,0.021377909078581666,3,3,Selected
2021-07-31,0.006803882518003456,0.006803882518003456,3,3,Selected
2021-08-31,-0.004803476513715818,-0.007205214770573728,2,3,Selected
2021-09-30,0.0032517513998233383,0.004877627099735007,2,3,Selected
2021-10-31,-0.009602947621152737,-0.009602947621152737,3,3,Selected
2021-11-30,0.004501816585268918,0.006752724877903377,2,3,Selected
2021-12-31,-0.022466204154235416,-0.03369930623135312,2,3,Selected
2022-01-31,-0.01608808867241777,-0.01608808867241777,3,3,Selected
2022-02-28,0.012902899707272193,0.012902899707272193,3,3,Selected
2022-03-31,0.005838925791218352,0.008758388686827528,2,3,Selected
2022-04-30,-0.022985740723505677,-0.022985740723505677,3,3,Selected
2022-05-31,-0.020250930690169373,-0.020250930690169373,3,3,Selected
2022-06-30,-0.036172420012431664,-0.054258630018647495,2,3,Selected
2022-07-31,-0.07225812181502501,-0.07225812181502501,3,3,Selected
2022-08-31,0.0045049570039607,0.0045049570039607,3,3,Selected
2022-09-30,0.016241135502150877,0.016241135502150877,3,3,Selected
2022-10-31,-0.014527566572615822,-0.014527566572615822,3,3,Selected
2022-11-30,0.04163839527368387,0.04163839527368387,3,3,Selected
2022-12-31,0.013564672276444437,0.013564672276444437,3,3,Selected
2023-01-31,-0.0035749641853716047,-0.0035749641853716047,3,3,Selected
2023-02-28,0.037574643101983995,0.037574643101983995,3,3,Selected
2023-03-31,-0.01883418159851527,-0.01883418159851527,3,3,Selected
2023-04-30,-0.01835319511546415,-0.01835319511546415,3,3,Selected
2023-05-31,-0.04256687739070517,-0.04256687739070517,3,3,Selected
2023-06-30,0.027756180266920106,0.027756180266920106,3,3,Selected
2023-07-31,-0.011451283619247883,-0.011451283619247883,3,3,Selected
2023-08-31,-0.040178067026202226,-0.040178067026202226,3,3,Selected
2023-09-30,-0.018755177408977457,-0.018755177408977457,3,3,Selected
2023-10-31,-0.0027528924056459112,-0.0027528924056459112,3,3,Selected
2023-11-30,0.0010112453756562917,0.0010112453756562917,3,3,Selected
2023-12-31,-0.013684783212781172,-0.013684783212781172,3,3,Selected
2024-01-31,-0.022935199681515858,-0.022935199681515858,3,3,Selected
2024-02-29,0.00834366345348355,0.00834366345348355,3,3,Selected
2024-03-31,-0.03944221792410874,-0.03944221792410874,3,3,Selected
2024-04-30,-0.02675503315741935,-0.02675503315741935,3,3,Selected
2024-05-31,0.002508409865190656,0.002508409865190656,3,3,Selected
2024-06-30,0.001126568941059247,0.001126568941059247,3,3,Selected
2024-07-31,-0.004124919540027851,-0.004124919540027851,3,3,Selected
2024-08-31,-0.030118044037723928,-0.030118044037723928,3,3,Selected
2024-09-30,-0.02686375168732091,-0.02686375168732091,3,3,Selected
2024-10-31,0.042811392909048875,0.042811392909048875,3,3,Selected
2024-11-30,-0.02559511536976958,-0.02559511536976958,3,3,Selected
2024-12-31,0.031862824226819186,0.031862824226819186,3,3,Selected
2025-01-31,0.016645182653094365,0.016645182653094365,3,3,Selected
2025-02-28,0.07370812825647062,0.07370812825647062,3,3,Selected
2025-03-31,0.002157581286069709,0.002157581286069709,3,3,Selected
2025-04-30,0.011538800426890003,0.011538800426890003,3,3,Selected
2025-05-31,0.016565336728599462,0.016565336728599462,3,3,Selected
2025-06-30,-0.03873194852242953,-0.03873194852242953,3,3,Selected
2025-07-31,-0.038827048862678064,-0.038827048862678064,3,3,Selected
2025-08-31,-0.0035930782182497325,-0.0035930782182497325,3,3,Selected
2025-09-30,0.009798494138228081,0.009798494138228081,3,3,Selected
2025-10-31,-0.018662924107674065,-0.018662924107674065,3,3,Selected
2025-11-30,-0.046454601579438086,-0.046454601579438086,3,3,Selected
2025-12-31,-0.012832959962542703,-0.012832959962542703,3,3,Selected
2006-01-31,0.016216071138773536,0.016216071138773536,3,3,Best-single
2006-02-28,0.005623646013312351,0.005623646013312351,3,3,Best-single
2006-03-31,0.009214503618423155,0.013821755427634733,2,3,Best-single
2006-04-30,0.00069563004665641,0.001043445069984615,2,3,Best-single
2006-05-31,-0.006317758457252743,-0.009476637685879115,2,3,Best-single
2006-06-30,0.012567770907920798,0.018851656361881197,2,3,Best-single
2006-07-31,-0.026509742806241365,-0.026509742806241365,3,3,Best-single
2006-08-31,-0.016408473523042408,-0.016408473523042408,3,3,Best-single
2006-09-30,-0.022277217863271206,-0.022277217863271206,3,3,Best-single
2006-10-31,0.03390348462374492,0.03390348462374492,3,3,Best-single
2006-11-30,-0.048450730985168146,-0.07267609647775222,2,3,Best-single
2006-12-31,0.0157006212115849,0.02355093181737735,2,3,Best-single
2007-01-31,0.023480023389232375,0.023480023389232375,3,3,Best-single
2007-02-28,0.02633038578167812,0.02633038578167812,3,3,Best-single
2007-03-31,-0.007990698692743886,-0.007990698692743886,3,3,Best-single
2007-04-30,0.00191737280116731,0.00191737280116731,3,3,Best-single
2007-05-31,-0.04658403411703055,-0.04658403411703055,3,3,Best-single
2007-06-30,0.011724779790157113,0.011724779790157113,3,3,Best-single
2007-07-31,0.018035975509036215,0.018035975509036215,3,3,Best-single
2007-08-31,0.01984582855465931,0.01984582855465931,3,3,Best-single
2007-09-30,0.008988686774783977,0.008988686774783977,3,3,Best-single
2007-10-31,0.018528347772547197,0.027792521658820797,2,3,Best-single
2007-11-30,0.020240933734591016,0.020240933734591016,3,3,Best-single
2007-12-31,-0.01417640249496408,-0.02126460374244612,2,3,Best-single
2008-01-31,-0.006630178765186449,-0.009945268147779674,2,3,Best-single
2008-02-29,-0.02662602714130191,-0.03993904071195287,2,3,Best-single
2008-03-31,-0.008994936791861674,-0.013492405187792511,2,3,Best-single
2008-04-30,-0.004452694032400935,-0.004452694032400935,3,3,Best-single
2008-05-31,-0.050832526245050545,-0.050832526245050545,3,3,Best-single
2008-06-30,0.015208617276811337,0.015208617276811337,3,3,Best-single
2008-07-31,-0.00749516573357767,-0.00749516573357767,3,3,Best-single
2008-08-31,-0.0030061639557589794,-0.0030061639557589794,3,3,Best-single
2008-09-30,-0.003952616892096005,-0.003952616892096005,3,3,Best-single
2008-10-31,0.02934152516892301,0.02934152516892301,3,3,Best-single
2008-11-30,0.005542658704786175,0.016627976114358525,1,3,Best-single
2008-12-31,0.005000317641512426,0.005000317641512426,3,3,Best-single
2009-01-31,-0.07023062188936967,-0.07023062188936967,3,3,Best-single
2009-02-28,-0.029237840040604618,-0.029237840040604618,3,3,Best-single
2009-03-31,0.03356228156233757,0.03356228156233757,3,3,Best-single
2009-04-30,0.007566575084805357,0.011349862627208036,2,3,Best-single
2009-05-31,-0.0003330359063851134,-0.0004995538595776701,2,3,Best-single
2009-06-30,-0.0034269070579460363,-0.005140360586919054,2,3,Best-single
2009-07-31,-0.008844667280016007,-0.008844667280016007,3,3,Best-single
2009-08-31,-0.004425761783778725,-0.004425761783778725,3,3,Best-single
2009-09-30,-0.0014339346499309096,-0.0014339346499309096,3,3,Best-single
2009-10-31,0.04173804555517554,0.04173804555517554,3,3,Best-single
2009-11-30,-0.012574544718957187,-0.01886181707843578,2,3,Best-single
2009-12-31,-0.0006071711474909409,-0.0009107567212364113,2,3,Best-single
2010-01-31,-0.008233448260377247,-0.008233448260377247,3,3,Best-single
2010-02-28,-0.018633590798174362,-0.018633590798174362,3,3,Best-single
2010-03-31,-0.04582240946511875,-0.04582240946511875,3,3,Best-single
2010-04-30,-0.06849240007732701,-0.06849240007732701,3,3,Best-single
2010-05-31,0.006949528796987566,0.006949528796987566,3,3,Best-single
2010-06-30,0.002154730265522721,0.002154730265522721,3,3,Best-single
2010-07-31,-0.0012116737380220566,-0.0012116737380220566,3,3,Best-single
2010-08-31,0.008897652760987623,0.008897652760987623,3,3,Best-single
2010-09-30,0.0069934350389817615,0.0069934350389817615,3,3,Best-single
2010-10-31,-0.048349501453836534,-0.048349501453836534,3,3,Best-single
2010-11-30,0.05820898079308257,0.05820898079308257,3,3,Best-single
2010-12-31,-0.006572834132664206,-0.006572834132664206,3,3,Best-single
2011-01-31,-0.001541495843499487,-0.0023122437652492306,2,3,Best-single
2011-02-28,0.016466114986733855,0.016466114986733855,3,3,Best-single
2011-03-31,-0.0005840103001628608,-0.0005840103001628608,3,3,Best-single
2011-04-30,0.04749873765041795,0.04749873765041795,3,3,Best-single
2011-05-31,0.0041146860698128155,0.0041146860698128155,3,3,Best-single
2011-06-30,-0.005726060355195298,-0.005726060355195298,3,3,Best-single
2011-07-31,-0.026752811577028513,-0.04012921736554277,2,3,Best-single
2011-08-31,0.006787692396204042,0.006787692396204042,3,3,Best-single
2011-09-30,-0.007827321356087725,-0.007827321356087725,3,3,Best-single
2011-10-31,0.01283022390134554,0.01283022390134554,3,3,Best-single
2011-11-30,-0.028651368309484882,-0.028651368309484882,3,3,Best-single
2011-12-31,0.0012865898321708829,0.0012865898321708829,3,3,Best-single
2012-01-31,-0.05029932354818547,-0.05029932354818547,3,3,Best-single
2012-02-29,-0.058870621166969256,-0.058870621166969256,3,3,Best-single
2012-03-31,-0.02684394726586969,-0.02684394726586969,3,3,Best-single
2012-04-30,-0.004679438719295984,-0.004679438719295984,3,3,Best-single
2012-05-31,-0.008823206849506784,-0.008823206849506784,3,3,Best-single
2012-06-30,-0.016042984443920435,-0.016042984443920435,3,3,Best-single
2012-07-31,0.008905845560533364,0.008905845560533364,3,3,Best-single
2012-08-31,-0.009894859440921272,-0.009894859440921272,3,3,Best-single
2012-09-30,-0.02435058238190095,-0.02435058238190095,3,3,Best-single
2012-10-31,-0.018424627679236017,-0.018424627679236017,3,3,Best-single
2012-11-30,-0.02432722276810853,-0.02432722276810853,3,3,Best-single
2012-12-31,-0.03676905944797203,-0.03676905944797203,3,3,Best-single
2013-01-31,-0.003880622461619484,-0.003880622461619484,3,3,Best-single
2013-02-28,-0.036558939968592934,-0.036558939968592934,3,3,Best-single
2013-03-31,0.011097789589749114,0.011097789589749114,3,3,Best-single
2013-04-30,-0.031199397671550843,-0.031199397671550843,3,3,Best-single
2013-05-31,-0.011148274825162533,-0.011148274825162533,3,3,Best-single
2013-06-30,-0.05597241573580214,-0.05597241573580214,3,3,Best-single
2013-07-31,-0.004013632984435906,-0.004013632984435906,3,3,Best-single
2013-08-31,-0.05532785332925317,-0.05532785332925317,3,3,Best-single
2013-09-30,0.01817203463148693,0.01817203463148693,3,3,Best-single
2013-10-31,0.028345308325091162,0.028345308325091162,3,3,Best-single
2013-11-30,0.0015372593576076692,0.0015372593576076692,3,3,Best-single
2013-12-31,0.025213403447879812,0.025213403447879812,3,3,Best-single
2014-01-31,0.023853167417066713,0.023853167417066713,3,3,Best-single
2014-02-28,0.005629856697162498,0.005629856697162498,3,3,Best-single
2014-03-31,-0.009592808838852272,-0.009592808838852272,3,3,Best-single
2014-04-30,-0.027006996875669192,-0.027006996875669192,3,3,Best-single
2014-05-31,0.02128655916435017,0.02128655916435017,3,3,Best-single
2014-06-30,0.0025608035933691307,0.0038412053900536963,2,3,Best-single
2014-07-31,-0.007411457525786167,-0.007411457525786167,3,3,Best-single
2014-08-31,-0.012126251909035053,-0.012126251909035053,3,3,Best-single
2014-09-30,0.005316858965136707,0.005316858965136707,3,3,Best-single
2014-10-31,0.022106416295574995,0.022106416295574995,3,3,Best-single
2014-11-30,-0.05028156813521812,-0.05028156813521812,3,3,Best-single
2014-12-31,0.025493259264915,0.025493259264915,3,3,Best-single
2015-01-31,0.016895766966924033,0.016895766966924033,3,3,Best-single
2015-02-28,0.016671904162093538,0.016671904162093538,3,3,Best-single
2015-03-31,-0.0019065750796638734,-0.00285986261949581,2,3,Best-single
2015-04-30,-0.019663069681383434,-0.02949460452207515,2,3,Best-single
2015-05-31,0.00890051257071955,0.00890051257071955,3,3,Best-single
2015-06-30,0.005998114934393689,0.005998114934393689,3,3,Best-single
2015-07-31,-0.057846048955796876,-0.057846048955796876,3,3,Best-single
2015-08-31,-0.012420367887949152,-0.012420367887949152,3,3,Best-single
2015-09-30,-4.1180130226056246e-05,-4.1180130226056246e-05,3,3,Best-single
2015-10-31,-0.01067494047293923,-0.01067494047293923,3,3,Best-single
2015-11-30,-0.016275606361140033,-0.016275606361140033,3,3,Best-single
2015-12-31,-0.04268300557369858,-0.04268300557369858,3,3,Best-single
2016-01-31,0.004878949187017303,0.004878949187017303,3,3,Best-single
2016-02-29,0.007752157999506408,0.007752157999506408,3,3,Best-single
2016-03-31,-0.04794727251308196,-0.04794727251308196,3,3,Best-single
2016-04-30,0.041451745496383426,0.041451745496383426,3,3,Best-single
2016-05-31,-0.029414468076555355,-0.029414468076555355,3,3,Best-single
2016-06-30,0.0027915438403116454,0.0027915438403116454,3,3,Best-single
2016-07-31,0.012648875061037365,0.012648875061037365,3,3,Best-single
2016-08-31,0.00044717543903967616,0.00044717543903967616,3,3,Best-single
2016-09-30,0.006522849344729994,0.006522849344729994,3,3,Best-single
2016-10-31,-0.0006189659877468371,-0.0006189659877468371,3,3,Best-single
2016-11-30,-0.005185924256209899,-0.005185924256209899,3,3,Best-single
2016-12-31,-0.004007148912025047,-0.004007148912025047,3,3,Best-single
2017-01-31,0.023048910860526448,0.023048910860526448,3,3,Best-single
2017-02-28,0.000908301040718212,0.001362451561077318,2,3,Best-single
2017-03-31,-0.020731755545412896,-0.020731755545412896,3,3,Best-single
2017-04-30,-0.020275227729076157,-0.020275227729076157,3,3,Best-single
2017-05-31,-0.018739282824495492,-0.02810892423674324,2,3,Best-single
2017-06-30,0.012337962222077758,0.012337962222077758,3,3,Best-single
2017-07-31,-0.021034540912403244,-0.03155181136860487,2,3,Best-single
2017-08-31,-0.0012385906940664815,-0.0012385906940664815,3,3,Best-single
2017-09-30,0.01999204590919501,0.01999204590919501,3,3,Best-single
2017-10-31,0.020209719980235488,0.020209719980235488,3,3,Best-single
2017-11-30,-0.011416987157465258,-0.017125480736197886,2,3,Best-single
2017-12-31,-0.0009791030535680797,-0.0009791030535680797,3,3,Best-single
2018-01-31,-0.018028050475816817,-0.027042075713725224,2,3,Best-single
2018-02-28,0.035066483376551,0.052599725064826505,2,3,Best-single
2018-03-31,-0.002305818002464085,-0.003458727003696128,2,3,Best-single
2018-04-30,-0.008136357990375756,-0.012204536985563633,2,3,Best-single
2018-05-31,-0.0014057418212062318,-0.0021086127318093477,2,3,Best-single
2018-06-30,-0.003685138753693081,-0.011055416261079243,1,3,Best-single
2018-07-31,-0.0057680940241221735,-0.00865214103618326,2,3,Best-single
2018-08-31,0.02518686995357969,0.03778030493036954,2,3,Best-single
2018-09-30,-0.007324686987978638,-0.007324686987978638,3,3,Best-single
2018-10-31,0.0396077827336263,0.0396077827336263,3,3,Best-single
2018-11-30,0.06293552282886943,0.06293552282886943,3,3,Best-single
2018-12-31,-0.003983137240888374,-0.003983137240888374,3,3,Best-single
2019-01-31,0.015968317606707718,0.015968317606707718,3,3,Best-single
2019-02-28,0.0006717221821344151,0.0010075832732016226,2,3,Best-single
2019-03-31,-0.007941123788246256,-0.011911685682369385,2,3,Best-single
2019-04-30,-0.020481956902760626,-0.03072293535414094,2,3,Best-single
2019-05-31,0.021366552664153025,0.03204982899622954,2,3,Best-single
2019-06-30,-0.04739017851947704,-0.07108526777921556,2,3,Best-single
2019-07-31,-0.0014538030708776868,-0.0014538030708776868,3,3,Best-single
2019-08-31,0.02577592030534881,0.02577592030534881,3,3,Best-single
2019-09-30,-0.009161389338299089,-0.009161389338299089,3,3,Best-single
2019-10-31,0.014946236150282293,0.014946236150282293,3,3,Best-single
2019-11-30,-0.015486166458110741,-0.015486166458110741,3,3,Best-single
2019-12-31,-0.03897454400711067,-0.03897454400711067,3,3,Best-single
2020-01-31,0.008501707559400216,0.008501707559400216,3,3,Best-single
2020-02-29,-0.013762596139677313,-0.013762596139677313,3,3,Best-single
2020-03-31,0.020765337972807836,0.020765337972807836,3,3,Best-single
2020-04-30,0.0006630219947231485,0.0009945329920847228,2,3,Best-single
2020-05-31,-0.01191113786133763,-0.017866706792006446,2,3,Best-single
2020-06-30,-0.01889800972563308,-0.028347014588449623,2,3,Best-single
2020-07-31,0.05156327936435646,0.05156327936435646,3,3,Best-single
2020-08-31,0.0003535305156993085,0.0003535305156993085,3,3,Best-single
2020-09-30,0.036513097571269665,0.036513097571269665,3,3,Best-single
2020-10-31,-0.07924875386546333,-0.07924875386546333,3,3,Best-single
2020-11-30,0.004919897783101962,0.004919897783101962,3,3,Best-single
2020-12-31,0.03283243356051086,0.03283243356051086,3,3,Best-single
2021-01-31,0.01903122520686919,0.01903122520686919,3,3,Best-single
2021-02-28,-0.06188922695442075,-0.06188922695442075,3,3,Best-single
2021-03-31,-0.033606757259472236,-0.033606757259472236,3,3,Best-single
2021-04-30,-0.03515757435622542,-0.03515757435622542,3,3,Best-single
2021-05-31,-0.029316789311779015,-0.029316789311779015,3,3,Best-single
2021-06-30,0.021876005855790415,0.021876005855790415,3,3,Best-single
2021-07-31,0.00555899291219492,0.00555899291219492,3,3,Best-single
2021-08-31,0.00918817874466877,0.013782268117003154,2,3,Best-single
2021-09-30,0.009851433988676108,0.014777150983014162,2,3,Best-single
2021-10-31,0.006475484589255062,0.009713226883882594,2,3,Best-single
2021-11-30,-0.013941761868573063,-0.020912642802859593,2,3,Best-single
2021-12-31,-0.017785505390482004,-0.02667825808572301,2,3,Best-single
2022-01-31,-0.018393460599416756,-0.018393460599416756,3,3,Best-single
2022-02-28,0.012902899707272193,0.012902899707272193,3,3,Best-single
2022-03-31,0.004957086057801355,0.004957086057801355,3,3,Best-single
2022-04-30,-0.053888951069350675,-0.053888951069350675,3,3,Best-single
2022-05-31,-0.002274448928707543,-0.002274448928707543,3,3,Best-single
2022-06-30,-0.022194734279875037,-0.022194734279875037,3,3,Best-single
2022-07-31,-0.07225812181502501,-0.07225812181502501,3,3,Best-single
2022-08-31,0.002321419232452964,0.002321419232452964,3,3,Best-single
2022-09-30,0.014381310527529619,0.014381310527529619,3,3,Best-single
2022-10-31,-0.016738421762206166,-0.016738421762206166,3,3,Best-single
2022-11-30,0.03840885507419347,0.03840885507419347,3,3,Best-single
2022-12-31,0.0016665480125943623,0.0016665480125943623,3,3,Best-single
2023-01-31,-0.003834839276571085,-0.003834839276571085,3,3,Best-single
2023-02-28,0.037574643101983995,0.037574643101983995,3,3,Best-single
2023-03-31,-0.01883418159851527,-0.01883418159851527,3,3,Best-single
2023-04-30,-0.01835319511546415,-0.01835319511546415,3,3,Best-single
2023-05-31,-0.04256687739070517,-0.04256687739070517,3,3,Best-single
2023-06-30,0.027756180266920106,0.027756180266920106,3,3,Best-single
2023-07-31,-0.011787891985046782,-0.011787891985046782,3,3,Best-single
2023-08-31,-0.038983148367086634,-0.038983148367086634,3,3,Best-single
2023-09-30,-0.018726741323295864,-0.018726741323295864,3,3,Best-single
2023-10-31,-0.0027320764702928567,-0.0027320764702928567,3,3,Best-single
2023-11-30,0.0010409306751030963,0.0010409306751030963,3,3,Best-single
2023-12-31,-0.013653903423654122,-0.013653903423654122,3,3,Best-single
2024-01-31,-0.022935199681515858,-0.022935199681515858,3,3,Best-single
2024-02-29,0.011051996462081605,0.011051996462081605,3,3,Best-single
2024-03-31,-0.048009408806622626,-0.048009408806622626,3,3,Best-single
2024-04-30,-0.033572343430706,-0.033572343430706,3,3,Best-single
2024-05-31,0.002508409865190656,0.002508409865190656,3,3,Best-single
2024-06-30,0.001126568941059247,0.001126568941059247,3,3,Best-single
2024-07-31,-0.0024449676616505023,-0.0024449676616505023,3,3,Best-single
2024-08-31,-0.03714764145981141,-0.03714764145981141,3,3,Best-single
2024-09-30,-0.02606614527839697,-0.02606614527839697,3,3,Best-single
2024-10-31,0.04223371935645346,0.04223371935645346,3,3,Best-single
2024-11-30,-0.024444438691325746,-0.024444438691325746,3,3,Best-single
2024-12-31,0.0281779702457275,0.0281779702457275,3,3,Best-single
2025-01-31,0.015054774150542585,0.015054774150542585,3,3,Best-single
2025-02-28,0.075139499259307,0.075139499259307,3,3,Best-single
2025-03-31,-0.0124683846266058,-0.0124683846266058,3,3,Best-single
2025-04-30,-0.007542161495812798,-0.011313242243719197,2,3,Best-single
2025-05-31,-0.00978885046100979,-0.00978885046100979,3,3,Best-single
2025-06-30,-0.032881507876566234,-0.032881507876566234,3,3,Best-single
2025-07-31,-0.04419946697213307,-0.04419946697213307,3,3,Best-single
2025-08-31,-0.0071476945831720415,-0.0071476945831720415,3,3,Best-single
2025-09-30,0.009406393576013704,0.009406393576013704,3,3,Best-single
2025-10-31,-0.019185971506132854,-0.019185971506132854,3,3,Best-single
2025-11-30,-0.04699252851783519,-0.04699252851783519,3,3,Best-single
2025-12-31,-0.011322053569035049,-0.011322053569035049,3,3,Best-single
2006-01-31,0.006471848364169989,0.006471848364169989,3,3,BIC
2006-02-28,0.006105891960408811,0.006105891960408811,3,3,BIC
2006-03-31,0.009214503618423155,0.013821755427634733,2,3,BIC
2006-04-30,0.00069563004665641,0.001043445069984615,2,3,BIC
2006-05-31,-0.006317758457252743,-0.009476637685879115,2,3,BIC
2006-06-30,0.012567770907920798,0.018851656361881197,2,3,BIC
2006-07-31,-0.027272790334331467,-0.027272790334331467,3,3,BIC
2006-08-31,-0.016794415303213097,-0.016794415303213097,3,3,BIC
2006-09-30,-0.022278836684155163,-0.022278836684155163,3,3,BIC
2006-10-31,0.03765358873342639,0.03765358873342639,3,3,BIC
2006-11-30,-0.048450730985168146,-0.07267609647775222,2,3,BIC
2006-12-31,0.01448505282166016,0.02172757923249024,2,3,BIC
2007-01-31,0.023480023389232375,0.023480023389232375,3,3,BIC
2007-02-28,0.02320303204575222,0.02320303204575222,3,3,BIC
2007-03-31,-0.007990698692743886,-0.007990698692743886,3,3,BIC
2007-04-30,0.00191737280116731,0.00191737280116731,3,3,BIC
2007-05-31,-0.04684002439469658,-0.04684002439469658,3,3,BIC
2007-06-30,0.00887098509543851,0.00887098509543851,3,3,BIC
2007-07-31,0.018035975509036215,0.018035975509036215,3,3,BIC
2007-08-31,0.01984582855465931,0.01984582855465931,3,3,BIC
2007-09-30,0.008988686774783977,0.008988686774783977,3,3,BIC
2007-10-31,0.018528347772547197,0.027792521658820797,2,3,BIC
2007-11-30,0.018232161035009437,0.018232161035009437,3,3,BIC
2007-12-31,-0.014215813613078129,-0.021323720419617193,2,3,BIC
2008-01-31,-0.006630178765186449,-0.009945268147779674,2,3,BIC
2008-02-29,-0.02662602714130191,-0.03993904071195287,2,3,BIC
2008-03-31,-0.008994936791861674,-0.013492405187792511,2,3,BIC
2008-04-30,-0.004452694032400935,-0.004452694032400935,3,3,BIC
2008-05-31,-0.05078263343887195,-0.05078263343887195,3,3,BIC
2008-06-30,0.01524959798235985,0.01524959798235985,3,3,BIC
2008-07-31,-0.00749516573357767,-0.00749516573357767,3,3,BIC
2008-08-31,-0.0030061639557589794,-0.0030061639557589794,3,3,BIC
2008-09-30,-0.004138362346637013,-0.004138362346637013,3,3,BIC
2008-10-31,0.01582565672163759,0.01582565672163759,3,3,BIC
2008-11-30,0.014716929907613413,0.04415078972284024,1,3,BIC
2008-12-31,0.008366709349340246,0.008366709349340246,3,3,BIC
2009-01-31,-0.04107192232045038,-0.04107192232045038,3,3,BIC
2009-02-28,-0.04252236722523539,-0.04252236722523539,3,3,BIC
2009-03-31,0.03803313433938701,0.03803313433938701,3,3,BIC
2009-04-30,0.007566575084805357,0.011349862627208036,2,3,BIC
2009-05-31,-0.0003330359063851134,-0.0004995538595776701,2,3,BIC
2009-06-30,-0.0034269070579460363,-0.005140360586919054,2,3,BIC
2009-07-31,-0.008844667280016007,-0.008844667280016007,3,3,BIC
2009-08-31,-0.004425761783778725,-0.004425761783778725,3,3,BIC
2009-09-30,-0.0014339346499309096,-0.0014339346499309096,3,3,BIC
2009-10-31,0.04173804555517554,0.04173804555517554,3,3,BIC
2009-11-30,-0.012574544718957187,-0.01886181707843578,2,3,BIC
2009-12-31,-0.0006071711474909409,-0.0009107567212364113,2,3,BIC
2010-01-31,-0.008233448260377247,-0.008233448260377247,3,3,BIC
2010-02-28,-0.018633590798174362,-0.018633590798174362,3,3,BIC
2010-03-31,-0.04582240946511875,-0.04582240946511875,3,3,BIC
2010-04-30,-0.06849240007732701,-0.06849240007732701,3,3,BIC
2010-05-31,0.006949528796987566,0.006949528796987566,3,3,BIC
2010-06-30,0.002154730265522721,0.002154730265522721,3,3,BIC
2010-07-31,0.01533774850881988,0.01533774850881988,3,3,BIC
2010-08-31,0.007831104143068073,0.007831104143068073,3,3,BIC
2010-09-30,0.009592360118941398,0.009592360118941398,3,3,BIC
2010-10-31,-0.04617969659314409,-0.04617969659314409,3,3,BIC
2010-11-30,0.057385993619860465,0.057385993619860465,3,3,BIC
2010-12-31,-0.005516885230679035,-0.005516885230679035,3,3,BIC
2011-01-31,-0.001541495843499487,-0.0023122437652492306,2,3,BIC
2011-02-28,0.016466114986733855,0.016466114986733855,3,3,BIC
2011-03-31,-0.0005840103001628608,-0.0005840103001628608,3,3,BIC
2011-04-30,0.04749873765041795,0.04749873765041795,3,3,BIC
2011-05-31,0.0041146860698128155,0.0041146860698128155,3,3,BIC
2011-06-30,-0.005726060355195298,-0.005726060355195298,3,3,BIC
2011-07-31,-0.026752811577028513,-0.04012921736554277,2,3,BIC
2011-08-31,0.006787692396204042,0.006787692396204042,3,3,BIC
2011-09-30,-0.007827321356087725,-0.007827321356087725,3,3,BIC
2011-10-31,0.01283022390134554,0.01283022390134554,3,3,BIC
2011-11-30,-0.028651368309484882,-0.028651368309484882,3,3,BIC
2011-12-31,0.0012865898321708829,0.0012865898321708829,3,3,BIC
2012-01-31,-0.05029932354818547,-0.05029932354818547,3,3,BIC
2012-02-29,-0.058870621166969256,-0.058870621166969256,3,3,BIC
2012-03-31,-0.02684394726586969,-0.02684394726586969,3,3,BIC
2012-04-30,-0.004679438719295984,-0.004679438719295984,3,3,BIC
2012-05-31,-0.008823206849506784,-0.008823206849506784,3,3,BIC
2012-06-30,-0.016042984443920435,-0.016042984443920435,3,3,BIC
2012-07-31,0.008905845560533364,0.008905845560533364,3,3,BIC
2012-08-31,-0.009894859440921272,-0.009894859440921272,3,3,BIC
2012-09-30,-0.02435058238190095,-0.02435058238190095,3,3,BIC
2012-10-31,-0.018424627679236017,-0.018424627679236017,3,3,BIC
2012-11-30,-0.02432722276810853,-0.02432722276810853,3,3,BIC
2012-12-31,-0.03676905944797203,-0.03676905944797203,3,3,BIC
2013-01-31,-0.003834931038011426,-0.003834931038011426,3,3,BIC
2013-02-28,-0.036558939968592934,-0.036558939968592934,3,3,BIC
2013-03-31,0.011097789589749114,0.011097789589749114,3,3,BIC
2013-04-30,-0.031199397671550843,-0.031199397671550843,3,3,BIC
2013-05-31,-0.011148274825162533,-0.011148274825162533,3,3,BIC
2013-06-30,-0.05597241573580214,-0.05597241573580214,3,3,BIC
2013-07-31,-0.004013632984435906,-0.004013632984435906,3,3,BIC
2013-08-31,-0.05532785332925317,-0.05532785332925317,3,3,BIC
2013-09-30,0.01817203463148693,0.01817203463148693,3,3,BIC
2013-10-31,0.028345308325091162,0.028345308325091162,3,3,BIC
2013-11-30,0.0015372593576076692,0.0015372593576076692,3,3,BIC
2013-12-31,0.025213403447879812,0.025213403447879812,3,3,BIC
2014-01-31,0.023853167417066713,0.023853167417066713,3,3,BIC
2014-02-28,0.014700930997282662,0.014700930997282662,3,3,BIC
2014-03-31,-0.03435478384197939,-0.03435478384197939,3,3,BIC
2014-04-30,-0.05503397316384665,-0.05503397316384665,3,3,BIC
2014-05-31,0.012855266828695621,0.012855266828695621,3,3,BIC
2014-06-30,-0.007842634891898315,-0.011763952337847473,2,3,BIC
2014-07-31,-0.007411457525786167,-0.007411457525786167,3,3,BIC
2014-08-31,-0.012126251909035053,-0.012126251909035053,3,3,BIC
2014-09-30,0.005316858965136707,0.005316858965136707,3,3,BIC
2014-10-31,0.022106416295574995,0.022106416295574995,3,3,BIC
2014-11-30,-0.05028156813521812,-0.05028156813521812,3,3,BIC
2014-12-31,0.025493259264915,0.025493259264915,3,3,BIC
2015-01-31,0.021561793702200596,0.021561793702200596,3,3,BIC
2015-02-28,0.02013021440703504,0.02013021440703504,3,3,BIC
2015-03-31,-0.0019410221810273215,-0.0029115332715409824,2,3,BIC
2015-04-30,-0.01943073084037062,-0.02914609626055593,2,3,BIC
2015-05-31,0.008895972171790039,0.008895972171790039,3,3,BIC
2015-06-30,0.0058447157490039816,0.0058447157490039816,3,3,BIC
2015-07-31,-0.057846048955796876,-0.057846048955796876,3,3,BIC
2015-08-31,-0.012420367887949152,-0.012420367887949152,3,3,BIC
2015-09-30,-4.1180130226056246e-05,-4.1180130226056246e-05,3,3,BIC
2015-10-31,-0.01067494047293923,-0.01067494047293923,3,3,BIC
2015-11-30,-0.016275606361140033,-0.016275606361140033,3,3,BIC
2015-12-31,-0.04268300557369858,-0.04268300557369858,3,3,BIC
2016-01-31,0.004878949187017303,0.004878949187017303,3,3,BIC
2016-02-29,0.007752157999506408,0.007752157999506408,3,3,BIC
2016-03-31,-0.04794727251308196,-0.04794727251308196,3,3,BIC
2016-04-30,0.041451745496383426,0.041451745496383426,3,3,BIC
2016-05-31,-0.029414468076555355,-0.029414468076555355,3,3,BIC
2016-06-30,0.0027915438403116454,0.0027915438403116454,3,3,BIC
2016-07-31,0.012648875061037365,0.012648875061037365,3,3,BIC
2016-08-31,0.00044717543903967616,0.00044717543903967616,3,3,BIC
2016-09-30,0.006522849344729994,0.006522849344729994,3,3,BIC
2016-10-31,-0.0006189659877468371,-0.0006189659877468371,3,3,BIC
2016-11-30,-0.005185924256209899,-0.005185924256209899,3,3,BIC
2016-12-31,-0.004007148912025047,-0.004007148912025047,3,3,BIC
2017-01-31,0.023048910860526448,0.023048910860526448,3,3,BIC
2017-02-28,0.000908301040718212,0.001362451561077318,2,3,BIC
2017-03-31,-0.020731755545412896,-0.020731755545412896,3,3,BIC
2017-04-30,-0.020275227729076157,-0.020275227729076157,3,3,BIC
2017-05-31,-0.018739282824495492,-0.02810892423674324,2,3,BIC
2017-06-30,0.012337962222077758,0.012337962222077758,3,3,BIC
2017-07-31,-0.021355451284350097,-0.032033176926525145,2,3,BIC
2017-08-31,-0.0012442544476822047,-0.0012442544476822047,3,3,BIC
2017-09-30,0.0199782506749113,0.0199782506749113,3,3,BIC
2017-10-31,0.02024992823738923,0.02024992823738923,3,3,BIC
2017-11-30,-0.011454432879247708,-0.01718164931887156,2,3,BIC
2017-12-31,-0.0010058956431412927,-0.0010058956431412927,3,3,BIC
2018-01-31,-0.018028050475816817,-0.027042075713725224,2,3,BIC
2018-02-28,0.035066483376551,0.052599725064826505,2,3,BIC
2018-03-31,-0.002305818002464085,-0.003458727003696128,2,3,BIC
2018-04-30,-0.008136357990375756,-0.012204536985563633,2,3,BIC
2018-05-31,-0.0014057418212062318,-0.0021086127318093477,2,3,BIC
2018-06-30,-0.003685138753693081,-0.011055416261079243,1,3,BIC
2018-07-31,-0.0057680940241221735,-0.00865214103618326,2,3,BIC
2018-08-31,0.02518686995357969,0.03778030493036954,2,3,BIC
2018-09-30,-0.007324686987978638,-0.007324686987978638,3,3,BIC
2018-10-31,0.0396077827336263,0.0396077827336263,3,3,BIC
2018-11-30,0.06293552282886943,0.06293552282886943,3,3,BIC
2018-12-31,-0.003983137240888374,-0.003983137240888374,3,3,BIC
2019-01-31,0.015968317606707718,0.015968317606707718,3,3,BIC
2019-02-28,0.0006717221821344151,0.0010075832732016226,2,3,BIC
2019-03-31,-0.007941123788246256,-0.011911685682369385,2,3,BIC
2019-04-30,-0.020481956902760626,-0.03072293535414094,2,3,BIC
2019-05-31,0.021366552664153025,0.03204982899622954,2,3,BIC
2019-06-30,-0.04739017851947704,-0.07108526777921556,2,3,BIC
2019-07-31,-0.0014538030708776868,-0.0014538030708776868,3,3,BIC
2019-08-31,0.02577592030534881,0.02577592030534881,3,3,BIC
2019-09-30,-0.009161389338299089,-0.009161389338299089,3,3,BIC
2019-10-31,0.014946236150282293,0.014946236150282293,3,3,BIC
2019-11-30,-0.015486166458110741,-0.015486166458110741,3,3,BIC
2019-12-31,-0.03897454400711067,-0.03897454400711067,3,3,BIC
2020-01-31,0.008501707559400216,0.008501707559400216,3,3,BIC
2020-02-29,-0.013762596139677313,-0.013762596139677313,3,3,BIC
2020-03-31,0.020765337972807836,0.020765337972807836,3,3,BIC
2020-04-30,0.0006630219947231485,0.0009945329920847228,2,3,BIC
2020-05-31,-0.01191113786133763,-0.017866706792006446,2,3,BIC
2020-06-30,-0.01889800972563308,-0.028347014588449623,2,3,BIC
2020-07-31,0.05156327936435646,0.05156327936435646,3,3,BIC
2020-08-31,0.0003535305156993085,0.0003535305156993085,3,3,BIC
2020-09-30,0.036513097571269665,0.036513097571269665,3,3,BIC
2020-10-31,-0.07924875386546333,-0.07924875386546333,3,3,BIC
2020-11-30,0.004919897783101962,0.004919897783101962,3,3,BIC
2020-12-31,0.03283243356051086,0.03283243356051086,3,3,BIC
2021-01-31,0.01903122520686919,0.01903122520686919,3,3,BIC
2021-02-28,-0.06188922695442075,-0.06188922695442075,3,3,BIC
2021-03-31,-0.033606757259472236,-0.033606757259472236,3,3,BIC
2021-04-30,-0.03515757435622542,-0.03515757435622542,3,3,BIC
2021-05-31,-0.029316789311779015,-0.029316789311779015,3,3,BIC
2021-06-30,0.021876005855790415,0.021876005855790415,3,3,BIC
2021-07-31,0.006803882518003456,0.006803882518003456,3,3,BIC
2021-08-31,-0.010750664918427272,-0.016125997377640908,2,3,BIC
2021-09-30,0.004370049157351479,0.006555073736027218,2,3,BIC
2021-10-31,-0.002638058246737516,-0.0039570873701062735,2,3,BIC
2021-11-30,0.023747585494916207,0.03562137824237431,2,3,BIC
2021-12-31,0.005985259115707397,0.008977888673561096,2,3,BIC
2022-01-31,-0.018393460599416756,-0.018393460599416756,3,3,BIC
2022-02-28,0.012902899707272193,0.012902899707272193,3,3,BIC
2022-03-31,0.004957086057801355,0.004957086057801355,3,3,BIC
2022-04-30,-0.053888951069350675,-0.053888951069350675,3,3,BIC
2022-05-31,-0.002274448928707543,-0.002274448928707543,3,3,BIC
2022-06-30,-0.022194734279875037,-0.022194734279875037,3,3,BIC
2022-07-31,-0.07225812181502501,-0.07225812181502501,3,3,BIC
2022-08-31,0.0047591985958649495,0.0047591985958649495,3,3,BIC
2022-09-30,0.011274629996316994,0.011274629996316994,3,3,BIC
2022-10-31,-0.01426012947733229,-0.01426012947733229,3,3,BIC
2022-11-30,0.041614816692508806,0.041614816692508806,3,3,BIC
2022-12-31,-0.003267928424534945,-0.003267928424534945,3,3,BIC
2023-01-31,-0.003834839276571085,-0.003834839276571085,3,3,BIC
2023-02-28,0.037574643101983995,0.037574643101983995,3,3,BIC
2023-03-31,-0.01883418159851527,-0.01883418159851527,3,3,BIC
2023-04-30,-0.01835319511546415,-0.01835319511546415,3,3,BIC
2023-05-31,-0.04256687739070517,-0.04256687739070517,3,3,BIC
2023-06-30,0.027756180266920106,0.027756180266920106,3,3,BIC
2023-07-31,-0.012942250945687265,-0.012942250945687265,3,3,BIC
2023-08-31,-0.040178067026202226,-0.040178067026202226,3,3,BIC
2023-09-30,-0.018755177408977457,-0.018755177408977457,3,3,BIC
2023-10-31,-0.0027528924056459112,-0.0027528924056459112,3,3,BIC
2023-11-30,0.0010112453756562917,0.0010112453756562917,3,3,BIC
2023-12-31,-0.013684783212781172,-0.013684783212781172,3,3,BIC
2024-01-31,-0.024303607676621927,-0.024303607676621927,3,3,BIC
2024-02-29,0.011053046846501989,0.011053046846501989,3,3,BIC
2024-03-31,-0.04872353714748318,-0.04872353714748318,3,3,BIC
2024-04-30,-0.03409327093521992,-0.03409327093521992,3,3,BIC
2024-05-31,0.0026532614038726593,0.0026532614038726593,3,3,BIC
2024-06-30,0.0011631661059243008,0.0011631661059243008,3,3,BIC
2024-07-31,-0.0024449676616505023,-0.0024449676616505023,3,3,BIC
2024-08-31,-0.03714764145981141,-0.03714764145981141,3,3,BIC
2024-09-30,-0.02606614527839697,-0.02606614527839697,3,3,BIC
2024-10-31,0.04223371935645346,0.04223371935645346,3,3,BIC
2024-11-30,-0.024444438691325746,-0.024444438691325746,3,3,BIC
2024-12-31,0.0281779702457275,0.0281779702457275,3,3,BIC
2025-01-31,0.015054774150542585,0.015054774150542585,3,3,BIC
2025-02-28,0.075139499259307,0.075139499259307,3,3,BIC
2025-03-31,-0.0154414673848273,-0.0154414673848273,3,3,BIC
2025-04-30,-0.009272318740183796,-0.013908478110275693,2,3,BIC
2025-05-31,-0.00978885046100979,-0.00978885046100979,3,3,BIC
2025-06-30,-0.032881507876566234,-0.032881507876566234,3,3,BIC
2025-07-31,-0.04419946697213307,-0.04419946697213307,3,3,BIC
2025-08-31,-0.0071476945831720415,-0.0071476945831720415,3,3,BIC
2025-09-30,0.009406393576013704,0.009406393576013704,3,3,BIC
2025-10-31,-0.019185971506132854,-0.019185971506132854,3,3,BIC
2025-11-30,-0.04699252851783519,-0.04699252851783519,3,3,BIC
2025-12-31,-0.011322053569035049,-0.011322053569035049,3,3,BIC
2006-01-31,0.010967778165129382,0.010967778165129382,3,3,Gaussian
2006-02-28,0.009370756065892856,0.009370756065892856,3,3,Gaussian
2006-03-31,0.011146630641684351,0.016719945962526527,2,3,Gaussian
2006-04-30,0.00069563004665641,0.001043445069984615,2,3,Gaussian
2006-05-31,-0.006317758457252743,-0.009476637685879115,2,3,Gaussian
2006-06-30,0.012567770907920798,0.018851656361881197,2,3,Gaussian
2006-07-31,-0.039386395429544335,-0.039386395429544335,3,3,Gaussian
2006-08-31,-0.01571704756434475,-0.01571704756434475,3,3,Gaussian
2006-09-30,-0.023978683491514007,-0.023978683491514007,3,3,Gaussian
2006-10-31,0.03641407770949067,0.03641407770949067,3,3,Gaussian
2006-11-30,-0.05025256487944995,-0.07537884731917492,2,3,Gaussian
2006-12-31,0.015803609940667863,0.023705414911001796,2,3,Gaussian
2007-01-31,0.023480023389232375,0.023480023389232375,3,3,Gaussian
2007-02-28,0.02091764662108751,0.02091764662108751,3,3,Gaussian
2007-03-31,-0.011400438751726914,-0.011400438751726914,3,3,Gaussian
2007-04-30,0.0002953271496142021,0.0002953271496142021,3,3,Gaussian
2007-05-31,-0.0507623633122417,-0.0507623633122417,3,3,Gaussian
2007-06-30,0.012673910520140434,0.012673910520140434,3,3,Gaussian
2007-07-31,0.035555785256503165,0.035555785256503165,3,3,Gaussian
2007-08-31,-0.007623093274699881,-0.007623093274699881,3,3,Gaussian
2007-09-30,0.007555149056318544,0.011332723584477816,2,3,Gaussian
2007-10-31,0.01607277076284731,0.024109156144270966,2,3,Gaussian
2007-11-30,0.052716992961159066,0.052716992961159066,3,3,Gaussian
2007-12-31,0.002303128400929086,0.002303128400929086,3,3,Gaussian
2008-01-31,-0.006630178765186449,-0.009945268147779674,2,3,Gaussian
2008-02-29,-0.02662602714130191,-0.03993904071195287,2,3,Gaussian
2008-03-31,-0.008994936791861674,-0.013492405187792511,2,3,Gaussian
2008-04-30,0.00877186373640875,0.00877186373640875,3,3,Gaussian
2008-05-31,-0.0508491156914144,-0.0508491156914144,3,3,Gaussian
2008-06-30,0.014540978677449417,0.014540978677449417,3,3,Gaussian
2008-07-31,-0.01665067216298909,-0.01665067216298909,3,3,Gaussian
2008-08-31,0.003087759421081667,0.003087759421081667,3,3,Gaussian
2008-09-30,-0.00437751654375453,-0.00437751654375453,3,3,Gaussian
2008-10-31,-0.014671631548709568,-0.014671631548709568,3,3,Gaussian
2008-11-30,0.014716929907613413,0.04415078972284024,1,3,Gaussian
2008-12-31,0.015240763760682946,0.02286114564102442,2,3,Gaussian
2009-01-31,-0.05634004214026603,-0.05634004214026603,3,3,Gaussian
2009-02-28,-0.02918633696001639,-0.02918633696001639,3,3,Gaussian
2009-03-31,0.03377009767100975,0.03377009767100975,3,3,Gaussian
2009-04-30,0.004174138027764975,0.006261207041647463,2,3,Gaussian
2009-05-31,-0.0003330359063851134,-0.0004995538595776701,2,3,Gaussian
2009-06-30,-0.009541607304115966,-0.014312410956173948,2,3,Gaussian
2009-07-31,-0.007656506473240512,-0.007656506473240512,3,3,Gaussian
2009-08-31,-0.000268135481728316,-0.000268135481728316,3,3,Gaussian
2009-09-30,-0.0014339346499309096,-0.0014339346499309096,3,3,Gaussian
2009-10-31,0.04086548290638165,0.04086548290638165,3,3,Gaussian
2009-11-30,-0.01586648364047159,-0.023799725460707386,2,3,Gaussian
2009-12-31,-0.0007807304764879935,-0.0011710957147319902,2,3,Gaussian
2010-01-31,-0.0036055183252557666,-0.0036055183252557666,3,3,Gaussian
2010-02-28,-0.016096363188357447,-0.016096363188357447,3,3,Gaussian
2010-03-31,-0.04638930330382952,-0.04638930330382952,3,3,Gaussian
2010-04-30,-0.07427629046840974,-0.07427629046840974,3,3,Gaussian
2010-05-31,0.004349247838261117,0.004349247838261117,3,3,Gaussian
2010-06-30,-0.004689008572776853,-0.004689008572776853,3,3,Gaussian
2010-07-31,-0.0032513810520452585,-0.0032513810520452585,3,3,Gaussian
2010-08-31,0.008932294012939474,0.008932294012939474,3,3,Gaussian
2010-09-30,0.004842923278532936,0.004842923278532936,3,3,Gaussian
2010-10-31,-0.048349501453836534,-0.048349501453836534,3,3,Gaussian
2010-11-30,0.06073449106476727,0.06073449106476727,3,3,Gaussian
2010-12-31,-0.008545542875792225,-0.008545542875792225,3,3,Gaussian
2011-01-31,-0.0011938990508616359,-0.0011938990508616359,3,3,Gaussian
2011-02-28,0.016462035422944946,0.016462035422944946,3,3,Gaussian
2011-03-31,-0.0006235312148545868,-0.0006235312148545868,3,3,Gaussian
2011-04-30,0.044749107832974706,0.044749107832974706,3,3,Gaussian
2011-05-31,0.007021127548726573,0.007021127548726573,3,3,Gaussian
2011-06-30,-0.0060541407672433266,-0.0060541407672433266,3,3,Gaussian
2011-07-31,-0.026752811577028513,-0.04012921736554277,2,3,Gaussian
2011-08-31,0.007457271668616775,0.007457271668616775,3,3,Gaussian
2011-09-30,-0.023818343333704705,-0.023818343333704705,3,3,Gaussian
2011-10-31,0.021790615626758356,0.021790615626758356,3,3,Gaussian
2011-11-30,-0.031489907666886995,-0.031489907666886995,3,3,Gaussian
2011-12-31,0.001314572815127264,0.001314572815127264,3,3,Gaussian
2012-01-31,-0.047740259976309894,-0.047740259976309894,3,3,Gaussian
2012-02-29,-0.05878919466565289,-0.05878919466565289,3,3,Gaussian
2012-03-31,-0.026710959781659212,-0.026710959781659212,3,3,Gaussian
2012-04-30,-0.00469947583807405,-0.00469947583807405,3,3,Gaussian
2012-05-31,-0.00899660629324687,-0.00899660629324687,3,3,Gaussian
2012-06-30,-0.01598307755869987,-0.01598307755869987,3,3,Gaussian
2012-07-31,0.009422166205786316,0.009422166205786316,3,3,Gaussian
2012-08-31,-0.009857941614581494,-0.009857941614581494,3,3,Gaussian
2012-09-30,-0.024332530758665708,-0.024332530758665708,3,3,Gaussian
2012-10-31,-0.01740418625524409,-0.01740418625524409,3,3,Gaussian
2012-11-30,-0.02432722276810853,-0.02432722276810853,3,3,Gaussian
2012-12-31,-0.03676905944797203,-0.03676905944797203,3,3,Gaussian
2013-01-31,-0.003233448097032012,-0.003233448097032012,3,3,Gaussian
2013-02-28,-0.036581406144427696,-0.036581406144427696,3,3,Gaussian
2013-03-31,0.011141961610642606,0.011141961610642606,3,3,Gaussian
2013-04-30,-0.031080966130808314,-0.031080966130808314,3,3,Gaussian
2013-05-31,-0.008637506240783003,-0.008637506240783003,3,3,Gaussian
2013-06-30,-0.05597241573580214,-0.05597241573580214,3,3,Gaussian
2013-07-31,0.0010298267682433563,0.0010298267682433563,3,3,Gaussian
2013-08-31,-0.05753092336203128,-0.05753092336203128,3,3,Gaussian
2013-09-30,0.02307036996649431,0.02307036996649431,3,3,Gaussian
2013-10-31,0.02323630023144781,0.02323630023144781,3,3,Gaussian
2013-11-30,-0.003906456848853139,-0.003906456848853139,3,3,Gaussian
2013-12-31,0.025213403447879812,0.025213403447879812,3,3,Gaussian
2014-01-31,0.015270720955477275,0.015270720955477275,3,3,Gaussian
2014-02-28,0.005393818607005044,0.005393818607005044,3,3,Gaussian
2014-03-31,-0.011363777162484193,-0.011363777162484193,3,3,Gaussian
2014-04-30,0.010123226132379341,0.010123226132379341,3,3,Gaussian
2014-05-31,0.01953706236661522,0.01953706236661522,3,3,Gaussian
2014-06-30,0.001736549237852457,0.001736549237852457,3,3,Gaussian
2014-07-31,-0.008033062836327645,-0.008033062836327645,3,3,Gaussian
2014-08-31,-0.013487741049747136,-0.013487741049747136,3,3,Gaussian
2014-09-30,0.00517365743446867,0.00517365743446867,3,3,Gaussian
2014-10-31,0.03741214966109244,0.03741214966109244,3,3,Gaussian
2014-11-30,-0.036834656166641756,-0.036834656166641756,3,3,Gaussian
2014-12-31,0.02482301421835018,0.02482301421835018,3,3,Gaussian
2015-01-31,0.03875459902512176,0.03875459902512176,3,3,Gaussian
2015-02-28,-0.016573164345174102,-0.016573164345174102,3,3,Gaussian
2015-03-31,0.004517325128492326,0.004517325128492326,3,3,Gaussian
2015-04-30,-0.02257059139181018,-0.02257059139181018,3,3,Gaussian
2015-05-31,0.00608686538519698,0.00913029807779547,2,3,Gaussian
2015-06-30,0.0052308815332143535,0.0052308815332143535,3,3,Gaussian
2015-07-31,-0.06249002521720703,-0.06249002521720703,3,3,Gaussian
2015-08-31,-0.012546392792568294,-0.012546392792568294,3,3,Gaussian
2015-09-30,0.0011401999914693102,0.0011401999914693102,3,3,Gaussian
2015-10-31,-0.027102877805008137,-0.027102877805008137,3,3,Gaussian
2015-11-30,-0.020814261164608657,-0.020814261164608657,3,3,Gaussian
2015-12-31,-0.045800650112099266,-0.045800650112099266,3,3,Gaussian
2016-01-31,0.020351054249961,0.020351054249961,3,3,Gaussian
2016-02-29,0.007752157999506408,0.007752157999506408,3,3,Gaussian
2016-03-31,-0.04794727251308196,-0.04794727251308196,3,3,Gaussian
2016-04-30,0.041451745496383426,0.041451745496383426,3,3,Gaussian
2016-05-31,-0.011333005044669357,-0.011333005044669357,3,3,Gaussian
2016-06-30,0.0019156599674396146,0.0019156599674396146,3,3,Gaussian
2016-07-31,0.009295159846164329,0.013942739769246492,2,3,Gaussian
2016-08-31,-0.0010898518125678277,-0.0010898518125678277,3,3,Gaussian
2016-09-30,0.0027425789615049302,0.0027425789615049302,3,3,Gaussian
2016-10-31,-0.0029723962069524087,-0.0029723962069524087,3,3,Gaussian
2016-11-30,-0.008682708384689894,-0.008682708384689894,3,3,Gaussian
2016-12-31,-0.00953155380828978,-0.00953155380828978,3,3,Gaussian
2017-01-31,0.01940341590686121,0.01940341590686121,3,3,Gaussian
2017-02-28,0.0020404603101314427,0.0030606904651971642,2,3,Gaussian
2017-03-31,-0.020629912829550345,-0.020629912829550345,3,3,Gaussian
2017-04-30,-0.01823650640994504,-0.01823650640994504,3,3,Gaussian
2017-05-31,-0.0185360889728588,-0.0278041334592882,2,3,Gaussian
2017-06-30,0.012369989647871704,0.012369989647871704,3,3,Gaussian
2017-07-31,-0.022644147858564556,-0.022644147858564556,3,3,Gaussian
2017-08-31,-0.014181395130660692,-0.014181395130660692,3,3,Gaussian
2017-09-30,0.019584305786272627,0.019584305786272627,3,3,Gaussian
2017-10-31,0.009382585282025008,0.009382585282025008,3,3,Gaussian
2017-11-30,-0.016658514226420684,-0.016658514226420684,3,3,Gaussian
2017-12-31,-0.0017267147843034233,-0.0017267147843034233,3,3,Gaussian
2018-01-31,-0.01751591585802397,-0.026273873787035957,2,3,Gaussian
2018-02-28,0.03827909891847198,0.057418648377707965,2,3,Gaussian
2018-03-31,-0.0010703515450699145,-0.0010703515450699145,3,3,Gaussian
2018-04-30,-0.008780372823506171,-0.008780372823506171,3,3,Gaussian
2018-05-31,0.02153357458752392,0.02153357458752392,3,3,Gaussian
2018-06-30,-0.016093697847242728,-0.024140546770864094,2,3,Gaussian
2018-07-31,-0.010936136194911142,-0.016404204292366713,2,3,Gaussian
2018-08-31,0.02481911789618947,0.03722867684428421,2,3,Gaussian
2018-09-30,-0.0075500708443121305,-0.0075500708443121305,3,3,Gaussian
2018-10-31,0.03901190304415204,0.03901190304415204,3,3,Gaussian
2018-11-30,0.06428827132698414,0.06428827132698414,3,3,Gaussian
2018-12-31,-0.004139544230931343,-0.004139544230931343,3,3,Gaussian
2019-01-31,0.016156766451172488,0.016156766451172488,3,3,Gaussian
2019-02-28,0.01034143224558048,0.015512148368370721,2,3,Gaussian
2019-03-31,-0.0054065476495518475,-0.008109821474327771,2,3,Gaussian
2019-04-30,-0.02017101252741778,-0.030256518791126674,2,3,Gaussian
2019-05-31,0.016160229682411525,0.024240344523617285,2,3,Gaussian
2019-06-30,-0.048093337699845314,-0.07214000654976797,2,3,Gaussian
2019-07-31,-0.0014538030708776868,-0.0014538030708776868,3,3,Gaussian
2019-08-31,0.02863075630243059,0.02863075630243059,3,3,Gaussian
2019-09-30,-0.009161389338299089,-0.009161389338299089,3,3,Gaussian
2019-10-31,0.016338248461439775,0.016338248461439775,3,3,Gaussian
2019-11-30,-0.016494159770702333,-0.016494159770702333,3,3,Gaussian
2019-12-31,-0.03897454400711067,-0.03897454400711067,3,3,Gaussian
2020-01-31,0.010856799153030956,0.010856799153030956,3,3,Gaussian
2020-02-29,-0.014969704465272104,-0.014969704465272104,3,3,Gaussian
2020-03-31,0.008672243616228604,0.008672243616228604,3,3,Gaussian
2020-04-30,-0.0104931212190702,-0.0104931212190702,3,3,Gaussian
2020-05-31,-0.004913426773476374,-0.004913426773476374,3,3,Gaussian
2020-06-30,0.0421954571143526,0.0421954571143526,3,3,Gaussian
2020-07-31,0.04330692404455779,0.04330692404455779,3,3,Gaussian
2020-08-31,0.025585543358113957,0.025585543358113957,3,3,Gaussian
2020-09-30,0.02198644764825794,0.02198644764825794,3,3,Gaussian
2020-10-31,-0.07526529829356275,-0.07526529829356275,3,3,Gaussian
2020-11-30,0.004445241583255294,0.004445241583255294,3,3,Gaussian
2020-12-31,0.029501051208777555,0.029501051208777555,3,3,Gaussian
2021-01-31,0.020812846579496624,0.020812846579496624,3,3,Gaussian
2021-02-28,-0.06043232500683272,-0.06043232500683272,3,3,Gaussian
2021-03-31,-0.033583506095113604,-0.033583506095113604,3,3,Gaussian
2021-04-30,-0.03512698908782255,-0.03512698908782255,3,3,Gaussian
2021-05-31,-0.029313616138456566,-0.029313616138456566,3,3,Gaussian
2021-06-30,0.021889946902008628,0.021889946902008628,3,3,Gaussian
2021-07-31,0.0051729698154025575,0.0051729698154025575,3,3,Gaussian
2021-08-31,0.00918817874466877,0.013782268117003154,2,3,Gaussian
2021-09-30,0.010149331529703402,0.015223997294555102,2,3,Gaussian
2021-10-31,0.01675910283172793,0.025138654247591895,2,3,Gaussian
2021-11-30,-0.0261693348098051,-0.03925400221470765,2,3,Gaussian
2021-12-31,-0.017785505390482004,-0.02667825808572301,2,3,Gaussian
2022-01-31,-0.01994371956426513,-0.01994371956426513,3,3,Gaussian
2022-02-28,0.014983570795639037,0.022475356193458557,2,3,Gaussian
2022-03-31,0.005838925791218352,0.008758388686827528,2,3,Gaussian
2022-04-30,-0.0480404848598395,-0.07206072728975925,2,3,Gaussian
2022-05-31,-0.021355962831639347,-0.03203394424745902,2,3,Gaussian
2022-06-30,-0.03662174872874835,-0.05493262309312252,2,3,Gaussian
2022-07-31,-0.062461807577933265,-0.062461807577933265,3,3,Gaussian
2022-08-31,0.0014400162433511846,0.0014400162433511846,3,3,Gaussian
2022-09-30,0.013246519533699137,0.013246519533699137,3,3,Gaussian
2022-10-31,-0.016559749410279077,-0.016559749410279077,3,3,Gaussian
2022-11-30,0.03625577304595524,0.03625577304595524,3,3,Gaussian
2022-12-31,0.004138830951041898,0.006208246426562846,2,3,Gaussian
2023-01-31,-0.007183770850893822,-0.007183770850893822,3,3,Gaussian
2023-02-28,0.03427831066201912,0.03427831066201912,3,3,Gaussian
2023-03-31,-0.019115687023685015,-0.019115687023685015,3,3,Gaussian
2023-04-30,-0.016826433323177247,-0.016826433323177247,3,3,Gaussian
2023-05-31,-0.03720953664115059,-0.03720953664115059,3,3,Gaussian
2023-06-30,0.027087471069452473,0.027087471069452473,3,3,Gaussian
2023-07-31,-0.01236766778755821,-0.01236766778755821,3,3,Gaussian
2023-08-31,-0.03326937872958451,-0.03326937872958451,3,3,Gaussian
2023-09-30,-0.019141979348988012,-0.019141979348988012,3,3,Gaussian
2023-10-31,-0.0028045766467288576,-0.0028045766467288576,3,3,Gaussian
2023-11-30,0.0017704538492215917,0.0017704538492215917,3,3,Gaussian
2023-12-31,-0.013329846850661298,-0.013329846850661298,3,3,Gaussian
2024-01-31,-0.030109835997285093,-0.030109835997285093,3,3,Gaussian
2024-02-29,0.008676996786816884,0.008676996786816884,3,3,Gaussian
2024-03-31,-0.03652313782868748,-0.03652313782868748,3,3,Gaussian
2024-04-30,-0.0332500323122635,-0.0332500323122635,3,3,Gaussian
2024-05-31,0.002508409865190656,0.002508409865190656,3,3,Gaussian
2024-06-30,0.001126568941059247,0.001126568941059247,3,3,Gaussian
2024-07-31,-0.0013462651004967723,-0.0013462651004967723,3,3,Gaussian
2024-08-31,-0.033493913521692086,-0.033493913521692086,3,3,Gaussian
2024-09-30,-0.02606614527839697,-0.02606614527839697,3,3,Gaussian
2024-10-31,0.04223371935645346,0.04223371935645346,3,3,Gaussian
2024-11-30,-0.02593828540420402,-0.02593828540420402,3,3,Gaussian
2024-12-31,0.02648194845142327,0.02648194845142327,3,3,Gaussian
2025-01-31,0.01668490424034079,0.01668490424034079,3,3,Gaussian
2025-02-28,0.07762791743294963,0.07762791743294963,3,3,Gaussian
2025-03-31,-0.023971144137413147,-0.03595671620611972,2,3,Gaussian
2025-04-30,-0.0033008194599173147,-0.004951229189875972,2,3,Gaussian
2025-05-31,0.00037222656401390136,0.000558339846020852,2,3,Gaussian
2025-06-30,-0.032249071589823604,-0.09674721476947082,1,3,Gaussian
2025-07-31,-0.04419946697213307,-0.04419946697213307,3,3,Gaussian
2025-08-31,-0.006365678465692272,-0.006365678465692272,3,3,Gaussian
2025-09-30,0.009406393576013704,0.009406393576013704,3,3,Gaussian
2025-10-31,-0.019185971506132854,-0.019185971506132854,3,3,Gaussian
2025-11-30,-0.04699252851783519,-0.04699252851783519,3,3,Gaussian
2025-12-31,-0.011322053569035049,-0.011322053569035049,3,3,Gaussian
2006-01-31,0.020712000939732928,0.020712000939732928,3,3,Student-t
2006-02-28,0.00666311483103478,0.00666311483103478,3,3,Student-t
2006-03-31,0.009200533626271826,0.01380080043940774,2,3,Student-t
2006-04-30,0.0007251098597648992,0.0010876647896473487,2,3,Student-t
2006-05-31,-0.0063146371946816195,-0.00947195579202243,2,3,Student-t
2006-06-30,0.01266397275863688,0.01899595913795532,2,3,Student-t
2006-07-31,-0.038623347901454226,-0.038623347901454226,3,3,Student-t
2006-08-31,-0.016321313148482862,-0.016321313148482862,3,3,Student-t
2006-09-30,-0.023970148173255088,-0.023970148173255088,3,3,Student-t
2006-10-31,0.032594662363265664,0.032594662363265664,3,3,Student-t
2006-11-30,-0.05025256487944995,-0.07537884731917492,2,3,Student-t
2006-12-31,0.017019178330592605,0.025528767495888907,2,3,Student-t
2007-01-31,0.023480023389232375,0.023480023389232375,3,3,Student-t
2007-02-28,0.034150097062651694,0.034150097062651694,3,3,Student-t
2007-03-31,-0.011400438751726914,-0.011400438751726914,3,3,Student-t
2007-04-30,0.0002953271496142021,0.0002953271496142021,3,3,Student-t
2007-05-31,-0.05050637303457567,-0.05050637303457567,3,3,Student-t
2007-06-30,0.015527705214859038,0.015527705214859038,3,3,Student-t
2007-07-31,0.034243814606433415,0.034243814606433415,3,3,Student-t
2007-08-31,-0.0016175663995013738,-0.0016175663995013738,3,3,Student-t
2007-09-30,0.007555149056318544,0.011332723584477816,2,3,Student-t
2007-10-31,0.018528347772547197,0.027792521658820797,2,3,Student-t
2007-11-30,0.047779482093177734,0.047779482093177734,3,3,Student-t
2007-12-31,0.0034060219907755505,0.0034060219907755505,3,3,Student-t
2008-01-31,-0.006630178765186449,-0.009945268147779674,2,3,Student-t
2008-02-29,-0.02662602714130191,-0.03993904071195287,2,3,Student-t
2008-03-31,-0.008994936791861674,-0.013492405187792511,2,3,Student-t
2008-04-30,-0.004452694032400935,-0.004452694032400935,3,3,Student-t
2008-05-31,-0.050832526245050545,-0.050832526245050545,3,3,Student-t
2008-06-30,0.015208617276811337,0.015208617276811337,3,3,Student-t
2008-07-31,-0.00749516573357767,-0.00749516573357767,3,3,Student-t
2008-08-31,-0.0030061639557589794,-0.0030061639557589794,3,3,Student-t
2008-09-30,-0.003952616892096005,-0.003952616892096005,3,3,Student-t
2008-10-31,0.02934152516892301,0.02934152516892301,3,3,Student-t
2008-11-30,0.005542658704786175,0.016627976114358525,1,3,Student-t
2008-12-31,0.005000317641512426,0.005000317641512426,3,3,Student-t
2009-01-31,-0.07023062188936967,-0.07023062188936967,3,3,Student-t
2009-02-28,-0.029237840040604618,-0.029237840040604618,3,3,Student-t
2009-03-31,0.03356228156233757,0.03356228156233757,3,3,Student-t
2009-04-30,0.007566575084805357,0.011349862627208036,2,3,Student-t
2009-05-31,-0.0003330359063851134,-0.0004995538595776701,2,3,Student-t
2009-06-30,-0.0034269070579460363,-0.005140360586919054,2,3,Student-t
2009-07-31,-0.008844667280016007,-0.008844667280016007,3,3,Student-t
2009-08-31,-0.004425761783778725,-0.004425761783778725,3,3,Student-t
2009-09-30,-0.0014339346499309096,-0.0014339346499309096,3,3,Student-t
2009-10-31,0.04173804555517554,0.04173804555517554,3,3,Student-t
2009-11-30,-0.012574544718957187,-0.01886181707843578,2,3,Student-t
2009-12-31,-0.0006071711474909409,-0.0009107567212364113,2,3,Student-t
2010-01-31,-0.008233448260377247,-0.008233448260377247,3,3,Student-t
2010-02-28,-0.018633590798174362,-0.018633590798174362,3,3,Student-t
2010-03-31,-0.04582240946511875,-0.04582240946511875,3,3,Student-t
2010-04-30,-0.06849240007732701,-0.06849240007732701,3,3,Student-t
2010-05-31,0.006949528796987566,0.006949528796987566,3,3,Student-t
2010-06-30,0.002154730265522721,0.002154730265522721,3,3,Student-t
2010-07-31,-0.0012116737380220566,-0.0012116737380220566,3,3,Student-t
2010-08-31,0.008897652760987623,0.008897652760987623,3,3,Student-t
2010-09-30,0.0069934350389817615,0.0069934350389817615,3,3,Student-t
2010-10-31,-0.048349501453836534,-0.048349501453836534,3,3,Student-t
2010-11-30,0.05820898079308257,0.05820898079308257,3,3,Student-t
2010-12-31,-0.006572834132664206,-0.006572834132664206,3,3,Student-t
2011-01-31,-0.001541495843499487,-0.0023122437652492306,2,3,Student-t
2011-02-28,0.016466114986733855,0.016466114986733855,3,3,Student-t
2011-03-31,-0.0005840103001628608,-0.0005840103001628608,3,3,Student-t
2011-04-30,0.04749873765041795,0.04749873765041795,3,3,Student-t
2011-05-31,0.0041146860698128155,0.0041146860698128155,3,3,Student-t
2011-06-30,-0.005726060355195298,-0.005726060355195298,3,3,Student-t
2011-07-31,-0.026752811577028513,-0.04012921736554277,2,3,Student-t
2011-08-31,0.006787692396204042,0.006787692396204042,3,3,Student-t
2011-09-30,-0.007827321356087725,-0.007827321356087725,3,3,Student-t
2011-10-31,0.01283022390134554,0.01283022390134554,3,3,Student-t
2011-11-30,-0.028651368309484882,-0.028651368309484882,3,3,Student-t
2011-12-31,0.0012865898321708829,0.0012865898321708829,3,3,Student-t
2012-01-31,-0.05029932354818547,-0.05029932354818547,3,3,Student-t
2012-02-29,-0.058870621166969256,-0.058870621166969256,3,3,Student-t
2012-03-31,-0.02684394726586969,-0.02684394726586969,3,3,Student-t
2012-04-30,-0.004679438719295984,-0.004679438719295984,3,3,Student-t
2012-05-31,-0.008823206849506784,-0.008823206849506784,3,3,Student-t
2012-06-30,-0.016042984443920435,-0.016042984443920435,3,3,Student-t
2012-07-31,0.008905845560533364,0.008905845560533364,3,3,Student-t
2012-08-31,-0.009894859440921272,-0.009894859440921272,3,3,Student-t
2012-09-30,-0.02435058238190095,-0.02435058238190095,3,3,Student-t
2012-10-31,-0.018424627679236017,-0.018424627679236017,3,3,Student-t
2012-11-30,-0.02432722276810853,-0.02432722276810853,3,3,Student-t
2012-12-31,-0.03676905944797203,-0.03676905944797203,3,3,Student-t
2013-01-31,-0.003880622461619484,-0.003880622461619484,3,3,Student-t
2013-02-28,-0.036558939968592934,-0.036558939968592934,3,3,Student-t
2013-03-31,0.011097789589749114,0.011097789589749114,3,3,Student-t
2013-04-30,-0.031199397671550843,-0.031199397671550843,3,3,Student-t
2013-05-31,-0.011148274825162533,-0.011148274825162533,3,3,Student-t
2013-06-30,-0.05597241573580214,-0.05597241573580214,3,3,Student-t
2013-07-31,-0.004013632984435906,-0.004013632984435906,3,3,Student-t
2013-08-31,-0.05532785332925317,-0.05532785332925317,3,3,Student-t
2013-09-30,0.01817203463148693,0.01817203463148693,3,3,Student-t
2013-10-31,0.028345308325091162,0.028345308325091162,3,3,Student-t
2013-11-30,0.0015372593576076692,0.0015372593576076692,3,3,Student-t
2013-12-31,0.025213403447879812,0.025213403447879812,3,3,Student-t
2014-01-31,0.03249778240318855,0.03249778240318855,3,3,Student-t
2014-02-28,0.004132363851769151,0.004132363851769151,3,3,Student-t
2014-03-31,-0.009777489103330355,-0.009777489103330355,3,3,Student-t
2014-04-30,-0.02709737053391745,-0.02709737053391745,3,3,Student-t
2014-05-31,0.02207084869552214,0.02207084869552214,3,3,Student-t
2014-06-30,0.013690066508072323,0.013690066508072323,3,3,Student-t
2014-07-31,-0.01643985156751516,-0.01643985156751516,3,3,Student-t
2014-08-31,-0.013487741049747136,-0.013487741049747136,3,3,Student-t
2014-09-30,0.00517365743446867,0.00517365743446867,3,3,Student-t
2014-10-31,0.03741214966109244,0.03741214966109244,3,3,Student-t
2014-11-30,-0.03341843039807397,-0.03341843039807397,3,3,Student-t
2014-12-31,0.028846504297007084,0.028846504297007084,3,3,Student-t
2015-01-31,0.037861025225291944,0.037861025225291944,3,3,Student-t
2015-02-28,-0.018464778132098545,-0.018464778132098545,3,3,Student-t
2015-03-31,0.004104656598460447,0.004104656598460447,3,3,Student-t
2015-04-30,-0.023290641866129735,-0.023290641866129735,3,3,Student-t
2015-05-31,0.006091405784126491,0.009137108676189738,2,3,Student-t
2015-06-30,0.006339865164529702,0.006339865164529702,3,3,Student-t
2015-07-31,-0.0670932565051808,-0.0670932565051808,3,3,Student-t
2015-08-31,-0.011840997056364327,-0.011840997056364327,3,3,Student-t
2015-09-30,0.0012076307460263402,0.0012076307460263402,3,3,Student-t
2015-10-31,-0.02463214071867205,-0.02463214071867205,3,3,Student-t
2015-11-30,-0.020814261164608657,-0.020814261164608657,3,3,Student-t
2015-12-31,-0.045800650112099266,-0.045800650112099266,3,3,Student-t
2016-01-31,0.022770814266293113,0.022770814266293113,3,3,Student-t
2016-02-29,-0.001260756387533954,-0.001260756387533954,3,3,Student-t
2016-03-31,-0.048772616373802626,-0.048772616373802626,3,3,Student-t
2016-04-30,0.0415282485010798,0.0415282485010798,3,3,Student-t
2016-05-31,-0.02970890668657723,-0.02970890668657723,3,3,Student-t
2016-06-30,0.0028062566826141428,0.0028062566826141428,3,3,Student-t
2016-07-31,0.012010248435440879,0.012010248435440879,3,3,Student-t
2016-08-31,0.005099776532289311,0.005099776532289311,3,3,Student-t
2016-09-30,0.014867610545997709,0.014867610545997709,3,3,Student-t
2016-10-31,-0.0006708398199276507,-0.0006708398199276507,3,3,Student-t
2016-11-30,-0.00844900814576696,-0.00844900814576696,3,3,Student-t
2016-12-31,-0.0040389831636978004,-0.0040389831636978004,3,3,Student-t
2017-01-31,0.023048910860526448,0.023048910860526448,3,3,Student-t
2017-02-28,0.000908301040718212,0.001362451561077318,2,3,Student-t
2017-03-31,-0.020731755545412896,-0.020731755545412896,3,3,Student-t
2017-04-30,-0.020275227729076157,-0.020275227729076157,3,3,Student-t
2017-05-31,-0.018739282824495492,-0.02810892423674324,2,3,Student-t
2017-06-30,0.012337962222077758,0.012337962222077758,3,3,Student-t
2017-07-31,-0.022323237486617704,-0.022323237486617704,3,3,Student-t
2017-08-31,-0.013263899687428473,-0.013263899687428473,3,3,Student-t
2017-09-30,0.02109420781592949,0.02109420781592949,3,3,Student-t
2017-10-31,0.013940928968720722,0.013940928968720722,3,3,Student-t
2017-11-30,-0.0242204585723271,-0.0242204585723271,3,3,Student-t
2017-12-31,-0.001657985810613669,-0.001657985810613669,3,3,Student-t
2018-01-31,-0.018028050475816817,-0.027042075713725224,2,3,Student-t
2018-02-28,0.038320048533136176,0.05748007279970427,2,3,Student-t
2018-03-31,-0.0010723023278778816,-0.0010723023278778816,3,3,Student-t
2018-04-30,-0.008780712216287368,-0.008780712216287368,3,3,Student-t
2018-05-31,0.021533107688989552,0.021533107688989552,3,3,Student-t
2018-06-30,-0.01609497681439077,-0.024142465221586154,2,3,Student-t
2018-07-31,-0.0057680940241221735,-0.00865214103618326,2,3,Student-t
2018-08-31,0.02518686995357969,0.03778030493036954,2,3,Student-t
2018-09-30,-0.007324686987978638,-0.007324686987978638,3,3,Student-t
2018-10-31,0.0396077827336263,0.0396077827336263,3,3,Student-t
2018-11-30,0.06293552282886943,0.06293552282886943,3,3,Student-t
2018-12-31,-0.003983137240888374,-0.003983137240888374,3,3,Student-t
2019-01-31,0.015968317606707718,0.015968317606707718,3,3,Student-t
2019-02-28,0.0006717221821344151,0.0010075832732016226,2,3,Student-t
2019-03-31,-0.007941123788246256,-0.011911685682369385,2,3,Student-t
2019-04-30,-0.020481956902760626,-0.03072293535414094,2,3,Student-t
2019-05-31,0.021366552664153025,0.03204982899622954,2,3,Student-t
2019-06-30,-0.04739017851947704,-0.07108526777921556,2,3,Student-t
2019-07-31,-0.0014538030708776868,-0.0014538030708776868,3,3,Student-t
2019-08-31,0.02577592030534881,0.02577592030534881,3,3,Student-t
2019-09-30,-0.009161389338299089,-0.009161389338299089,3,3,Student-t
2019-10-31,0.014946236150282293,0.014946236150282293,3,3,Student-t
2019-11-30,-0.015486166458110741,-0.015486166458110741,3,3,Student-t
2019-12-31,-0.03897454400711067,-0.03897454400711067,3,3,Student-t
2020-01-31,0.012044166781418392,0.012044166781418392,3,3,Student-t
2020-02-29,-0.014969704465272104,-0.014969704465272104,3,3,Student-t
2020-03-31,0.015234190190058512,0.015234190190058512,3,3,Student-t
2020-04-30,-0.0104931212190702,-0.0104931212190702,3,3,Student-t
2020-05-31,-0.00338620257814893,-0.00338620257814893,3,3,Student-t
2020-06-30,0.04219531902126694,0.04219531902126694,3,3,Student-t
2020-07-31,0.04616919653332716,0.04616919653332716,3,3,Student-t
2020-08-31,0.02924159330871001,0.02924159330871001,3,3,Student-t
2020-09-30,0.021705609868582183,0.021705609868582183,3,3,Student-t
2020-10-31,-0.07528091744195581,-0.07528091744195581,3,3,Student-t
2020-11-30,0.004906556316927948,0.004906556316927948,3,3,Student-t
2020-12-31,0.02973052950352263,0.02973052950352263,3,3,Student-t
2021-01-31,0.01903122520686919,0.01903122520686919,3,3,Student-t
2021-02-28,-0.06188922695442075,-0.06188922695442075,3,3,Student-t
2021-03-31,-0.033606757259472236,-0.033606757259472236,3,3,Student-t
2021-04-30,-0.03515757435622542,-0.03515757435622542,3,3,Student-t
2021-05-31,-0.029316789311779015,-0.029316789311779015,3,3,Student-t
2021-06-30,0.021876005855790415,0.021876005855790415,3,3,Student-t
2021-07-31,0.00555899291219492,0.00555899291219492,3,3,Student-t
2021-08-31,0.00918817874466877,0.013782268117003154,2,3,Student-t
2021-09-30,0.009851433988676108,0.014777150983014162,2,3,Student-t
2021-10-31,0.006475484589255062,0.009713226883882594,2,3,Student-t
2021-11-30,-0.013941761868573063,-0.020912642802859593,2,3,Student-t
2021-12-31,-0.017785505390482004,-0.02667825808572301,2,3,Student-t
2022-01-31,-0.01608808867241777,-0.01608808867241777,3,3,Student-t
2022-02-28,0.014983570795639037,0.022475356193458557,2,3,Student-t
2022-03-31,0.007444008053275935,0.011166012079913903,2,3,Student-t
2022-04-30,-0.04840149758623502,-0.07260224637935253,2,3,Student-t
2022-05-31,-0.021482884282950792,-0.032224326424426186,2,3,Student-t
2022-06-30,-0.0369426166029912,-0.0554139249044868,2,3,Student-t
2022-07-31,-0.062461807577933265,-0.062461807577933265,3,3,Student-t
2022-08-31,0.0019390177077062713,0.0019390177077062713,3,3,Student-t
2022-09-30,0.013246519533699137,0.013246519533699137,3,3,Student-t
2022-10-31,-0.016070898672927037,-0.016070898672927037,3,3,Student-t
2022-11-30,0.019721283206023375,0.019721283206023375,3,3,Student-t
2022-12-31,-0.004353374804730491,-0.006530062207095736,2,3,Student-t
2023-01-31,-0.004168172609904419,-0.004168172609904419,3,3,Student-t
2023-02-28,0.03420087994516042,0.03420087994516042,3,3,Student-t
2023-03-31,-0.019017526609061353,-0.019017526609061353,3,3,Student-t
2023-04-30,-0.016802236338840065,-0.016802236338840065,3,3,Student-t
2023-05-31,-0.03718338799434059,-0.03718338799434059,3,3,Student-t
2023-06-30,0.027277315921307877,0.027277315921307877,3,3,Student-t
2023-07-31,-0.011787891985046782,-0.011787891985046782,3,3,Student-t
2023-08-31,-0.038983148367086634,-0.038983148367086634,3,3,Student-t
2023-09-30,-0.018726741323295864,-0.018726741323295864,3,3,Student-t
2023-10-31,-0.0027320764702928567,-0.0027320764702928567,3,3,Student-t
2023-11-30,0.0010409306751030963,0.0010409306751030963,3,3,Student-t
2023-12-31,-0.013653903423654122,-0.013653903423654122,3,3,Student-t
2024-01-31,-0.022935199681515858,-0.022935199681515858,3,3,Student-t
2024-02-29,0.011051996462081605,0.011051996462081605,3,3,Student-t
2024-03-31,-0.048009408806622626,-0.048009408806622626,3,3,Student-t
2024-04-30,-0.033572343430706,-0.033572343430706,3,3,Student-t
2024-05-31,0.002508409865190656,0.002508409865190656,3,3,Student-t
2024-06-30,0.001126568941059247,0.001126568941059247,3,3,Student-t
2024-07-31,-0.0024449676616505023,-0.0024449676616505023,3,3,Student-t
2024-08-31,-0.03714764145981141,-0.03714764145981141,3,3,Student-t
2024-09-30,-0.02606614527839697,-0.02606614527839697,3,3,Student-t
2024-10-31,0.04223371935645346,0.04223371935645346,3,3,Student-t
2024-11-30,-0.024444438691325746,-0.024444438691325746,3,3,Student-t
2024-12-31,0.0281779702457275,0.0281779702457275,3,3,Student-t
2025-01-31,0.015054774150542585,0.015054774150542585,3,3,Student-t
2025-02-28,0.0796840449936578,0.0796840449936578,3,3,Student-t
2025-03-31,-0.021589460552584882,-0.03238419082887732,2,3,Student-t
2025-04-30,-0.007542161495812798,-0.011313242243719197,2,3,Student-t
2025-05-31,-0.006925052140508608,-0.010387578210762912,2,3,Student-t
2025-06-30,-0.030478183671325865,-0.0457172755069888,2,3,Student-t
2025-07-31,-0.04419946697213307,-0.04419946697213307,3,3,Student-t
2025-08-31,-0.0071476945831720415,-0.0071476945831720415,3,3,Student-t
2025-09-30,0.009406393576013704,0.009406393576013704,3,3,Student-t
2025-10-31,-0.019185971506132854,-0.019185971506132854,3,3,Student-t
2025-11-30,-0.04699252851783519,-0.04699252851783519,3,3,Student-t
2025-12-31,-0.011322053569035049,-0.011322053569035049,3,3,Student-t
2006-01-31,0.013283145052623478,0.013283145052623478,3,3,Clayton
2006-02-28,0.006823525213512464,0.006823525213512464,3,3,Clayton
2006-03-31,0.00355900068816797,0.005338501032251955,2,3,Clayton
2006-04-30,-9.120406906053605e-06,-1.3680610359080407e-05,2,3,Clayton
2006-05-31,-0.006120732508510231,-0.009181098762765346,2,3,Clayton
2006-06-30,0.012827276688100851,0.019240915032151275,2,3,Clayton
2006-07-31,-0.027721371905472095,-0.027721371905472095,3,3,Clayton
2006-08-31,-0.015817841888090284,-0.015817841888090284,3,3,Clayton
2006-09-30,-0.025120918286756097,-0.025120918286756097,3,3,Clayton
2006-10-31,0.04373420213182535,0.06560130319773802,2,3,Clayton
2006-11-30,-0.047935841913001986,-0.14380752573900596,1,3,Clayton
2006-12-31,0.014135180857214977,0.04240554257164493,1,3,Clayton
2007-01-31,0.014469199627547336,0.014469199627547336,3,3,Clayton
2007-02-28,0.03102333659813844,0.03102333659813844,3,3,Clayton
2007-03-31,-0.005198246798670764,-0.005198246798670764,3,3,Clayton
2007-04-30,-0.003278315989850952,-0.003278315989850952,3,3,Clayton
2007-05-31,-0.05571059477821602,-0.05571059477821602,3,3,Clayton
2007-06-30,0.01396348726636388,0.01396348726636388,3,3,Clayton
2007-07-31,0.019888022829677745,0.019888022829677745,3,3,Clayton
2007-08-31,0.023194470625411145,0.023194470625411145,3,3,Clayton
2007-09-30,0.008377113578121797,0.008377113578121797,3,3,Clayton
2007-10-31,0.0006075424514837973,0.0018226273544513917,1,3,Clayton
2007-11-30,0.001313290609200121,0.003939871827600363,1,3,Clayton
2007-12-31,0.0,,0,3,Clayton
2008-01-31,-0.007215885569596251,-0.010823828354394377,2,3,Clayton
2008-02-29,-0.03136100038675471,-0.04704150058013207,2,3,Clayton
2008-03-31,-0.038773545306674796,-0.038773545306674796,3,3,Clayton
2008-04-30,0.022943131184771984,0.03441469677715798,2,3,Clayton
2008-05-31,-0.05382540447356552,-0.08073810671034828,2,3,Clayton
2008-06-30,0.012340133128839347,0.012340133128839347,3,3,Clayton
2008-07-31,0.009723846162677153,0.009723846162677153,3,3,Clayton
2008-08-31,0.028075395273053777,0.042113092909580666,2,3,Clayton
2008-09-30,-0.019404023629084704,-0.029106035443627058,2,3,Clayton
2008-10-31,0.01859547210434369,0.01859547210434369,3,3,Clayton
2008-11-30,0.021656119631488835,0.021656119631488835,3,3,Clayton
2008-12-31,-0.02728588688397134,-0.04092883032595701,2,3,Clayton
2009-01-31,-0.04249743072742571,-0.04249743072742571,3,3,Clayton
2009-02-28,-0.0337146077507375,-0.0337146077507375,3,3,Clayton
2009-03-31,0.002167282626162097,0.0032509239392431452,2,3,Clayton
2009-04-30,0.004174138027764975,0.006261207041647463,2,3,Clayton
2009-05-31,-0.004020654154814813,-0.01206196246444444,1,3,Clayton
2009-06-30,-0.001987934110649669,-0.005963802331949007,1,3,Clayton
2009-07-31,0.0035483255012070084,0.0035483255012070084,3,3,Clayton
2009-08-31,0.004045546152656129,0.004045546152656129,3,3,Clayton
2009-09-30,-0.004296225073775536,-0.004296225073775536,3,3,Clayton
2009-10-31,0.003146233791254781,0.0047193506868821716,2,3,Clayton
2009-11-30,-0.011497112001140215,-0.01724566800171032,2,3,Clayton
2009-12-31,-0.0003628261028661226,-0.0005442391542991839,2,3,Clayton
2010-01-31,-0.017754386359648953,-0.017754386359648953,3,3,Clayton
2010-02-28,-0.016064806978958752,-0.016064806978958752,3,3,Clayton
2010-03-31,-0.0308464792812386,-0.0308464792812386,3,3,Clayton
2010-04-30,-0.067685205666924,-0.067685205666924,3,3,Clayton
2010-05-31,0.005374749827998898,0.005374749827998898,3,3,Clayton
2010-06-30,-0.010400926926332934,-0.010400926926332934,3,3,Clayton
2010-07-31,0.014396975848569677,0.021595463772854515,2,3,Clayton
2010-08-31,-0.00020867720918344977,-0.00020867720918344977,3,3,Clayton
2010-09-30,0.008107343711894472,0.008107343711894472,3,3,Clayton
2010-10-31,-0.04868288749299565,-0.04868288749299565,3,3,Clayton
2010-11-30,0.05680269554076669,0.08520404331115003,2,3,Clayton
2010-12-31,-0.006975129642793639,-0.006975129642793639,3,3,Clayton
2011-01-31,-0.011694053877265182,-0.017541080815897774,2,3,Clayton
2011-02-28,0.014429999625331974,0.014429999625331974,3,3,Clayton
2011-03-31,0.005271630665621423,0.005271630665621423,3,3,Clayton
2011-04-30,0.03924603305059838,0.03924603305059838,3,3,Clayton
2011-05-31,0.0070580331019614445,0.0070580331019614445,3,3,Clayton
2011-06-30,-0.011535812858547692,-0.011535812858547692,3,3,Clayton
2011-07-31,-0.026424051399162648,-0.03963607709874397,2,3,Clayton
2011-08-31,0.005255346718465031,0.007883020077697546,2,3,Clayton
2011-09-30,0.004318193239761583,0.012954579719284747,1,3,Clayton
2011-10-31,0.0,,0,3,Clayton
2011-11-30,0.0,,0,3,Clayton
2011-12-31,0.0010654559831852828,0.0031963679495558483,1,3,Clayton
2012-01-31,-0.04746940831069499,-0.04746940831069499,3,3,Clayton
2012-02-29,-0.05879500443467156,-0.05879500443467156,3,3,Clayton
2012-03-31,-0.026715232394203203,-0.026715232394203203,3,3,Clayton
2012-04-30,-0.004691728917579403,-0.004691728917579403,3,3,Clayton
2012-05-31,-0.009010523849237055,-0.009010523849237055,3,3,Clayton
2012-06-30,-0.01597422675465769,-0.01597422675465769,3,3,Clayton
2012-07-31,0.008824667378897378,0.008824667378897378,3,3,Clayton
2012-08-31,-0.013453610202519598,-0.013453610202519598,3,3,Clayton
2012-09-30,-0.019872974323784442,-0.019872974323784442,3,3,Clayton
2012-10-31,-0.020787950510357284,-0.020787950510357284,3,3,Clayton
2012-11-30,-0.021455444529408726,-0.021455444529408726,3,3,Clayton
2012-12-31,-0.033342339575220495,-0.033342339575220495,3,3,Clayton
2013-01-31,0.009674436992219327,0.009674436992219327,3,3,Clayton
2013-02-28,-0.03536719764786297,-0.03536719764786297,3,3,Clayton
2013-03-31,0.00705230909526984,0.00705230909526984,3,3,Clayton
2013-04-30,0.01482730025334267,0.01482730025334267,3,3,Clayton
2013-05-31,-0.011784046475920141,-0.01767606971388021,2,3,Clayton
2013-06-30,-0.048312456131415944,-0.07246868419712392,2,3,Clayton
2013-07-31,-0.007503893389412226,-0.007503893389412226,3,3,Clayton
2013-08-31,-0.05553301649565109,-0.05553301649565109,3,3,Clayton
2013-09-30,0.022144941530622644,0.022144941530622644,3,3,Clayton
2013-10-31,0.0232616083173617,0.0232616083173617,3,3,Clayton
2013-11-30,-0.004110913373226729,-0.004110913373226729,3,3,Clayton
2013-12-31,0.025204341633968345,0.025204341633968345,3,3,Clayton
2014-01-31,0.024564070809637833,0.024564070809637833,3,3,Clayton
2014-02-28,0.011063005374955047,0.011063005374955047,3,3,Clayton
2014-03-31,-0.03490578399968339,-0.03490578399968339,3,3,Clayton
2014-04-30,-0.055303835724399474,-0.055303835724399474,3,3,Clayton
2014-05-31,0.01447637665677167,0.01447637665677167,3,3,Clayton
2014-06-30,0.005212733165144356,0.005212733165144356,3,3,Clayton
2014-07-31,-0.006031775651484245,-0.006031775651484245,3,3,Clayton
2014-08-31,-0.012113051209004105,-0.012113051209004105,3,3,Clayton
2014-09-30,0.0053213413287419116,0.0053213413287419116,3,3,Clayton
2014-10-31,0.02211336506234907,0.02211336506234907,3,3,Clayton
2014-11-30,-0.03854891755579761,-0.03854891755579761,3,3,Clayton
2014-12-31,0.018784376354184746,0.018784376354184746,3,3,Clayton
2015-01-31,0.02390210989209078,0.02390210989209078,3,3,Clayton
2015-02-28,0.015348367681397175,0.02302255152209576,2,3,Clayton
2015-03-31,0.004627129389188067,0.0138813881675642,1,3,Clayton
2015-04-30,-0.014283423553443022,-0.042850270660329065,1,3,Clayton
2015-05-31,0.007716644825778173,0.01157496723866726,2,3,Clayton
2015-06-30,0.0056853814825781465,0.00852807222386722,2,3,Clayton
2015-07-31,-0.07421498016191307,-0.07421498016191307,3,3,Clayton
2015-08-31,-0.011481060412176848,-0.011481060412176848,3,3,Clayton
2015-09-30,0.0009980511137379772,0.0009980511137379772,3,3,Clayton
2015-10-31,0.0003457259965838104,0.0003457259965838104,3,3,Clayton
2015-11-30,-0.0178594275988913,-0.05357828279667389,1,3,Clayton
2015-12-31,-0.04354712456127563,-0.1306413736838269,1,3,Clayton
2016-01-31,0.0448716133758337,0.0448716133758337,3,3,Clayton
2016-02-29,0.012201507192791615,0.012201507192791615,3,3,Clayton
2016-03-31,-0.04036995126316676,-0.04036995126316676,3,3,Clayton
2016-04-30,0.040922458628649044,0.040922458628649044,3,3,Clayton
2016-05-31,-0.009196293804860338,-0.009196293804860338,3,3,Clayton
2016-06-30,0.006510745383691659,0.006510745383691659,3,3,Clayton
2016-07-31,0.012709033317165386,0.012709033317165386,3,3,Clayton
2016-08-31,-0.0016799654527070134,-0.0016799654527070134,3,3,Clayton
2016-09-30,-0.0020927652399868007,-0.0031391478599802013,2,3,Clayton
2016-10-31,0.004518303522083989,0.0067774552831259835,2,3,Clayton
2016-11-30,-0.004052200843883123,-0.01215660253164937,1,3,Clayton
2016-12-31,-0.011847803563930441,-0.01777170534589566,2,3,Clayton
2017-01-31,0.006245121582938637,0.006245121582938637,3,3,Clayton
2017-02-28,-0.005010362441360729,-0.005010362441360729,3,3,Clayton
2017-03-31,-0.015266386047974192,-0.015266386047974192,3,3,Clayton
2017-04-30,-0.010873188628624736,-0.010873188628624736,3,3,Clayton
2017-05-31,-0.01838528837068187,-0.027577932556022807,2,3,Clayton
2017-06-30,0.012166385945715216,0.012166385945715216,3,3,Clayton
2017-07-31,-0.017484258001980543,-0.026226387002970815,2,3,Clayton
2017-08-31,-0.0010136621892115002,-0.0010136621892115002,3,3,Clayton
2017-09-30,0.017824063478037968,0.017824063478037968,3,3,Clayton
2017-10-31,0.01476278641074647,0.01476278641074647,3,3,Clayton
2017-11-30,-0.011783295572636264,-0.017674943358954396,2,3,Clayton
2017-12-31,-0.001237857413281522,-0.001237857413281522,3,3,Clayton
2018-01-31,-0.017677305378890076,-0.026515958068335115,2,3,Clayton
2018-02-28,0.03681985165305055,0.11045955495915166,1,3,Clayton
2018-03-31,0.0,,0,3,Clayton
2018-04-30,0.0,,0,3,Clayton
2018-05-31,0.0,,0,3,Clayton
2018-06-30,0.0,,0,3,Clayton
2018-07-31,-0.00044933358345247807,-0.0013480007503574342,1,3,Clayton
2018-08-31,-0.011235030320786118,-0.016852545481179176,2,3,Clayton
2018-09-30,-0.0078020829895419155,-0.0078020829895419155,3,3,Clayton
2018-10-31,0.03675771309825788,0.05513656964738682,2,3,Clayton
2018-11-30,0.055529647777192694,0.08329447166578904,2,3,Clayton
2018-12-31,0.017115643811930127,0.017115643811930127,3,3,Clayton
2019-01-31,0.012924447944010146,0.012924447944010146,3,3,Clayton
2019-02-28,0.0050663755886987925,0.007599563383048189,2,3,Clayton
2019-03-31,-0.0037023691041607808,-0.005553553656241171,2,3,Clayton
2019-04-30,-0.019743651408921047,-0.029615477113381573,2,3,Clayton
2019-05-31,0.013559110602057195,0.020338665903085792,2,3,Clayton
2019-06-30,-0.049203386619169155,-0.07380507992875374,2,3,Clayton
2019-07-31,-0.0013563125862015152,-0.0013563125862015152,3,3,Clayton
2019-08-31,0.027908535371972163,0.027908535371972163,3,3,Clayton
2019-09-30,-0.005613961634749685,-0.008420942452124528,2,3,Clayton
2019-10-31,0.03290629195723976,0.04935943793585964,2,3,Clayton
2019-11-30,-0.0018479677113950037,-0.005543903134185011,1,3,Clayton
2019-12-31,-0.0012420992973368593,-0.003726297892010578,1,3,Clayton
2020-01-31,-0.015746320683788884,-0.015746320683788884,3,3,Clayton
2020-02-29,-0.032892162343606375,-0.032892162343606375,3,3,Clayton
2020-03-31,0.02052478433783866,0.02052478433783866,3,3,Clayton
2020-04-30,0.0007638571497229421,0.0011457857245844132,2,3,Clayton
2020-05-31,-0.0010338348425606662,-0.0015507522638409993,2,3,Clayton
2020-06-30,-0.0037187091535699807,-0.005578063730354971,2,3,Clayton
2020-07-31,0.05302143688260122,0.05302143688260122,3,3,Clayton
2020-08-31,0.006831557721023986,0.006831557721023986,3,3,Clayton
2020-09-30,0.039510880423998786,0.039510880423998786,3,3,Clayton
2020-10-31,-0.07554208889145474,-0.07554208889145474,3,3,Clayton
2020-11-30,0.006922025499340108,0.006922025499340108,3,3,Clayton
2020-12-31,0.04221762311646457,0.1266528693493937,1,3,Clayton
2021-01-31,0.012698007721985184,0.012698007721985184,3,3,Clayton
2021-02-28,-0.05888121553433418,-0.05888121553433418,3,3,Clayton
2021-03-31,-0.033691957261495646,-0.033691957261495646,3,3,Clayton
2021-04-30,-0.033980496804285,-0.033980496804285,3,3,Clayton
2021-05-31,-0.02919984431115764,-0.02919984431115764,3,3,Clayton
2021-06-30,0.021949820633827433,0.021949820633827433,3,3,Clayton
2021-07-31,0.004379737277306788,0.004379737277306788,3,3,Clayton
2021-08-31,-0.011501314603586927,-0.01725197190538039,2,3,Clayton
2021-09-30,0.004370049157351479,0.006555073736027218,2,3,Clayton
2021-10-31,-0.005228108301268926,-0.00784216245190339,2,3,Clayton
2021-11-30,0.027315403367415697,0.040973105051123546,2,3,Clayton
2021-12-31,0.0030867783783852377,0.004630167567577856,2,3,Clayton
2022-01-31,-0.025090789709905695,-0.025090789709905695,3,3,Clayton
2022-02-28,0.012902899707272193,0.012902899707272193,3,3,Clayton
2022-03-31,0.014823033537423093,0.014823033537423093,3,3,Clayton
2022-04-30,-0.07585367437562172,-0.07585367437562172,3,3,Clayton
2022-05-31,-0.004036715773219956,-0.004036715773219956,3,3,Clayton
2022-06-30,-0.023335898598491545,-0.023335898598491545,3,3,Clayton
2022-07-31,-0.06855515211858347,-0.06855515211858347,3,3,Clayton
2022-08-31,0.00529814713547469,0.007947220703212035,2,3,Clayton
2022-09-30,0.010330710002237802,0.015496065003356704,2,3,Clayton
2022-10-31,-0.013913302654410023,-0.020869953981615036,2,3,Clayton
2022-11-30,0.040602185168361296,0.040602185168361296,3,3,Clayton
2022-12-31,0.011480996172066512,0.017221494258099768,2,3,Clayton
2023-01-31,-0.004337753651202471,-0.004337753651202471,3,3,Clayton
2023-02-28,-0.005196789546274631,-0.007795184319411946,2,3,Clayton
2023-03-31,-0.005192560753977517,-0.005192560753977517,3,3,Clayton
2023-04-30,-0.01760066921552578,-0.01760066921552578,3,3,Clayton
2023-05-31,-0.037585431265275866,-0.037585431265275866,3,3,Clayton
2023-06-30,0.02342331740471539,0.02342331740471539,3,3,Clayton
2023-07-31,-0.018588462041096376,-0.018588462041096376,3,3,Clayton
2023-08-31,-0.037248338647368026,-0.037248338647368026,3,3,Clayton
2023-09-30,-0.018551927898784265,-0.018551927898784265,3,3,Clayton
2023-10-31,-0.0026844563411991215,-0.0026844563411991215,3,3,Clayton
2023-11-30,0.0007833534002805974,0.0007833534002805974,3,3,Clayton
2023-12-31,-0.013749085549222504,-0.013749085549222504,3,3,Clayton
2024-01-31,-0.01864948678545081,-0.01864948678545081,3,3,Clayton
2024-02-29,0.006363680762016187,0.006363680762016187,3,3,Clayton
2024-03-31,-0.047361010410912785,-0.047361010410912785,3,3,Clayton
2024-04-30,-0.06044954063872086,-0.06044954063872086,3,3,Clayton
2024-05-31,-0.0004164386950419018,-0.0004164386950419018,3,3,Clayton
2024-06-30,0.00024826213555999055,0.00024826213555999055,3,3,Clayton
2024-07-31,0.0038405408207341876,0.0038405408207341876,3,3,Clayton
2024-08-31,-0.024353579459235313,-0.03653036918885297,2,3,Clayton
2024-09-30,-0.02593432738101299,-0.03890149107151948,2,3,Clayton
2024-10-31,0.05014043622596013,0.0752106543389402,2,3,Clayton
2024-11-30,-0.02084038097206652,-0.06252114291619956,1,3,Clayton
2024-12-31,0.016715157693078173,0.05014547307923452,1,3,Clayton
2025-01-31,-0.02519891850573257,-0.02519891850573257,3,3,Clayton
2025-02-28,0.08204807434126209,0.08204807434126209,3,3,Clayton
2025-03-31,-0.004454899388844855,-0.006682349083267283,2,3,Clayton
2025-04-30,0.006016768256063953,0.018050304768191857,1,3,Clayton
2025-05-31,-0.007617545511324743,-0.011426318266987114,2,3,Clayton
2025-06-30,-0.031725730998085115,-0.04758859649712767,2,3,Clayton
2025-07-31,-0.038827048862678064,-0.038827048862678064,3,3,Clayton
2025-08-31,-0.0035930782182497325,-0.0035930782182497325,3,3,Clayton
2025-09-30,0.009798494138228081,0.009798494138228081,3,3,Clayton
2025-10-31,-0.018662924107674065,-0.018662924107674065,3,3,Clayton
2025-11-30,-0.046454601579438086,-0.046454601579438086,3,3,Clayton
2025-12-31,-0.012456296322095503,-0.012456296322095503,3,3,Clayton
2006-01-31,0.008089020662710887,0.008089020662710887,3,3,Frank
2006-02-28,0.004709426381658526,0.004709426381658526,3,3,Frank
2006-03-31,0.009210938458669384,0.013816407688004075,2,3,Frank
2006-04-30,0.0007134135824331719,0.0010701203736497578,2,3,Frank
2006-05-31,-0.006293026235694021,-0.009439539353541032,2,3,Frank
2006-06-30,0.012568380707510894,0.01885257106126634,2,3,Frank
2006-07-31,-0.050627621850979874,-0.050627621850979874,3,3,Frank
2006-08-31,-0.015859474734319652,-0.015859474734319652,3,3,Frank
2006-09-30,-0.023973122241614218,-0.023973122241614218,3,3,Frank
2006-10-31,0.03673237465689604,0.03673237465689604,3,3,Frank
2006-11-30,-0.049737675807283784,-0.14921302742185136,1,3,Frank
2006-12-31,0.015410460386308474,0.02311569057946271,2,3,Frank
2007-01-31,0.023885162575551473,0.023885162575551473,3,3,Frank
2007-02-28,0.015839655608446364,0.015839655608446364,3,3,Frank
2007-03-31,-0.0007951605543738775,-0.0007951605543738775,3,3,Frank
2007-04-30,0.0017925560833099558,0.0017925560833099558,3,3,Frank
2007-05-31,-0.050860538064782836,-0.050860538064782836,3,3,Frank
2007-06-30,0.016157320669637803,0.016157320669637803,3,3,Frank
2007-07-31,0.04108292007659129,0.04108292007659129,3,3,Frank
2007-08-31,-0.015718019445235338,-0.015718019445235338,3,3,Frank
2007-09-30,0.031920788669214654,0.031920788669214654,3,3,Frank
2007-10-31,0.01039378656301635,0.015590679844524525,2,3,Frank
2007-11-30,0.019057083662677495,0.05717125098803249,1,3,Frank
2007-12-31,0.024111368150575543,0.03616705222586331,2,3,Frank
2008-01-31,-0.007547553265628077,-0.011321329898442116,2,3,Frank
2008-02-29,-0.024691182463581124,-0.037036773695371686,2,3,Frank
2008-03-31,-0.009587665709801201,-0.014381498564701802,2,3,Frank
2008-04-30,0.01108830318423918,0.01108830318423918,3,3,Frank
2008-05-31,-0.05185718667677023,-0.05185718667677023,3,3,Frank
2008-06-30,0.014028949356175392,0.014028949356175392,3,3,Frank
2008-07-31,-0.01665067216298909,-0.01665067216298909,3,3,Frank
2008-08-31,0.016250289291931466,0.016250289291931466,3,3,Frank
2008-09-30,0.01382252814632587,0.01382252814632587,3,3,Frank
2008-10-31,-0.009265350797990313,-0.01389802619698547,2,3,Frank
2008-11-30,0.0,,0,3,Frank
2008-12-31,-0.00036122897606459016,-0.0010836869281937705,1,3,Frank
2009-01-31,-0.05733720909861744,-0.05733720909861744,3,3,Frank
2009-02-28,-0.02912646739987833,-0.02912646739987833,3,3,Frank
2009-03-31,0.04203583461489255,0.04203583461489255,3,3,Frank
2009-04-30,0.002885768927426593,0.00432865339113989,2,3,Frank
2009-05-31,0.017476343484370178,0.02621451522655527,2,3,Frank
2009-06-30,-0.010058738499292513,-0.01508810774893877,2,3,Frank
2009-07-31,-0.018015273077373693,-0.018015273077373693,3,3,Frank
2009-08-31,-0.006390106206817498,-0.006390106206817498,3,3,Frank
2009-09-30,-1.8283852115705847e-05,-1.8283852115705847e-05,3,3,Frank
2009-10-31,0.0086938463885419,0.0086938463885419,3,3,Frank
2009-11-30,-0.016227488473146482,-0.016227488473146482,3,3,Frank
2009-12-31,0.0046877337887658655,0.0046877337887658655,3,3,Frank
2010-01-31,0.001180872868323428,0.001180872868323428,3,3,Frank
2010-02-28,-0.002730691596552323,-0.004096037394828484,2,3,Frank
2010-03-31,-0.03828736008952245,-0.03828736008952245,3,3,Frank
2010-04-30,-0.07393136419204525,-0.07393136419204525,3,3,Frank
2010-05-31,0.0015722011635504116,0.0023583017453256173,2,3,Frank
2010-06-30,-0.005430355267639415,-0.008145532901459123,2,3,Frank
2010-07-31,0.007523858428553514,0.007523858428553514,3,3,Frank
2010-08-31,-0.00020867720918344977,-0.00020867720918344977,3,3,Frank
2010-09-30,0.00501197975775064,0.00501197975775064,3,3,Frank
2010-10-31,-0.04868863457479442,-0.04868863457479442,3,3,Frank
2010-11-30,0.0564658783573544,0.0564658783573544,3,3,Frank
2010-12-31,-0.006870570364978641,-0.006870570364978641,3,3,Frank
2011-01-31,-0.011985770175288395,-0.011985770175288395,3,3,Frank
2011-02-28,0.0098703974068597,0.0098703974068597,3,3,Frank
2011-03-31,-0.002543821948320737,-0.002543821948320737,3,3,Frank
2011-04-30,0.0032953311685371945,0.0032953311685371945,3,3,Frank
2011-05-31,-0.0010197984717254269,-0.0010197984717254269,3,3,Frank
2011-06-30,-0.007090201297986411,-0.007090201297986411,3,3,Frank
2011-07-31,-0.027112956714642613,-0.04066943507196392,2,3,Frank
2011-08-31,0.002856287890208005,0.002856287890208005,3,3,Frank
2011-09-30,-0.03229103822804026,-0.04843655734206039,2,3,Frank
2011-10-31,0.019957179744661945,0.029935769616992916,2,3,Frank
2011-11-30,-0.03232496894926215,-0.048487453423893226,2,3,Frank
2011-12-31,0.001042251249209896,0.001042251249209896,3,3,Frank
2012-01-31,-0.04746940831069499,-0.04746940831069499,3,3,Frank
2012-02-29,-0.05879500443467156,-0.05879500443467156,3,3,Frank
2012-03-31,-0.026715232394203203,-0.026715232394203203,3,3,Frank
2012-04-30,-0.004691728917579403,-0.004691728917579403,3,3,Frank
2012-05-31,-0.009010523849237055,-0.009010523849237055,3,3,Frank
2012-06-30,-0.01597422675465769,-0.01597422675465769,3,3,Frank
2012-07-31,0.00635677939423817,0.00635677939423817,3,3,Frank
2012-08-31,-0.003706830216329051,-0.003706830216329051,3,3,Frank
2012-09-30,-0.020873318614683764,-0.020873318614683764,3,3,Frank
2012-10-31,-0.015587192839180515,-0.015587192839180515,3,3,Frank
2012-11-30,-0.022890533746750152,-0.022890533746750152,3,3,Frank
2012-12-31,-0.03291675767811195,-0.03291675767811195,3,3,Frank
2013-01-31,0.0004128336328000255,0.0004128336328000255,3,3,Frank
2013-02-28,-0.03025167540028183,-0.03025167540028183,3,3,Frank
2013-03-31,0.010015555179549952,0.010015555179549952,3,3,Frank
2013-04-30,-0.03252822509451842,-0.03252822509451842,3,3,Frank
2013-05-31,-0.011123031177318209,-0.011123031177318209,3,3,Frank
2013-06-30,-0.06671347129327808,-0.06671347129327808,3,3,Frank
2013-07-31,-0.003928099541462443,-0.003928099541462443,3,3,Frank
2013-08-31,-0.05642459552999321,-0.05642459552999321,3,3,Frank
2013-09-30,0.02515022379926296,0.02515022379926296,3,3,Frank
2013-10-31,0.01865131993127246,0.01865131993127246,3,3,Frank
2013-11-30,-0.0088141463342225,-0.0088141463342225,3,3,Frank
2013-12-31,0.01594617085133714,0.01594617085133714,3,3,Frank
2014-01-31,0.016452128322122676,0.016452128322122676,3,3,Frank
2014-02-28,-0.0035107746666876286,-0.0035107746666876286,3,3,Frank
2014-03-31,-0.009592808838852272,-0.009592808838852272,3,3,Frank
2014-04-30,-0.007269662988791249,-0.007269662988791249,3,3,Frank
2014-05-31,0.028136766872352763,0.028136766872352763,3,3,Frank
2014-06-30,-0.002475775541364312,-0.0037136633120464675,2,3,Frank
2014-07-31,-0.015371358605275961,-0.015371358605275961,3,3,Frank
2014-08-31,-0.013409495195644052,-0.013409495195644052,3,3,Frank
2014-09-30,0.005168625760802296,0.005168625760802296,3,3,Frank
2014-10-31,0.04628008109429688,0.04628008109429688,3,3,Frank
2014-11-30,-0.04789235436748835,-0.04789235436748835,3,3,Frank
2014-12-31,0.024374777391194025,0.024374777391194025,3,3,Frank
2015-01-31,0.018118744929133766,0.018118744929133766,3,3,Frank
2015-02-28,-0.011027930271737261,-0.011027930271737261,3,3,Frank
2015-03-31,0.003968680057063404,0.003968680057063404,3,3,Frank
2015-04-30,-0.01882497058308926,-0.01882497058308926,3,3,Frank
2015-05-31,0.0014675616128930688,0.0014675616128930688,3,3,Frank
2015-06-30,0.007394442358885633,0.007394442358885633,3,3,Frank
2015-07-31,-0.06750947707793262,-0.06750947707793262,3,3,Frank
2015-08-31,-0.011847393357697791,-0.011847393357697791,3,3,Frank
2015-09-30,0.001208280123360827,0.001208280123360827,3,3,Frank
2015-10-31,-0.016191813415550156,-0.016191813415550156,3,3,Frank
2015-11-30,-0.0295763369085978,-0.0295763369085978,3,3,Frank
2015-12-31,-0.04497700010249258,-0.04497700010249258,3,3,Frank
2016-01-31,0.0024591891706851926,0.0024591891706851926,3,3,Frank
2016-02-29,-0.0029470623632646374,-0.004420593544896956,2,3,Frank
2016-03-31,-0.0361679089069353,-0.0361679089069353,3,3,Frank
2016-04-30,0.040075092378089726,0.040075092378089726,3,3,Frank
2016-05-31,-0.01220921567942545,-0.01220921567942545,3,3,Frank
2016-06-30,0.0019037165086790246,0.0019037165086790246,3,3,Frank
2016-07-31,0.011919220740971806,0.011919220740971806,3,3,Frank
2016-08-31,0.003717618898953197,0.003717618898953197,3,3,Frank
2016-09-30,-0.0004050365629313336,-0.0004050365629313336,3,3,Frank
2016-10-31,-0.0006248406310310085,-0.0006248406310310085,3,3,Frank
2016-11-30,-0.005005392039175814,-0.005005392039175814,3,3,Frank
2016-12-31,-0.0009634126957601147,-0.0009634126957601147,3,3,Frank
2017-01-31,0.021443860444265,0.021443860444265,3,3,Frank
2017-02-28,-0.0020304207577786157,-0.0030456311366679235,2,3,Frank
2017-03-31,-0.02020294316081769,-0.02020294316081769,3,3,Frank
2017-04-30,-0.025005253803879274,-0.025005253803879274,3,3,Frank
2017-05-31,-0.018708208753689743,-0.018708208753689743,3,3,Frank
2017-06-30,0.005123107576672298,0.005123107576672298,3,3,Frank
2017-07-31,-0.020745783395942068,-0.020745783395942068,3,3,Frank
2017-08-31,-0.017990826703704835,-0.017990826703704835,3,3,Frank
2017-09-30,0.020232708105060154,0.020232708105060154,3,3,Frank
2017-10-31,0.009382585282025008,0.009382585282025008,3,3,Frank
2017-11-30,-0.016658514226420684,-0.016658514226420684,3,3,Frank
2017-12-31,-0.0017267147843034233,-0.0017267147843034233,3,3,Frank
2018-01-31,-0.015591125328310737,-0.023386687992466106,2,3,Frank
2018-02-28,0.04001970616548989,0.06002955924823483,2,3,Frank
2018-03-31,0.002633961836660596,0.003950942754990894,2,3,Frank
2018-04-30,-0.0032683591909924655,-0.0049025387864886985,2,3,Frank
2018-05-31,0.019403547519101904,0.029105321278652854,2,3,Frank
2018-06-30,-0.016186828630886264,-0.024280242946329397,2,3,Frank
2018-07-31,0.004083857656604383,0.004083857656604383,3,3,Frank
2018-08-31,0.01676100590172717,0.025141508852590755,2,3,Frank
2018-09-30,-0.00730053455446274,-0.00730053455446274,3,3,Frank
2018-10-31,0.03197357016451218,0.03197357016451218,3,3,Frank
2018-11-30,0.056660882392092334,0.056660882392092334,3,3,Frank
2018-12-31,-0.010121815295861475,-0.010121815295861475,3,3,Frank
2019-01-31,0.00047932124595916607,0.00047932124595916607,3,3,Frank
2019-02-28,0.001070472745721693,0.0016057091185825395,2,3,Frank
2019-03-31,-0.00491564340756586,-0.0073734651113487905,2,3,Frank
2019-04-30,-0.019949173538267043,-0.029923760307400564,2,3,Frank
2019-05-31,0.022390683852900523,0.022390683852900523,3,3,Frank
2019-06-30,-0.0485830026849313,-0.0485830026849313,3,3,Frank
2019-07-31,-0.01715824309270922,-0.01715824309270922,3,3,Frank
2019-08-31,0.02992838030614044,0.02992838030614044,3,3,Frank
2019-09-30,-0.029449376785974975,-0.029449376785974975,3,3,Frank
2019-10-31,0.010407251610090531,0.010407251610090531,3,3,Frank
2019-11-30,-0.018321368397071464,-0.027482052595607195,2,3,Frank
2019-12-31,-0.045593159941001965,-0.045593159941001965,3,3,Frank
2020-01-31,0.010064663216164445,0.010064663216164445,3,3,Frank
2020-02-29,-0.016894324698156854,-0.016894324698156854,3,3,Frank
2020-03-31,-0.005156839699552142,-0.005156839699552142,3,3,Frank
2020-04-30,-0.007622114634561621,-0.007622114634561621,3,3,Frank
2020-05-31,-0.00463751383936118,-0.00463751383936118,3,3,Frank
2020-06-30,0.0426120350241358,0.0426120350241358,3,3,Frank
2020-07-31,0.04330692404455779,0.04330692404455779,3,3,Frank
2020-08-31,0.02008507956256954,0.02008507956256954,3,3,Frank
2020-09-30,0.02194606440255838,0.02194606440255838,3,3,Frank
2020-10-31,-0.07555146238542676,-0.07555146238542676,3,3,Frank
2020-11-30,0.0027812746712197784,0.0027812746712197784,3,3,Frank
2020-12-31,0.028744687192206065,0.028744687192206065,3,3,Frank
2021-01-31,0.03069609823848532,0.03069609823848532,3,3,Frank
2021-02-28,-0.05964103474853808,-0.05964103474853808,3,3,Frank
2021-03-31,-0.03354517776016454,-0.03354517776016454,3,3,Frank
2021-04-30,-0.03375639536829772,-0.03375639536829772,3,3,Frank
2021-05-31,-0.02918707451790418,-0.02918707451790418,3,3,Frank
2021-06-30,0.022058516637189135,0.022058516637189135,3,3,Frank
2021-07-31,0.010095260094679556,0.010095260094679556,3,3,Frank
2021-08-31,0.002021161938587868,0.0030317429078818023,2,3,Frank
2021-09-30,0.009477471115524464,0.014216206673286698,2,3,Frank
2021-10-31,0.016317569335567283,0.024476354003350922,2,3,Frank
2021-11-30,0.0020572440725927623,0.0030858661088891434,2,3,Frank
2021-12-31,-0.01987899127559948,-0.05963697382679844,1,3,Frank
2022-01-31,-0.01836764946018552,-0.01836764946018552,3,3,Frank
2022-02-28,0.026501671968813676,0.026501671968813676,3,3,Frank
2022-03-31,0.006363881588517507,0.009545822382776261,2,3,Frank
2022-04-30,-0.026854055787510652,-0.040281083681265976,2,3,Frank
2022-05-31,-0.019868642866053072,-0.029802964299079606,2,3,Frank
2022-06-30,-0.036172420012431664,-0.054258630018647495,2,3,Frank
2022-07-31,-0.06568036733217329,-0.06568036733217329,3,3,Frank
2022-08-31,0.005339566374485967,0.00800934956172895,2,3,Frank
2022-09-30,0.010330710002237802,0.015496065003356704,2,3,Frank
2022-10-31,-0.015477690480854511,-0.015477690480854511,3,3,Frank
2022-11-30,0.04201323607224971,0.04201323607224971,3,3,Frank
2022-12-31,-0.0032740086866707104,-0.0032740086866707104,3,3,Frank
2023-01-31,-0.006728648289841723,-0.006728648289841723,3,3,Frank
2023-02-28,0.037688236682781075,0.037688236682781075,3,3,Frank
2023-03-31,-0.018763706427524698,-0.018763706427524698,3,3,Frank
2023-04-30,-0.018422808194756824,-0.018422808194756824,3,3,Frank
2023-05-31,-0.042342576236770624,-0.042342576236770624,3,3,Frank
2023-06-30,0.02784955344442305,0.02784955344442305,3,3,Frank
2023-07-31,-0.020446128181094356,-0.020446128181094356,3,3,Frank
2023-08-31,-0.03792555326959346,-0.03792555326959346,3,3,Frank
2023-09-30,-0.01850187474515676,-0.01850187474515676,3,3,Frank
2023-10-31,1.200624089744445e-05,1.200624089744445e-05,3,3,Frank
2023-11-30,-0.0046459441133671784,-0.0046459441133671784,3,3,Frank
2023-12-31,-0.013897936253711317,-0.013897936253711317,3,3,Frank
2024-01-31,-0.03017783110439926,-0.03017783110439926,3,3,Frank
2024-02-29,0.015202799663297767,0.015202799663297767,3,3,Frank
2024-03-31,-0.039229405084415046,-0.039229405084415046,3,3,Frank
2024-04-30,-0.02628992862056775,-0.02628992862056775,3,3,Frank
2024-05-31,0.011881503479981933,0.011881503479981933,3,3,Frank
2024-06-30,0.0016877169970618752,0.0016877169970618752,3,3,Frank
2024-07-31,-0.00020767138392430856,-0.00020767138392430856,3,3,Frank
2024-08-31,-0.029404327468982264,-0.029404327468982264,3,3,Frank
2024-09-30,-0.02581212138726739,-0.02581212138726739,3,3,Frank
2024-10-31,0.04498654699932955,0.04498654699932955,3,3,Frank
2024-11-30,-0.028101746787163994,-0.028101746787163994,3,3,Frank
2024-12-31,0.021817102226712067,0.021817102226712067,3,3,Frank
2025-01-31,0.006620000416056672,0.006620000416056672,3,3,Frank
2025-02-28,0.07951808115371338,0.07951808115371338,3,3,Frank
2025-03-31,-0.019880225558770323,-0.029820338338155485,2,3,Frank
2025-04-30,-0.005311624528900337,-0.007967436793350505,2,3,Frank
2025-05-31,-0.0003698523670722289,-0.0005547785506083433,2,3,Frank
2025-06-30,-0.030940597287777875,-0.046410895931666814,2,3,Frank
2025-07-31,-0.038827048862678064,-0.038827048862678064,3,3,Frank
2025-08-31,-0.011446226808564294,-0.011446226808564294,3,3,Frank
2025-09-30,0.004847361257763028,0.004847361257763028,3,3,Frank
2025-10-31,0.0032895775354835053,0.0032895775354835053,3,3,Frank
2025-11-30,-0.031063887022846483,-0.031063887022846483,3,3,Frank
2025-12-31,0.0006543414191866453,0.0006543414191866453,3,3,Frank
2006-01-31,0.010533233522815516,0.010533233522815516,3,3,Gumbel
2006-02-28,0.011539964833897886,0.011539964833897886,3,3,Gumbel
2006-03-31,0.011141871913479205,0.016712807870218806,2,3,Gumbel
2006-04-30,0.0007134135824331719,0.0010701203736497578,2,3,Gumbel
2006-05-31,-0.006293026235694021,-0.009439539353541032,2,3,Gumbel
2006-06-30,0.012568380707510894,0.01885257106126634,2,3,Gumbel
2006-07-31,-0.036902270061952326,-0.036902270061952326,3,3,Gumbel
2006-08-31,-0.014920213321772171,-0.014920213321772171,3,3,Gumbel
2006-09-30,-0.02398003873898918,-0.02398003873898918,3,3,Gumbel
2006-10-31,0.015705373441131296,0.015705373441131296,3,3,Gumbel
2006-11-30,-0.050304255426473356,-0.050304255426473356,3,3,Gumbel
2006-12-31,0.017019178330592605,0.025528767495888907,2,3,Gumbel
2007-01-31,0.02283539438643101,0.02283539438643101,3,3,Gumbel
2007-02-28,0.0238865481610871,0.0238865481610871,3,3,Gumbel
2007-03-31,-0.0006099449517677912,-0.0006099449517677912,3,3,Gumbel
2007-04-30,0.0007800440961196926,0.0007800440961196926,3,3,Gumbel
2007-05-31,-0.049858280134307986,-0.049858280134307986,3,3,Gumbel
2007-06-30,0.022638560292803353,0.022638560292803353,3,3,Gumbel
2007-07-31,0.016592925548077224,0.016592925548077224,3,3,Gumbel
2007-08-31,0.005120218919180527,0.005120218919180527,3,3,Gumbel
2007-09-30,0.02050641302600841,0.02050641302600841,3,3,Gumbel
2007-10-31,0.00026033643034773245,0.0007810092910431974,1,3,Gumbel
2007-11-30,0.006982663440143031,0.020947990320429093,1,3,Gumbel
2007-12-31,0.019321640473732707,0.05796492142119812,1,3,Gumbel
2008-01-31,0.00211753823577354,0.00317630735366031,2,3,Gumbel
2008-02-29,-0.005473667285499255,-0.008210500928248883,2,3,Gumbel
2008-03-31,-0.00864554078825676,-0.01296831118238514,2,3,Gumbel
2008-04-30,0.013714936405816851,0.020572404608725278,2,3,Gumbel
2008-05-31,-0.022584019818802887,-0.03387602972820433,2,3,Gumbel
2008-06-30,0.001643793732931902,0.004931381198795706,1,3,Gumbel
2008-07-31,-0.020494280041543776,-0.020494280041543776,3,3,Gumbel
2008-08-31,0.001133872149883085,0.001133872149883085,3,3,Gumbel
2008-09-30,0.014313919063261333,0.014313919063261333,3,3,Gumbel
2008-10-31,-0.03030997521819556,-0.04546496282729334,2,3,Gumbel
2008-11-30,0.0,,0,3,Gumbel
2008-12-31,0.006484500061490587,0.01945350018447176,1,3,Gumbel
2009-01-31,-0.04335674485353792,-0.04335674485353792,3,3,Gumbel
2009-02-28,-0.04132746800073788,-0.04132746800073788,3,3,Gumbel
2009-03-31,0.037761011244776516,0.037761011244776516,3,3,Gumbel
2009-04-30,0.00498831311985343,0.007482469679780146,2,3,Gumbel
2009-05-31,-0.0001829200985300298,-0.0002743801477950447,2,3,Gumbel
2009-06-30,-0.008133394083497057,-0.012200091125245586,2,3,Gumbel
2009-07-31,-0.008725422650443605,-0.008725422650443605,3,3,Gumbel
2009-08-31,-0.003494647877172706,-0.005241971815759059,2,3,Gumbel
2009-09-30,-0.0030049525571911404,-0.004507428835786711,2,3,Gumbel
2009-10-31,0.034810818544959925,0.034810818544959925,3,3,Gumbel
2009-11-30,-0.012574544718957187,-0.01886181707843578,2,3,Gumbel
2009-12-31,-0.0006071711474909409,-0.0009107567212364113,2,3,Gumbel
2010-01-31,0.013823541076129578,0.013823541076129578,3,3,Gumbel
2010-02-28,-0.009477579395863914,-0.009477579395863914,3,3,Gumbel
2010-03-31,-0.04166617026612641,-0.04166617026612641,3,3,Gumbel
2010-04-30,-0.07309909654833449,-0.07309909654833449,3,3,Gumbel
2010-05-31,0.0038563949214270045,0.0038563949214270045,3,3,Gumbel
2010-06-30,-0.0004162398207114895,-0.0004162398207114895,3,3,Gumbel
2010-07-31,0.00016338977697571573,0.00016338977697571573,3,3,Gumbel
2010-08-31,0.0014937912208298403,0.0014937912208298403,3,3,Gumbel
2010-09-30,0.004845026845410229,0.004845026845410229,3,3,Gumbel
2010-10-31,-0.04813953538061921,-0.04813953538061921,3,3,Gumbel
2010-11-30,0.05931616391680197,0.05931616391680197,3,3,Gumbel
2010-12-31,-0.010568295759272815,-0.010568295759272815,3,3,Gumbel
2011-01-31,0.002176578684290878,0.002176578684290878,3,3,Gumbel
2011-02-28,0.014896708665037362,0.014896708665037362,3,3,Gumbel
2011-03-31,0.005658709742424518,0.005658709742424518,3,3,Gumbel
2011-04-30,0.0523438733100866,0.0523438733100866,3,3,Gumbel
2011-05-31,0.0041146860698128155,0.0041146860698128155,3,3,Gumbel
2011-06-30,-0.01780463333040849,-0.01780463333040849,3,3,Gumbel
2011-07-31,-0.021877707726150598,-0.021877707726150598,3,3,Gumbel
2011-08-31,0.019739050707109695,0.019739050707109695,3,3,Gumbel
2011-09-30,-0.015701181826807683,-0.015701181826807683,3,3,Gumbel
2011-10-31,0.02092765158522202,0.03139147737783303,2,3,Gumbel
2011-11-30,-0.022549390868078844,-0.033824086302118264,2,3,Gumbel
2011-12-31,0.01002732753496489,0.015040991302447335,2,3,Gumbel
2012-01-31,-0.03559817773423112,-0.03559817773423112,3,3,Gumbel
2012-02-29,-0.05891167725861946,-0.05891167725861946,3,3,Gumbel
2012-03-31,-0.026875701364802596,-0.026875701364802596,3,3,Gumbel
2012-04-30,-0.0046729602367708125,-0.0046729602367708125,3,3,Gumbel
2012-05-31,-0.008761369617604447,-0.008761369617604447,3,3,Gumbel
2012-06-30,-0.016082758692702797,-0.016082758692702797,3,3,Gumbel
2012-07-31,0.00995787094398316,0.00995787094398316,3,3,Gumbel
2012-08-31,-0.008671949502192694,-0.008671949502192694,3,3,Gumbel
2012-09-30,-0.024301032237930762,-0.024301032237930762,3,3,Gumbel
2012-10-31,-0.01740418625524409,-0.01740418625524409,3,3,Gumbel
2012-11-30,-0.02432722276810853,-0.02432722276810853,3,3,Gumbel
2012-12-31,-0.03652226546896772,-0.03652226546896772,3,3,Gumbel
2013-01-31,0.00399286050541284,0.00399286050541284,3,3,Gumbel
2013-02-28,-0.03656233498653666,-0.03656233498653666,3,3,Gumbel
2013-03-31,0.011103920092210432,0.011103920092210432,3,3,Gumbel
2013-04-30,-0.03074983881055625,-0.03074983881055625,3,3,Gumbel
2013-05-31,-0.012244776743445833,-0.012244776743445833,3,3,Gumbel
2013-06-30,-0.05938060944176033,-0.05938060944176033,3,3,Gumbel
2013-07-31,-0.010653143319366789,-0.010653143319366789,3,3,Gumbel
2013-08-31,-0.050423162166012274,-0.050423162166012274,3,3,Gumbel
2013-09-30,0.02147019618909367,0.02147019618909367,3,3,Gumbel
2013-10-31,0.02325264199083665,0.02325264199083665,3,3,Gumbel
2013-11-30,-0.01003229784250774,-0.01003229784250774,3,3,Gumbel
2013-12-31,0.025213403447879812,0.025213403447879812,3,3,Gumbel
2014-01-31,0.016088763693064015,0.016088763693064015,3,3,Gumbel
2014-02-28,0.008306976230691803,0.008306976230691803,3,3,Gumbel
2014-03-31,0.009308101844199364,0.009308101844199364,3,3,Gumbel
2014-04-30,-0.007269662988791249,-0.007269662988791249,3,3,Gumbel
2014-05-31,0.028054094391302645,0.028054094391302645,3,3,Gumbel
2014-06-30,0.009330654665010754,0.01399598199751613,2,3,Gumbel
2014-07-31,-0.007660665978586088,-0.007660665978586088,3,3,Gumbel
2014-08-31,-0.009738795971547113,-0.009738795971547113,3,3,Gumbel
2014-09-30,0.0049041768030151,0.0049041768030151,3,3,Gumbel
2014-10-31,0.0419937743329058,0.0419937743329058,3,3,Gumbel
2014-11-30,-0.04759619961997603,-0.07139429942996404,2,3,Gumbel
2014-12-31,0.01576707173463707,0.023650607601955607,2,3,Gumbel
2015-01-31,0.036918175286467986,0.036918175286467986,3,3,Gumbel
2015-02-28,-0.006032618859452235,-0.006032618859452235,3,3,Gumbel
2015-03-31,0.014786193210172589,0.014786193210172589,3,3,Gumbel
2015-04-30,-0.03403144334163998,-0.05104716501245997,2,3,Gumbel
2015-05-31,0.0049703041540728726,0.007455456231109309,2,3,Gumbel
2015-06-30,0.006287522062830432,0.018862566188491296,1,3,Gumbel
2015-07-31,-0.0670932565051808,-0.0670932565051808,3,3,Gumbel
2015-08-31,-0.009740120017791846,-0.009740120017791846,3,3,Gumbel
2015-09-30,0.00302828508454641,0.00302828508454641,3,3,Gumbel
2015-10-31,-0.040732796742096476,-0.040732796742096476,3,3,Gumbel
2015-11-30,-0.021631071558694166,-0.021631071558694166,3,3,Gumbel
2015-12-31,-0.045452564823133555,-0.045452564823133555,3,3,Gumbel
2016-01-31,0.007094001729904389,0.010641002594856582,2,3,Gumbel
2016-02-29,0.021788327726575008,0.032682491589862514,2,3,Gumbel
2016-03-31,-0.04057104509358183,-0.04057104509358183,3,3,Gumbel
2016-04-30,0.040266039371123476,0.040266039371123476,3,3,Gumbel
2016-05-31,-0.01145907027941379,-0.01145907027941379,3,3,Gumbel
2016-06-30,0.0018407388485247554,0.0018407388485247554,3,3,Gumbel
2016-07-31,0.009981314186684935,0.014971971280027401,2,3,Gumbel
2016-08-31,-0.004384493304112776,-0.0065767399561691645,2,3,Gumbel
2016-09-30,0.011480864071873263,0.011480864071873263,3,3,Gumbel
2016-10-31,-0.009156917987594233,-0.009156917987594233,3,3,Gumbel
2016-11-30,0.00030807084214454276,0.00030807084214454276,3,3,Gumbel
2016-12-31,-0.015240296626007864,-0.022860444939011796,2,3,Gumbel
2017-01-31,0.025004837661501893,0.025004837661501893,3,3,Gumbel
2017-02-28,0.00139710559839871,0.002095658397598065,2,3,Gumbel
2017-03-31,-0.01344586649778262,-0.02016879974667393,2,3,Gumbel
2017-04-30,-0.027515516211147926,-0.04127327431672189,2,3,Gumbel
2017-05-31,-0.018601105896722803,-0.027901658845084207,2,3,Gumbel
2017-06-30,0.014220777867604584,0.014220777867604584,3,3,Gumbel
2017-07-31,-0.02170684611836597,-0.02170684611836597,3,3,Gumbel
2017-08-31,-0.015154688941599168,-0.015154688941599168,3,3,Gumbel
2017-09-30,0.020101337612133306,0.020101337612133306,3,3,Gumbel
2017-10-31,0.010854314146419214,0.01628147121962882,2,3,Gumbel
2017-11-30,5.405131557679327e-05,5.405131557679327e-05,3,3,Gumbel
2017-12-31,-0.009513393510657636,-0.014270090265986454,2,3,Gumbel
2018-01-31,-0.016752300652160355,-0.025128450978240534,2,3,Gumbel
2018-02-28,0.0366090435326576,0.0366090435326576,3,3,Gumbel
2018-03-31,-0.004127576733280176,-0.004127576733280176,3,3,Gumbel
2018-04-30,-0.003771999257023713,-0.003771999257023713,3,3,Gumbel
2018-05-31,0.017071995582962116,0.017071995582962116,3,3,Gumbel
2018-06-30,-0.024458207036020033,-0.024458207036020033,3,3,Gumbel
2018-07-31,-0.00868828583807099,-0.013032428757106486,2,3,Gumbel
2018-08-31,0.03418758457929221,0.051281376868938314,2,3,Gumbel
2018-09-30,-0.007648196804849486,-0.007648196804849486,3,3,Gumbel
2018-10-31,0.033463937353129865,0.033463937353129865,3,3,Gumbel
2018-11-30,0.05257616424888032,0.15772849274664097,1,3,Gumbel
2018-12-31,0.0,,0,3,Gumbel
2019-01-31,0.019413602974535416,0.019413602974535416,3,3,Gumbel
2019-02-28,-0.007012578955178778,-0.010518868432768167,2,3,Gumbel
2019-03-31,-0.008787501463530382,-0.013181252195295572,2,3,Gumbel
2019-04-30,-0.019986053277982974,-0.02997907991697446,2,3,Gumbel
2019-05-31,0.020652204871156262,0.020652204871156262,3,3,Gumbel
2019-06-30,-0.03862468362045389,-0.03862468362045389,3,3,Gumbel
2019-07-31,0.024269423786778543,0.024269423786778543,3,3,Gumbel
2019-08-31,0.03554729006644163,0.03554729006644163,3,3,Gumbel
2019-09-30,-0.01666666326000885,-0.01666666326000885,3,3,Gumbel
2019-10-31,0.012801440714988415,0.012801440714988415,3,3,Gumbel
2019-11-30,-0.011377368014811711,-0.011377368014811711,3,3,Gumbel
2019-12-31,-0.046014741923361684,-0.046014741923361684,3,3,Gumbel
2020-01-31,0.02094370429169704,0.02094370429169704,3,3,Gumbel
2020-02-29,-0.0004547770235434471,-0.0004547770235434471,3,3,Gumbel
2020-03-31,0.027817526836217767,0.04172629025432665,2,3,Gumbel
2020-04-30,-0.004358442523984999,-0.013075327571954998,1,3,Gumbel
2020-05-31,0.011298684415529225,0.016948026623293838,2,3,Gumbel
2020-06-30,0.06366097910012238,0.09549146865018357,2,3,Gumbel
2020-07-31,0.05149276124155061,0.05149276124155061,3,3,Gumbel
2020-08-31,0.02787055935062362,0.02787055935062362,3,3,Gumbel
2020-09-30,0.010879733148240714,0.010879733148240714,3,3,Gumbel
2020-10-31,-0.07854903069304427,-0.07854903069304427,3,3,Gumbel
2020-11-30,0.004380579187175516,0.004380579187175516,3,3,Gumbel
2020-12-31,0.031078323786566928,0.031078323786566928,3,3,Gumbel
2021-01-31,0.02499651697294115,0.02499651697294115,3,3,Gumbel
2021-02-28,-0.05890860255273012,-0.05890860255273012,3,3,Gumbel
2021-03-31,-0.03330963430098303,-0.03330963430098303,3,3,Gumbel
2021-04-30,-0.03348371817092783,-0.03348371817092783,3,3,Gumbel
2021-05-31,-0.029147660639433647,-0.029147660639433647,3,3,Gumbel
2021-06-30,0.0221768800680876,0.0221768800680876,3,3,Gumbel
2021-07-31,0.015461675467051858,0.015461675467051858,3,3,Gumbel
2021-08-31,0.031102260845699017,0.031102260845699017,3,3,Gumbel
2021-09-30,-0.0014151383525809645,-0.0014151383525809645,3,3,Gumbel
2021-10-31,0.011356976029086653,0.034070928087259957,1,3,Gumbel
2021-11-30,-0.024144934288018286,-0.03621740143202743,2,3,Gumbel
2021-12-31,-0.02074677460383455,-0.031120161905751828,2,3,Gumbel
2022-01-31,-0.0018739303434123205,-0.0018739303434123205,3,3,Gumbel
2022-02-28,0.0010085358765849989,0.0015128038148774984,2,3,Gumbel
2022-03-31,0.0037930942678685666,0.00568964140180285,2,3,Gumbel
2022-04-30,-0.01130717234205437,-0.016960758513081556,2,3,Gumbel
2022-05-31,-0.0006832638108354642,-0.0010248957162531964,2,3,Gumbel
2022-06-30,-0.03905423273536951,-0.058581349103054264,2,3,Gumbel
2022-07-31,-0.058915014254460135,-0.058915014254460135,3,3,Gumbel
2022-08-31,0.0038264871574200184,0.0038264871574200184,3,3,Gumbel
2022-09-30,0.013784619729092734,0.013784619729092734,3,3,Gumbel
2022-10-31,-0.003469205876461011,-0.003469205876461011,3,3,Gumbel
2022-11-30,0.022144901956199153,0.022144901956199153,3,3,Gumbel
2022-12-31,-0.0019407139913382037,-0.0029110709870073057,2,3,Gumbel
2023-01-31,-0.025900480115668287,-0.025900480115668287,3,3,Gumbel
2023-02-28,0.034974130906731855,0.034974130906731855,3,3,Gumbel
2023-03-31,-0.019646951619357606,-0.019646951619357606,3,3,Gumbel
2023-04-30,-0.017002757198243016,-0.017002757198243016,3,3,Gumbel
2023-05-31,-0.038037596846815,-0.038037596846815,3,3,Gumbel
2023-06-30,0.027587961172651315,0.027587961172651315,3,3,Gumbel
2023-07-31,-0.010157889009681549,-0.010157889009681549,3,3,Gumbel
2023-08-31,-0.03327387927308471,-0.03327387927308471,3,3,Gumbel
2023-09-30,-0.019124336610499133,-0.019124336610499133,3,3,Gumbel
2023-10-31,-0.002793675295503757,-0.002793675295503757,3,3,Gumbel
2023-11-30,0.0017695680510736538,0.0017695680510736538,3,3,Gumbel
2023-12-31,-0.013324653944165953,-0.013324653944165953,3,3,Gumbel
2024-01-31,-0.030884488453985268,-0.030884488453985268,3,3,Gumbel
2024-02-29,0.010129699036527147,0.010129699036527147,3,3,Gumbel
2024-03-31,-0.049186173052393034,-0.049186173052393034,3,3,Gumbel
2024-04-30,-0.03348100063338208,-0.05022150095007312,2,3,Gumbel
2024-05-31,0.013154633179392963,0.019731949769089444,2,3,Gumbel
2024-06-30,0.001704971374097809,0.0025574570611467135,2,3,Gumbel
2024-07-31,-0.012956488936859974,-0.012956488936859974,3,3,Gumbel
2024-08-31,-0.04427961031968666,-0.04427961031968666,3,3,Gumbel
2024-09-30,-0.02624644704191031,-0.02624644704191031,3,3,Gumbel
2024-10-31,0.042845930873038514,0.042845930873038514,3,3,Gumbel
2024-11-30,-0.0448430335017912,-0.0448430335017912,3,3,Gumbel
2024-12-31,0.032057245458652905,0.032057245458652905,3,3,Gumbel
2025-01-31,0.016151114203999735,0.016151114203999735,3,3,Gumbel
2025-02-28,0.06381076179007429,0.06381076179007429,3,3,Gumbel
2025-03-31,-0.003117782394809749,-0.009353347184429248,1,3,Gumbel
2025-04-30,0.0,,0,3,Gumbel
2025-05-31,0.0,,0,3,Gumbel
2025-06-30,0.0,,0,3,Gumbel
2025-07-31,-0.04380670657166405,-0.04380670657166405,3,3,Gumbel
2025-08-31,-0.00640734330378748,-0.00640734330378748,3,3,Gumbel
2025-09-30,0.009760718391654556,0.009760718391654556,3,3,Gumbel
2025-10-31,-0.019201021594626888,-0.019201021594626888,3,3,Gumbel
2025-11-30,-0.0472623588528621,-0.0472623588528621,3,3,Gumbel
2025-12-31,-0.009791566317580564,-0.009791566317580564,3,3,Gumbel
2006-01-31,0.001203608113478804,0.001203608113478804,3,3,CFG
2006-02-28,0.004947906047608699,0.004947906047608699,3,3,CFG
2006-03-31,0.007422459628187891,0.011133689442281837,2,3,CFG
2006-04-30,0.0007134135824331719,0.0010701203736497578,2,3,CFG
2006-05-31,-0.006293026235694021,-0.009439539353541032,2,3,CFG
2006-06-30,0.012568380707510894,0.01885257106126634,2,3,CFG
2006-07-31,-0.04270336170079302,-0.04270336170079302,3,3,CFG
2006-08-31,-0.016882276495811314,-0.016882276495811314,3,3,CFG
2006-09-30,-0.02394911940655209,-0.02394911940655209,3,3,CFG
2006-10-31,0.03741084510964373,0.03741084510964373,3,3,CFG
2006-11-30,-0.05066658787069097,-0.07599988180603645,2,3,CFG
2006-12-31,0.017019178330592605,0.025528767495888907,2,3,CFG
2007-01-31,0.02283539438643101,0.02283539438643101,3,3,CFG
2007-02-28,0.028235304704737983,0.028235304704737983,3,3,CFG
2007-03-31,-0.007990698692743886,-0.007990698692743886,3,3,CFG
2007-04-30,-3.8879300949202826e-05,-3.8879300949202826e-05,3,3,CFG
2007-05-31,-0.052223171753286925,-0.052223171753286925,3,3,CFG
2007-06-30,0.013802968625006152,0.013802968625006152,3,3,CFG
2007-07-31,0.028852191747675338,0.028852191747675338,3,3,CFG
2007-08-31,0.00599832652488394,0.00599832652488394,3,3,CFG
2007-09-30,0.013725091312117374,0.013725091312117374,3,3,CFG
2007-10-31,0.02461601495943506,0.03692402243915259,2,3,CFG
2007-11-30,0.04225458617379397,0.04225458617379397,3,3,CFG
2007-12-31,-0.013215153992330803,-0.019822730988496205,2,3,CFG
2008-01-31,-0.006630178765186449,-0.009945268147779674,2,3,CFG
2008-02-29,-0.025570080276279827,-0.03835512041441974,2,3,CFG
2008-03-31,-0.019672996049015182,-0.019672996049015182,3,3,CFG
2008-04-30,0.040692726209666776,0.040692726209666776,3,3,CFG
2008-05-31,-0.05355195730033563,-0.05355195730033563,3,3,CFG
2008-06-30,0.0007988094966337166,0.0007988094966337166,3,3,CFG
2008-07-31,-0.005744355668051878,-0.005744355668051878,3,3,CFG
2008-08-31,0.0031915279628552153,0.0031915279628552153,3,3,CFG
2008-09-30,-3.153403391242352e-05,-3.153403391242352e-05,3,3,CFG
2008-10-31,0.00496999582253437,0.00496999582253437,3,3,CFG
2008-11-30,0.004981513270646669,0.014944539811940008,1,3,CFG
2008-12-31,-0.003703837406464476,-0.003703837406464476,3,3,CFG
2009-01-31,-0.04548984127308608,-0.04548984127308608,3,3,CFG
2009-02-28,-0.03225977185947499,-0.03225977185947499,3,3,CFG
2009-03-31,0.040361230005330956,0.040361230005330956,3,3,CFG
2009-04-30,0.004174138027764975,0.006261207041647463,2,3,CFG
2009-05-31,-0.0003330359063851134,-0.0004995538595776701,2,3,CFG
2009-06-30,-0.001987934110649669,-0.005963802331949007,1,3,CFG
2009-07-31,-0.008206964624165132,-0.008206964624165132,3,3,CFG
2009-08-31,-0.006604653090715263,-0.006604653090715263,3,3,CFG
2009-09-30,-0.001453874930358455,-0.001453874930358455,3,3,CFG
2009-10-31,0.019545533524287777,0.019545533524287777,3,3,CFG
2009-11-30,-0.012326857805804212,-0.012326857805804212,3,3,CFG
2009-12-31,0.003607968998084283,0.003607968998084283,3,3,CFG
2010-01-31,-0.008222369054594395,-0.008222369054594395,3,3,CFG
2010-02-28,-0.016629867878281683,-0.016629867878281683,3,3,CFG
2010-03-31,-0.04545765923138773,-0.04545765923138773,3,3,CFG
2010-04-30,-0.06841668744544101,-0.06841668744544101,3,3,CFG
2010-05-31,0.00651430607797578,0.00651430607797578,3,3,CFG
2010-06-30,0.0016202412916750796,0.0016202412916750796,3,3,CFG
2010-07-31,0.013298041194796677,0.013298041194796677,3,3,CFG
2010-08-31,0.003883220550828421,0.003883220550828421,3,3,CFG
2010-09-30,0.0064694338802333785,0.0064694338802333785,3,3,CFG
2010-10-31,-0.04617969659314409,-0.04617969659314409,3,3,CFG
2010-11-30,0.056842656325222264,0.056842656325222264,3,3,CFG
2010-12-31,-0.00554273457223179,-0.00554273457223179,3,3,CFG
2011-01-31,0.002378768315939714,0.002378768315939714,3,3,CFG
2011-02-28,0.025785263873852892,0.025785263873852892,3,3,CFG
2011-03-31,0.0025334474814250724,0.0025334474814250724,3,3,CFG
2011-04-30,0.040369805762561016,0.040369805762561016,3,3,CFG
2011-05-31,0.0069741051493167104,0.0069741051493167104,3,3,CFG
2011-06-30,-0.006084410259461009,-0.006084410259461009,3,3,CFG
2011-07-31,-0.024544885368907785,-0.03681732805336168,2,3,CFG
2011-08-31,0.01151073095958835,0.01151073095958835,3,3,CFG
2011-09-30,-0.034054159229214155,-0.034054159229214155,3,3,CFG
2011-10-31,0.010144028179564184,0.010144028179564184,3,3,CFG
2011-11-30,-0.033146335022645836,-0.033146335022645836,3,3,CFG
2011-12-31,0.0007307929352070204,0.0007307929352070204,3,3,CFG
2012-01-31,-0.04746940831069499,-0.04746940831069499,3,3,CFG
2012-02-29,-0.05879500443467156,-0.05879500443467156,3,3,CFG
2012-03-31,-0.026715232394203203,-0.026715232394203203,3,3,CFG
2012-04-30,-0.004691728917579403,-0.004691728917579403,3,3,CFG
2012-05-31,-0.009010523849237055,-0.009010523849237055,3,3,CFG
2012-06-30,-0.01597422675465769,-0.01597422675465769,3,3,CFG
2012-07-31,0.008905845560533364,0.008905845560533364,3,3,CFG
2012-08-31,-0.009894859440921272,-0.009894859440921272,3,3,CFG
2012-09-30,-0.02435058238190095,-0.02435058238190095,3,3,CFG
2012-10-31,-0.01729883673926368,-0.01729883673926368,3,3,CFG
2012-11-30,-0.02432722276810853,-0.02432722276810853,3,3,CFG
2012-12-31,-0.03676905944797203,-0.03676905944797203,3,3,CFG
2013-01-31,-0.0025850459283854334,-0.0025850459283854334,3,3,CFG
2013-02-28,-0.036558939968592934,-0.036558939968592934,3,3,CFG
2013-03-31,0.011249831839343706,0.011249831839343706,3,3,CFG
2013-04-30,-0.03074983881055625,-0.03074983881055625,3,3,CFG
2013-05-31,-0.010623757807268349,-0.010623757807268349,3,3,CFG
2013-06-30,-0.054899677452203303,-0.054899677452203303,3,3,CFG
2013-07-31,-0.004013632984435906,-0.004013632984435906,3,3,CFG
2013-08-31,-0.05753092336203128,-0.05753092336203128,3,3,CFG
2013-09-30,0.015292847473109468,0.015292847473109468,3,3,CFG
2013-10-31,0.02836086537000694,0.02836086537000694,3,3,CFG
2013-11-30,-0.003906456848853139,-0.003906456848853139,3,3,CFG
2013-12-31,0.025213403447879812,0.025213403447879812,3,3,CFG
2014-01-31,0.02554637036616463,0.02554637036616463,3,3,CFG
2014-02-28,0.014283452592370578,0.014283452592370578,3,3,CFG
2014-03-31,-0.012792864331937282,-0.012792864331937282,3,3,CFG
2014-04-30,-0.03265418080097697,-0.03265418080097697,3,3,CFG
2014-05-31,0.015421964927253375,0.015421964927253375,3,3,CFG
2014-06-30,-0.006685432655720081,-0.010028148983580122,2,3,CFG
2014-07-31,-0.008120789062769144,-0.008120789062769144,3,3,CFG
2014-08-31,-0.014389121169285991,-0.014389121169285991,3,3,CFG
2014-09-30,0.005111465622284617,0.005111465622284617,3,3,CFG
2014-10-31,0.019355666681072043,0.019355666681072043,3,3,CFG
2014-11-30,-0.04368538375586344,-0.04368538375586344,3,3,CFG
2014-12-31,0.027668497466920877,0.027668497466920877,3,3,CFG
2015-01-31,0.02978298309819768,0.02978298309819768,3,3,CFG
2015-02-28,0.026994516515671512,0.026994516515671512,3,3,CFG
2015-03-31,-0.0020807978834053702,-0.0031211968251080554,2,3,CFG
2015-04-30,-0.017876687668565764,-0.026815031502848644,2,3,CFG
2015-05-31,0.008753924659797298,0.008753924659797298,3,3,CFG
2015-06-30,0.0014397626085867858,0.0014397626085867858,3,3,CFG
2015-07-31,-0.06561942015066789,-0.06561942015066789,3,3,CFG
2015-08-31,-0.011840997056364327,-0.011840997056364327,3,3,CFG
2015-09-30,0.0012076307460263402,0.0012076307460263402,3,3,CFG
2015-10-31,-0.014278866575157033,-0.014278866575157033,3,3,CFG
2015-11-30,-0.021428429820189613,-0.021428429820189613,3,3,CFG
2015-12-31,-0.04771202897250886,-0.04771202897250886,3,3,CFG
2016-01-31,0.02203688285759349,0.02203688285759349,3,3,CFG
2016-02-29,-0.001260756387533954,-0.001260756387533954,3,3,CFG
2016-03-31,-0.048772616373802626,-0.048772616373802626,3,3,CFG
2016-04-30,0.0415282485010798,0.0415282485010798,3,3,CFG
2016-05-31,-0.013847700433693043,-0.013847700433693043,3,3,CFG
2016-06-30,0.0020766275731348392,0.0020766275731348392,3,3,CFG
2016-07-31,0.011472344756357349,0.011472344756357349,3,3,CFG
2016-08-31,0.006370883149532154,0.006370883149532154,3,3,CFG
2016-09-30,0.007312408759544846,0.007312408759544846,3,3,CFG
2016-10-31,-0.0029703387120145358,-0.0029703387120145358,3,3,CFG
2016-11-30,-0.003435806906780517,-0.003435806906780517,3,3,CFG
2016-12-31,-0.009441186075951758,-0.009441186075951758,3,3,CFG
2017-01-31,0.01940341590686121,0.01940341590686121,3,3,CFG
2017-02-28,0.001402565624443958,0.002103848436665937,2,3,CFG
2017-03-31,-0.014933352584453575,-0.014933352584453575,3,3,CFG
2017-04-30,-0.0193091613888952,-0.0193091613888952,3,3,CFG
2017-05-31,-0.018513046861829256,-0.027769570292743885,2,3,CFG
2017-06-30,0.012157038788800737,0.012157038788800737,3,3,CFG
2017-07-31,-0.02295353168940702,-0.02295353168940702,3,3,CFG
2017-08-31,-0.006030991014875011,-0.006030991014875011,3,3,CFG
2017-09-30,0.01881283059956351,0.01881283059956351,3,3,CFG
2017-10-31,0.02120432608174216,0.02120432608174216,3,3,CFG
2017-11-30,-0.007244678692915211,-0.007244678692915211,3,3,CFG
2017-12-31,0.0003518413881178079,0.0003518413881178079,3,3,CFG
2018-01-31,-0.017871826915729194,-0.02680774037359379,2,3,CFG
2018-02-28,0.039587332678165145,0.059380999017247714,2,3,CFG
2018-03-31,-0.002390168415078885,-0.0035852526226183277,2,3,CFG
2018-04-30,-0.0025228420181676934,-0.0037842630272515404,2,3,CFG
2018-05-31,-0.002835825494307704,-0.004253738241461556,2,3,CFG
2018-06-30,-0.002462071038349322,-0.0036931065575239834,2,3,CFG
2018-07-31,-0.012053971787251953,-0.01808095768087793,2,3,CFG
2018-08-31,0.017288470536846515,0.025932705805269775,2,3,CFG
2018-09-30,-0.007219740671951999,-0.007219740671951999,3,3,CFG
2018-10-31,0.03571306540122989,0.03571306540122989,3,3,CFG
2018-11-30,0.06231180087759636,0.06231180087759636,3,3,CFG
2018-12-31,0.014175861443608467,0.014175861443608467,3,3,CFG
2019-01-31,-0.0015918956073758001,-0.0015918956073758001,3,3,CFG
2019-02-28,-0.0029233704715114876,-0.0029233704715114876,3,3,CFG
2019-03-31,-0.007602078979576048,-0.011403118469364072,2,3,CFG
2019-04-30,-0.020481956902760626,-0.03072293535414094,2,3,CFG
2019-05-31,0.021366552664153025,0.03204982899622954,2,3,CFG
2019-06-30,-0.042154799696860895,-0.042154799696860895,3,3,CFG
2019-07-31,-0.015381071169766905,-0.015381071169766905,3,3,CFG
2019-08-31,0.02852866354329692,0.02852866354329692,3,3,CFG
2019-09-30,-0.01749648162060223,-0.01749648162060223,3,3,CFG
2019-10-31,0.022810951413255173,0.022810951413255173,3,3,CFG
2019-11-30,-0.008148412268212682,-0.008148412268212682,3,3,CFG
2019-12-31,-0.017408069693010533,-0.017408069693010533,3,3,CFG
2020-01-31,0.007249086977744734,0.007249086977744734,3,3,CFG
2020-02-29,-0.012808515057133938,-0.012808515057133938,3,3,CFG
2020-03-31,0.021166302919308166,0.021166302919308166,3,3,CFG
2020-04-30,-0.003106002658712706,-0.003106002658712706,3,3,CFG
2020-05-31,-0.012268908310467529,-0.012268908310467529,3,3,CFG
2020-06-30,-0.007106633248244184,-0.007106633248244184,3,3,CFG
2020-07-31,0.04616919653332716,0.04616919653332716,3,3,CFG
2020-08-31,0.012757372657302321,0.012757372657302321,3,3,CFG
2020-09-30,0.03274245847362935,0.03274245847362935,3,3,CFG
2020-10-31,-0.07624973082970664,-0.07624973082970664,3,3,CFG
2020-11-30,0.003981831982068711,0.003981831982068711,3,3,CFG
2020-12-31,0.029757496464697164,0.029757496464697164,3,3,CFG
2021-01-31,0.010532877799655569,0.010532877799655569,3,3,CFG
2021-02-28,-0.06284747477721363,-0.06284747477721363,3,3,CFG
2021-03-31,-0.03376600278739301,-0.03376600278739301,3,3,CFG
2021-04-30,-0.036868811472550424,-0.036868811472550424,3,3,CFG
2021-05-31,-0.0293123083522133,-0.0293123083522133,3,3,CFG
2021-06-30,0.021377909078581666,0.021377909078581666,3,3,CFG
2021-07-31,0.006803882518003456,0.006803882518003456,3,3,CFG
2021-08-31,-0.003781481012638029,-0.005672221518957043,2,3,CFG
2021-09-30,0.004370049157351479,0.006555073736027218,2,3,CFG
2021-10-31,-0.009269614287819404,-0.013904421431729106,2,3,CFG
2021-11-30,0.009481260067450118,0.014221890101175177,2,3,CFG
2021-12-31,-0.017596745605614448,-0.026395118408421674,2,3,CFG
2022-01-31,-0.01608808867241777,-0.01608808867241777,3,3,CFG
2022-02-28,0.012902899707272193,0.012902899707272193,3,3,CFG
2022-03-31,0.005838925791218352,0.008758388686827528,2,3,CFG
2022-04-30,-0.022985740723505677,-0.022985740723505677,3,3,CFG
2022-05-31,-0.020250930690169373,-0.020250930690169373,3,3,CFG
2022-06-30,-0.036172420012431664,-0.054258630018647495,2,3,CFG
2022-07-31,-0.06573066611825538,-0.06573066611825538,3,3,CFG
2022-08-31,0.0025805152611529437,0.0025805152611529437,3,3,CFG
2022-09-30,0.017842783182399208,0.017842783182399208,3,3,CFG
2022-10-31,-0.014340356167963883,-0.014340356167963883,3,3,CFG
2022-11-30,0.04163839527368387,0.04163839527368387,3,3,CFG
2022-12-31,0.013564672276444437,0.013564672276444437,3,3,CFG
2023-01-31,-0.0035749641853716047,-0.0035749641853716047,3,3,CFG
2023-02-28,0.037574643101983995,0.037574643101983995,3,3,CFG
2023-03-31,-0.01883418159851527,-0.01883418159851527,3,3,CFG
2023-04-30,-0.01835319511546415,-0.01835319511546415,3,3,CFG
2023-05-31,-0.04256687739070517,-0.04256687739070517,3,3,CFG
2023-06-30,0.027756180266920106,0.027756180266920106,3,3,CFG
2023-07-31,-0.019449420074753025,-0.019449420074753025,3,3,CFG
2023-08-31,-0.04049313793934271,-0.04049313793934271,3,3,CFG
2023-09-30,-0.01841843179240343,-0.01841843179240343,3,3,CFG
2023-10-31,-0.0030794169768408376,-0.0030794169768408376,3,3,CFG
2023-11-30,0.00014350855861692524,0.00014350855861692524,3,3,CFG
2023-12-31,-0.013932293921001924,-0.013932293921001924,3,3,CFG
2024-01-31,-0.028938544417479933,-0.028938544417479933,3,3,CFG
2024-02-29,0.012229763950252034,0.012229763950252034,3,3,CFG
2024-03-31,-0.03722730002177558,-0.03722730002177558,3,3,CFG
2024-04-30,-0.030685389091866046,-0.030685389091866046,3,3,CFG
2024-05-31,0.002255033233389743,0.002255033233389743,3,3,CFG
2024-06-30,0.00144398151197665,0.00144398151197665,3,3,CFG
2024-07-31,-0.00020767138392430856,-0.00020767138392430856,3,3,CFG
2024-08-31,-0.031582883660421175,-0.031582883660421175,3,3,CFG
2024-09-30,-0.02303655364804974,-0.02303655364804974,3,3,CFG
2024-10-31,0.042811392909048875,0.042811392909048875,3,3,CFG
2024-11-30,-0.019646748131945092,-0.019646748131945092,3,3,CFG
2024-12-31,0.0372920564036824,0.0372920564036824,3,3,CFG
2025-01-31,0.017047060279906715,0.017047060279906715,3,3,CFG
2025-02-28,0.07370812825647062,0.07370812825647062,3,3,CFG
2025-03-31,0.0016335852847926009,0.0016335852847926009,3,3,CFG
2025-04-30,0.011591391388695173,0.011591391388695173,3,3,CFG
2025-05-31,0.013909730435082875,0.013909730435082875,3,3,CFG
2025-06-30,-0.038714767536467146,-0.038714767536467146,3,3,CFG
2025-07-31,-0.038827048862678064,-0.038827048862678064,3,3,CFG
2025-08-31,-0.0035930782182497325,-0.0035930782182497325,3,3,CFG
2025-09-30,0.009798494138228081,0.009798494138228081,3,3,CFG
2025-10-31,-0.018662924107674065,-0.018662924107674065,3,3,CFG
2025-11-30,-0.046454601579438086,-0.046454601579438086,3,3,CFG
2025-12-31,-0.012832959962542703,-0.012832959962542703,3,3,CFG
2006-01-31,0.004861664427452479,0.004861664427452479,3,3,CtG
2006-02-28,0.01383772950958117,0.01383772950958117,3,3,CtG
2006-03-31,0.010683075895592075,0.016024613843388113,2,3,CtG
2006-04-30,0.0007251098597648992,0.0010876647896473487,2,3,CtG
2006-05-31,-0.0063146371946816195,-0.00947195579202243,2,3,CtG
2006-06-30,0.01266397275863688,0.01899595913795532,2,3,CtG
2006-07-31,-0.04270336170079302,-0.04270336170079302,3,3,CtG
2006-08-31,-0.016882276495811314,-0.016882276495811314,3,3,CtG
2006-09-30,-0.02394911940655209,-0.02394911940655209,3,3,CtG
2006-10-31,0.03741084510964373,0.03741084510964373,3,3,CtG
2006-11-30,-0.05066658787069097,-0.07599988180603645,2,3,CtG
2006-12-31,0.017019178330592605,0.025528767495888907,2,3,CtG
2007-01-31,0.01915920215519746,0.01915920215519746,3,3,CtG
2007-02-28,0.02510795096881208,0.02510795096881208,3,3,CtG
2007-03-31,-0.007990698692743886,-0.007990698692743886,3,3,CtG
2007-04-30,-3.8879300949202826e-05,-3.8879300949202826e-05,3,3,CtG
2007-05-31,-0.05221032724877777,-0.05221032724877777,3,3,CtG
2007-06-30,0.013802968625006152,0.013802968625006152,3,3,CtG
2007-07-31,0.034243814606433415,0.034243814606433415,3,3,CtG
2007-08-31,0.004434665016137652,0.004434665016137652,3,3,CtG
2007-09-30,0.003638102065783982,0.003638102065783982,3,3,CtG
2007-10-31,0.02872591901899568,0.04308887852849352,2,3,CtG
2007-11-30,0.023949400301634834,0.023949400301634834,3,3,CtG
2007-12-31,-0.012928577969886825,-0.019392866954830237,2,3,CtG
2008-01-31,-0.006630178765186449,-0.009945268147779674,2,3,CtG
2008-02-29,-0.025570080276279827,-0.03835512041441974,2,3,CtG
2008-03-31,-0.019672996049015182,-0.019672996049015182,3,3,CtG
2008-04-30,0.029216978410712306,0.029216978410712306,3,3,CtG
2008-05-31,-0.050958919223952875,-0.050958919223952875,3,3,CtG
2008-06-30,0.0020436346988808953,0.0020436346988808953,3,3,CtG
2008-07-31,-0.005744355668051878,-0.005744355668051878,3,3,CtG
2008-08-31,0.002379147752998276,0.002379147752998276,3,3,CtG
2008-09-30,-0.003939661538972493,-0.003939661538972493,3,3,CtG
2008-10-31,0.031754468774311546,0.031754468774311546,3,3,CtG
2008-11-30,0.005542658704786175,0.016627976114358525,1,3,CtG
2008-12-31,0.0026223245861522735,0.0026223245861522735,3,3,CtG
2009-01-31,-0.04581704124222447,-0.04581704124222447,3,3,CtG
2009-02-28,-0.03225977185947499,-0.03225977185947499,3,3,CtG
2009-03-31,0.040361230005330956,0.040361230005330956,3,3,CtG
2009-04-30,0.006282419198329476,0.009423628797494215,2,3,CtG
2009-05-31,-0.004020654154814813,-0.01206196246444444,1,3,CtG
2009-06-30,-0.001987934110649669,-0.005963802331949007,1,3,CtG
2009-07-31,-0.01208692377021764,-0.01208692377021764,3,3,CtG
2009-08-31,-0.004425761783778725,-0.004425761783778725,3,3,CtG
2009-09-30,-0.0014339346499309096,-0.0014339346499309096,3,3,CtG
2009-10-31,0.03810291099179771,0.03810291099179771,3,3,CtG
2009-11-30,-0.012591497529196085,-0.018887246293794128,2,3,CtG
2009-12-31,-0.0007365048529433099,-0.0011047572794149647,2,3,CtG
2010-01-31,-0.008233448260377247,-0.008233448260377247,3,3,CtG
2010-02-28,-0.017059659020830845,-0.017059659020830845,3,3,CtG
2010-03-31,-0.04582240946511875,-0.04582240946511875,3,3,CtG
2010-04-30,-0.06849240007732701,-0.06849240007732701,3,3,CtG
2010-05-31,0.006949528796987566,0.006949528796987566,3,3,CtG
2010-06-30,0.002154730265522721,0.002154730265522721,3,3,CtG
2010-07-31,0.013817336967148375,0.013817336967148375,3,3,CtG
2010-08-31,0.0038485792988765684,0.0038485792988765684,3,3,CtG
2010-09-30,0.005281377551117926,0.005281377551117926,3,3,CtG
2010-10-31,-0.04617969659314409,-0.04617969659314409,3,3,CtG
2010-11-30,0.05527311446080598,0.05527311446080598,3,3,CtG
2010-12-31,-0.005516885230679035,-0.005516885230679035,3,3,CtG
2011-01-31,0.0034058414335078565,0.005108762150261785,2,3,CtG
2011-02-28,0.016466114986733855,0.016466114986733855,3,3,CtG
2011-03-31,-0.00024061546030199773,-0.00024061546030199773,3,3,CtG
2011-04-30,0.04716540431708461,0.04716540431708461,3,3,CtG
2011-05-31,0.007003950416380431,0.007003950416380431,3,3,CtG
2011-06-30,-0.006062683081239833,-0.006062683081239833,3,3,CtG
2011-07-31,-0.026752811577028513,-0.04012921736554277,2,3,CtG
2011-08-31,0.007644520609117546,0.007644520609117546,3,3,CtG
2011-09-30,-0.01954708353391426,-0.01954708353391426,3,3,CtG
2011-10-31,0.039145277139507516,0.039145277139507516,3,3,CtG
2011-11-30,-0.03274116363927605,-0.03274116363927605,3,3,CtG
2011-12-31,0.0016146525469322827,0.0016146525469322827,3,3,CtG
2012-01-31,-0.04746940831069499,-0.04746940831069499,3,3,CtG
2012-02-29,-0.05879500443467156,-0.05879500443467156,3,3,CtG
2012-03-31,-0.026715232394203203,-0.026715232394203203,3,3,CtG
2012-04-30,-0.004691728917579403,-0.004691728917579403,3,3,CtG
2012-05-31,-0.009010523849237055,-0.009010523849237055,3,3,CtG
2012-06-30,-0.01597422675465769,-0.01597422675465769,3,3,CtG
2012-07-31,0.008905845560533364,0.008905845560533364,3,3,CtG
2012-08-31,-0.009894859440921272,-0.009894859440921272,3,3,CtG
2012-09-30,-0.023457213043468955,-0.023457213043468955,3,3,CtG
2012-10-31,-0.017380086002367682,-0.017380086002367682,3,3,CtG
2012-11-30,-0.024321104476324212,-0.024321104476324212,3,3,CtG
2012-12-31,-0.036758798351689756,-0.036758798351689756,3,3,CtG
2013-01-31,-0.003834931038011426,-0.003834931038011426,3,3,CtG
2013-02-28,-0.036558939968592934,-0.036558939968592934,3,3,CtG
2013-03-31,0.011097789589749114,0.011097789589749114,3,3,CtG
2013-04-30,-0.031199397671550843,-0.031199397671550843,3,3,CtG
2013-05-31,-0.008637506240783003,-0.008637506240783003,3,3,CtG
2013-06-30,-0.05597241573580214,-0.05597241573580214,3,3,CtG
2013-07-31,-0.004013632984435906,-0.004013632984435906,3,3,CtG
2013-08-31,-0.05532785332925317,-0.05532785332925317,3,3,CtG
2013-09-30,0.01817203463148693,0.01817203463148693,3,3,CtG
2013-10-31,0.028345308325091162,0.028345308325091162,3,3,CtG
2013-11-30,-0.003906456848853139,-0.003906456848853139,3,3,CtG
2013-12-31,0.025213403447879812,0.025213403447879812,3,3,CtG
2014-01-31,0.035126824404509115,0.035126824404509115,3,3,CtG
2014-02-28,0.013203438151889313,0.013203438151889313,3,3,CtG
2014-03-31,-0.02441966268396291,-0.02441966268396291,3,3,CtG
2014-04-30,-0.04818642761486372,-0.04818642761486372,3,3,CtG
2014-05-31,0.016206254458425346,0.016206254458425346,3,3,CtG
2014-06-30,0.005626110748493537,0.005626110748493537,3,3,CtG
2014-07-31,-0.003520440357961258,-0.003520440357961258,3,3,CtG
2014-08-31,-0.014328451216368525,-0.014328451216368525,3,3,CtG
2014-09-30,0.00511143888494577,0.00511143888494577,3,3,CtG
2014-10-31,0.019049435011967625,0.019049435011967625,3,3,CtG
2014-11-30,-0.034598636100759854,-0.034598636100759854,3,3,CtG
2014-12-31,0.030055038964997238,0.030055038964997238,3,3,CtG
2015-01-31,0.031055071261126267,0.031055071261126267,3,3,CtG
2015-02-28,0.021118264587123296,0.021118264587123296,3,3,CtG
2015-03-31,-0.0014594594482685464,-0.0021891891724028197,2,3,CtG
2015-04-30,-0.01758805780582121,-0.026382086708731812,2,3,CtG
2015-05-31,0.010592554901425,0.010592554901425,3,3,CtG
2015-06-30,0.0018655524700938175,0.0018655524700938175,3,3,CtG
2015-07-31,-0.0670932565051808,-0.0670932565051808,3,3,CtG
2015-08-31,-0.011840997056364327,-0.011840997056364327,3,3,CtG
2015-09-30,0.0012076307460263402,0.0012076307460263402,3,3,CtG
2015-10-31,-0.014058365771854644,-0.014058365771854644,3,3,CtG
2015-11-30,-0.01719558356848565,-0.01719558356848565,3,3,CtG
2015-12-31,-0.04718933755001781,-0.04718933755001781,3,3,CtG
2016-01-31,0.021186848569722586,0.021186848569722586,3,3,CtG
2016-02-29,-0.008853163663044734,-0.008853163663044734,3,3,CtG
2016-03-31,-0.05000259916046961,-0.05000259916046961,3,3,CtG
2016-04-30,0.04187193996006854,0.04187193996006854,3,3,CtG
2016-05-31,-0.014099353351540236,-0.014099353351540236,3,3,CtG
2016-06-30,0.002208175258301535,0.002208175258301535,3,3,CtG
2016-07-31,0.011688718406817,0.011688718406817,3,3,CtG
2016-08-31,0.006975383728843258,0.006975383728843258,3,3,CtG
2016-09-30,0.012081946206161265,0.012081946206161265,3,3,CtG
2016-10-31,-0.0029703387120145358,-0.0029703387120145358,3,3,CtG
2016-11-30,-0.006290991123581044,-0.006290991123581044,3,3,CtG
2016-12-31,-0.008184723665085126,-0.008184723665085126,3,3,CtG
2017-01-31,0.01940341590686121,0.01940341590686121,3,3,CtG
2017-02-28,0.0009123602072528483,0.0013685403108792725,2,3,CtG
2017-03-31,-0.015173886731300018,-0.015173886731300018,3,3,CtG
2017-04-30,-0.01853424677009242,-0.01853424677009242,3,3,CtG
2017-05-31,-0.018739282824495492,-0.02810892423674324,2,3,CtG
2017-06-30,0.012337962222077758,0.012337962222077758,3,3,CtG
2017-07-31,-0.022644147858564556,-0.022644147858564556,3,3,CtG
2017-08-31,-0.004754300309550634,-0.004754300309550634,3,3,CtG
2017-09-30,0.020233354716000452,0.020233354716000452,3,3,CtG
2017-10-31,0.02125063985733625,0.02125063985733625,3,3,CtG
2017-11-30,-0.013475801316172188,-0.013475801316172188,3,3,CtG
2017-12-31,0.001960845854978759,0.001960845854978759,3,3,CtG
2018-01-31,-0.01820516024906253,-0.027307740373593792,2,3,CtG
2018-02-28,0.03914243758313868,0.05871365637470802,2,3,CtG
2018-03-31,-0.0023038672196561186,-0.0034558008294841777,2,3,CtG
2018-04-30,-0.008136018597594557,-0.012204027896391837,2,3,CtG
2018-05-31,-0.0014052749226718623,-0.0021079123840077934,2,3,CtG
2018-06-30,-0.0036838597865450416,-0.011051579359635124,1,3,CtG
2018-07-31,-0.006934501816765439,-0.010401752725148159,2,3,CtG
2018-08-31,0.017540883245548755,0.026311324868323133,2,3,CtG
2018-09-30,-0.00744138521394732,-0.00744138521394732,3,3,CtG
2018-10-31,0.034837681498451734,0.034837681498451734,3,3,CtG
2018-11-30,0.05410693766250804,0.05410693766250804,3,3,CtG
2018-12-31,0.005044714045762491,0.005044714045762491,3,3,CtG
2019-01-31,0.011182985600450696,0.011182985600450696,3,3,CtG
2019-02-28,-0.001977989308084752,-0.001977989308084752,3,3,CtG
2019-03-31,-0.009059456503962025,-0.013589184755943038,2,3,CtG
2019-04-30,-0.020481956902760626,-0.03072293535414094,2,3,CtG
2019-05-31,0.021366552664153025,0.03204982899622954,2,3,CtG
2019-06-30,-0.042154799696860895,-0.042154799696860895,3,3,CtG
2019-07-31,-0.015946192681691406,-0.015946192681691406,3,3,CtG
2019-08-31,0.02904306247410729,0.02904306247410729,3,3,CtG
2019-09-30,-0.01927181740406732,-0.01927181740406732,3,3,CtG
2019-10-31,0.024502742412637623,0.024502742412637623,3,3,CtG
2019-11-30,-0.012954083833557456,-0.012954083833557456,3,3,CtG
2019-12-31,-0.021672090728806548,-0.021672090728806548,3,3,CtG
2020-01-31,0.007440684784982399,0.007440684784982399,3,3,CtG
2020-02-29,-0.007358628373017927,-0.007358628373017927,3,3,CtG
2020-03-31,0.017873642823206304,0.017873642823206304,3,3,CtG
2020-04-30,-0.001692723346344835,-0.001692723346344835,3,3,CtG
2020-05-31,-0.012268908310467529,-0.012268908310467529,3,3,CtG
2020-06-30,-0.007106633248244184,-0.007106633248244184,3,3,CtG
2020-07-31,0.04616919653332716,0.04616919653332716,3,3,CtG
2020-08-31,0.02512262030931134,0.02512262030931134,3,3,CtG
2020-09-30,0.012096750083059042,0.012096750083059042,3,3,CtG
2020-10-31,-0.07624973082970664,-0.07624973082970664,3,3,CtG
2020-11-30,0.003981831982068711,0.003981831982068711,3,3,CtG
2020-12-31,0.029757496464697164,0.029757496464697164,3,3,CtG
2021-01-31,0.010532877799655569,0.010532877799655569,3,3,CtG
2021-02-28,-0.06311231683652284,-0.06311231683652284,3,3,CtG
2021-03-31,-0.03376600278739301,-0.03376600278739301,3,3,CtG
2021-04-30,-0.036868811472550424,-0.036868811472550424,3,3,CtG
2021-05-31,-0.0293123083522133,-0.0293123083522133,3,3,CtG
2021-06-30,0.021377909078581666,0.021377909078581666,3,3,CtG
2021-07-31,0.006803882518003456,0.006803882518003456,3,3,CtG
2021-08-31,-0.004803476513715818,-0.007205214770573728,2,3,CtG
2021-09-30,0.0032517513998233383,0.004877627099735007,2,3,CtG
2021-10-31,-0.0029713915800708493,-0.0029713915800708493,3,3,CtG
2021-11-30,0.004501816585268918,0.006752724877903377,2,3,CtG
2021-12-31,-0.022466204154235416,-0.03369930623135312,2,3,CtG
2022-01-31,-0.01608808867241777,-0.01608808867241777,3,3,CtG
2022-02-28,0.012902899707272193,0.012902899707272193,3,3,CtG
2022-03-31,0.005838925791218352,0.008758388686827528,2,3,CtG
2022-04-30,-0.05107502228151378,-0.05107502228151378,3,3,CtG
2022-05-31,-0.016967375303613582,-0.016967375303613582,3,3,CtG
2022-06-30,-0.027668477446817042,-0.027668477446817042,3,3,CtG
2022-07-31,-0.062461807577933265,-0.062461807577933265,3,3,CtG
2022-08-31,0.004122555479214008,0.004122555479214008,3,3,CtG
2022-09-30,0.015106344508320393,0.015106344508320393,3,3,CtG
2022-10-31,-0.013860043483336693,-0.013860043483336693,3,3,CtG
2022-11-30,0.020150369817111945,0.020150369817111945,3,3,CtG
2022-12-31,-0.00583212209893443,-0.00583212209893443,3,3,CtG
2023-01-31,-0.003908297518704938,-0.003908297518704938,3,3,CtG
2023-02-28,0.03420087994516042,0.03420087994516042,3,3,CtG
2023-03-31,-0.019017526609061353,-0.019017526609061353,3,3,CtG
2023-04-30,-0.016802236338840065,-0.016802236338840065,3,3,CtG
2023-05-31,-0.03718338799434059,-0.03718338799434059,3,3,CtG
2023-06-30,0.027277315921307877,0.027277315921307877,3,3,CtG
2023-07-31,-0.011451283619247883,-0.011451283619247883,3,3,CtG
2023-08-31,-0.040178067026202226,-0.040178067026202226,3,3,CtG
2023-09-30,-0.018755177408977457,-0.018755177408977457,3,3,CtG
2023-10-31,-0.0027528924056459112,-0.0027528924056459112,3,3,CtG
2023-11-30,0.0010112453756562917,0.0010112453756562917,3,3,CtG
2023-12-31,-0.013684783212781172,-0.013684783212781172,3,3,CtG
2024-01-31,-0.022935199681515858,-0.022935199681515858,3,3,CtG
2024-02-29,0.00834366345348355,0.00834366345348355,3,3,CtG
2024-03-31,-0.03944221792410874,-0.03944221792410874,3,3,CtG
2024-04-30,-0.02675503315741935,-0.02675503315741935,3,3,CtG
2024-05-31,0.002508409865190656,0.002508409865190656,3,3,CtG
2024-06-30,0.001126568941059247,0.001126568941059247,3,3,CtG
2024-07-31,-0.004124919540027851,-0.004124919540027851,3,3,CtG
2024-08-31,-0.030118044037723928,-0.030118044037723928,3,3,CtG
2024-09-30,-0.02686375168732091,-0.02686375168732091,3,3,CtG
2024-10-31,0.042811392909048875,0.042811392909048875,3,3,CtG
2024-11-30,-0.02559511536976958,-0.02559511536976958,3,3,CtG
2024-12-31,0.031862824226819186,0.031862824226819186,3,3,CtG
2025-01-31,0.016645182653094365,0.016645182653094365,3,3,CtG
2025-02-28,0.07370812825647062,0.07370812825647062,3,3,CtG
2025-03-31,0.0122735033207758,0.0122735033207758,3,3,CtG
2025-04-30,0.01598120710992704,0.01598120710992704,3,3,CtG
2025-05-31,0.0343580296797535,0.0343580296797535,3,3,CtG
2025-06-30,-0.03873194852242953,-0.03873194852242953,3,3,CtG
2025-07-31,-0.038827048862678064,-0.038827048862678064,3,3,CtG
2025-08-31,-0.0035930782182497325,-0.0035930782182497325,3,3,CtG
2025-09-30,0.009798494138228081,0.009798494138228081,3,3,CtG
2025-10-31,-0.018662924107674065,-0.018662924107674065,3,3,CtG
2025-11-30,-0.046454601579438086,-0.046454601579438086,3,3,CtG
2025-12-31,-0.012832959962542703,-0.012832959962542703,3,3,CtG
2006-01-31,0.0,,0,3,Distance
2006-02-28,0.0,,0,3,Distance
2006-03-31,0.0,,0,3,Distance
2006-04-30,0.0,,0,3,Distance
2006-05-31,0.00011102435210299281,0.00033307305630897845,1,3,Distance
2006-06-30,-0.0001353501513580032,-0.00040605045407400965,1,3,Distance
2006-07-31,0.0,,0,3,Distance
2006-08-31,0.0,,0,3,Distance
2006-09-30,0.0003831710301728461,0.0011495130905185384,1,3,Distance
2006-10-31,0.04450785457484104,0.06676178186226156,2,3,Distance
2006-11-30,-0.034151831768560174,-0.05122774765284026,2,3,Distance
2006-12-31,-0.0054097948951965305,-0.008114692342794796,2,3,Distance
2007-01-31,0.0,,0,3,Distance
2007-02-28,0.0,,0,3,Distance
2007-03-31,0.0,,0,3,Distance
2007-04-30,0.02696424579637663,0.040446368694564944,2,3,Distance
2007-05-31,-0.050499940649584574,-0.07574991097437686,2,3,Distance
2007-06-30,0.014302539732049072,0.04290761919614722,1,3,Distance
2007-07-31,0.010944693040727503,0.016417039561091255,2,3,Distance
2007-08-31,-0.013831921234493416,-0.020747881851740126,2,3,Distance
2007-09-30,0.008274710986441388,0.012412066479662082,2,3,Distance
2007-10-31,0.013608188586987938,0.020412282880481906,2,3,Distance
2007-11-30,0.014276236973531309,0.021414355460296963,2,3,Distance
2007-12-31,-0.0133954230024328,-0.0200931345036492,2,3,Distance
2008-01-31,0.0,,0,3,Distance
2008-02-29,-0.0035026427563847775,-0.010507928269154332,1,3,Distance
2008-03-31,-0.0057636407657109855,-0.008645461148566479,2,3,Distance
2008-04-30,-0.000923956815260182,-0.0013859352228902731,2,3,Distance
2008-05-31,-0.011500990759055854,-0.01725148613858378,2,3,Distance
2008-06-30,0.0028999584659014665,0.0043499376988522,2,3,Distance
2008-07-31,0.004810739800960411,0.014432219402881235,1,3,Distance
2008-08-31,-0.0006178538630740829,-0.0018535615892222488,1,3,Distance
2008-09-30,-0.012479177490516066,-0.0374375324715482,1,3,Distance
2008-10-31,-0.008099719651136086,-0.02429915895340826,1,3,Distance
2008-11-30,-0.003913263428581278,-0.011739790285743835,1,3,Distance
2008-12-31,0.0036188924641272486,0.010856677392381745,1,3,Distance
2009-01-31,0.0,,0,3,Distance
2009-02-28,-0.03272034704078581,-0.09816104112235742,1,3,Distance
2009-03-31,0.007333848722053643,0.02200154616616093,1,3,Distance
2009-04-30,0.009344890622543624,0.014017335933815437,2,3,Distance
2009-05-31,-0.002643393045497166,-0.002643393045497166,3,3,Distance
2009-06-30,-0.010288020493106889,-0.010288020493106889,3,3,Distance
2009-07-31,0.0,,0,3,Distance
2009-08-31,0.0,,0,3,Distance
2009-09-30,-0.00351374380328569,-0.01054123140985707,1,3,Distance
2009-10-31,0.021302821918552328,0.06390846575565698,1,3,Distance
2009-11-30,0.010773842517607367,0.0323215275528221,1,3,Distance
2009-12-31,0.009316200870562848,0.027948602611688543,1,3,Distance
2010-01-31,0.0,,0,3,Distance
2010-02-28,0.0,,0,3,Distance
2010-03-31,0.0,,0,3,Distance
2010-04-30,-0.00014388917172132934,-0.000431667515163988,1,3,Distance
2010-05-31,-0.01932631759914135,-0.05797895279742405,1,3,Distance
2010-06-30,-0.018587390434059582,-0.05576217130217875,1,3,Distance
2010-07-31,0.0,,0,3,Distance
2010-08-31,0.0,,0,3,Distance
2010-09-30,0.0,,0,3,Distance
2010-10-31,0.0,,0,3,Distance
2010-11-30,0.0,,0,3,Distance
2010-12-31,-0.001309320076879798,-0.003927960230639394,1,3,Distance
2011-01-31,-0.0027540874286697916,-0.008262262286009375,1,3,Distance
2011-02-28,0.010459806957252937,0.03137942087175881,1,3,Distance
2011-03-31,-0.00242562864856815,-0.007276885945704451,1,3,Distance
2011-04-30,-0.008026820588583332,-0.012040230882874998,2,3,Distance
2011-05-31,-0.000244837188126511,-0.00036725578218976644,2,3,Distance
2011-06-30,-0.01380872300584423,-0.020713084508766345,2,3,Distance
2011-07-31,0.0,,0,3,Distance
2011-08-31,0.017830288103326684,0.053490864309980055,1,3,Distance
2011-09-30,-0.031129094067900483,-0.09338728220370145,1,3,Distance
2011-10-31,0.019452612327301864,0.029178918490952794,2,3,Distance
2011-11-30,-0.014847128912357855,-0.022270693368536782,2,3,Distance
2011-12-31,0.009022138328396068,0.013533207492594103,2,3,Distance
2012-01-31,-0.0021701328577671893,-0.006510398573301568,1,3,Distance
2012-02-29,-0.042064492319974646,-0.12619347695992394,1,3,Distance
2012-03-31,-0.02902372681287936,-0.04353559021931904,2,3,Distance
2012-04-30,-0.00705815628571936,-0.01058723442857904,2,3,Distance
2012-05-31,-0.008975124454099464,-0.013462686681149196,2,3,Distance
2012-06-30,-0.005848790301594935,-0.008773185452392402,2,3,Distance
2012-07-31,0.0,,0,3,Distance
2012-08-31,0.0,,0,3,Distance
2012-09-30,0.0,,0,3,Distance
2012-10-31,0.006425950991171544,0.01927785297351463,1,3,Distance
2012-11-30,-0.009298035989305757,-0.013947053983958634,2,3,Distance
2012-12-31,-0.0017938125069852605,-0.0026907187604778907,2,3,Distance
2013-01-31,0.0,,0,3,Distance
2013-02-28,0.0,,0,3,Distance
2013-03-31,0.014067706056949666,0.042203118170849,1,3,Distance
2013-04-30,0.008466747831621673,0.008466747831621673,3,3,Distance
2013-05-31,-0.00814863892799447,-0.00814863892799447,3,3,Distance
2013-06-30,-0.07128966842209963,-0.07128966842209963,3,3,Distance
2013-07-31,0.0,,0,3,Distance
2013-08-31,-0.0019174563485848482,-0.0057523690457545445,1,3,Distance
2013-09-30,-0.0027275825196721587,-0.008182747559016476,1,3,Distance
2013-10-31,0.0017094388484355922,0.002564158272653388,2,3,Distance
2013-11-30,-0.005045562213557159,-0.007568343320335739,2,3,Distance
2013-12-31,0.007472418001006082,0.011208627001509123,2,3,Distance
2014-01-31,0.0,,0,3,Distance
2014-02-28,0.0,,0,3,Distance
2014-03-31,0.0,,0,3,Distance
2014-04-30,0.0,,0,3,Distance
2014-05-31,0.0,,0,3,Distance
2014-06-30,-0.001521337007655249,-0.004564011022965747,1,3,Distance
2014-07-31,0.0,,0,3,Distance
2014-08-31,0.0,,0,3,Distance
2014-09-30,0.0,,0,3,Distance
2014-10-31,0.0,,0,3,Distance
2014-11-30,-0.04165595766157252,-0.06248393649235878,2,3,Distance
2014-12-31,0.013307566740912073,0.01996135011136811,2,3,Distance
2015-01-31,0.0,,0,3,Distance
2015-02-28,0.0,,0,3,Distance
2015-03-31,0.0,,0,3,Distance
2015-04-30,0.0,,0,3,Distance
2015-05-31,0.0,,0,3,Distance
2015-06-30,0.0,,0,3,Distance
2015-07-31,-0.001990248826390766,-0.005970746479172298,1,3,Distance
2015-08-31,0.013105788914924971,0.019658683372387457,2,3,Distance
2015-09-30,0.00160584677107334,0.00240877015661001,2,3,Distance
2015-10-31,-0.02475409545961382,-0.03713114318942073,2,3,Distance
2015-11-30,-0.016807932530589455,-0.025211898795884185,2,3,Distance
2015-12-31,-0.04603822230643214,-0.0690573334596482,2,3,Distance
2016-01-31,0.0,,0,3,Distance
2016-02-29,0.0,,0,3,Distance
2016-03-31,0.0,,0,3,Distance
2016-04-30,0.0,,0,3,Distance
2016-05-31,0.0,,0,3,Distance
2016-06-30,0.0,,0,3,Distance
2016-07-31,0.0,,0,3,Distance
2016-08-31,0.0,,0,3,Distance
2016-09-30,0.0,,0,3,Distance
2016-10-31,0.0,,0,3,Distance
2016-11-30,-0.00037209508020321296,-0.0011162852406096388,1,3,Distance
2016-12-31,-0.005067954359712282,-0.015203863079136846,1,3,Distance
2017-01-31,0.0,,0,3,Distance
2017-02-28,-0.013511841981957063,-0.04053552594587119,1,3,Distance
2017-03-31,-0.014722391115016192,-0.04416717334504858,1,3,Distance
2017-04-30,0.0325112153803237,0.04876682307048555,2,3,Distance
2017-05-31,-0.018329371325263938,-0.027494056987895907,2,3,Distance
2017-06-30,-0.000910087326102336,-0.0013651309891535039,2,3,Distance
2017-07-31,0.0,,0,3,Distance
2017-08-31,0.0,,0,3,Distance
2017-09-30,0.0,,0,3,Distance
2017-10-31,-0.0002888280135165173,-0.0008664840405495519,1,3,Distance
2017-11-30,-0.0037726469002690075,-0.011317940700807022,1,3,Distance
2017-12-31,-0.00347955507892773,-0.01043866523678319,1,3,Distance
2018-01-31,-0.0012052347837413118,-0.0036157043512239353,1,3,Distance
2018-02-28,0.041470017920017574,0.12441005376005272,1,3,Distance
2018-03-31,0.003503067824146938,0.010509203472440814,1,3,Distance
2018-04-30,0.0,,0,3,Distance
2018-05-31,0.0,,0,3,Distance
2018-06-30,0.0,,0,3,Distance
2018-07-31,0.0,,0,3,Distance
2018-08-31,0.0,,0,3,Distance
2018-09-30,0.002507973444148787,0.00752392033244636,1,3,Distance
2018-10-31,-0.055827612049794494,-0.055827612049794494,3,3,Distance
2018-11-30,0.08306314301471372,0.08306314301471372,3,3,Distance
2018-12-31,-0.0058392132097675525,-0.0058392132097675525,3,3,Distance
2019-01-31,0.0,,0,3,Distance
2019-02-28,0.0,,0,3,Distance
2019-03-31,0.0,,0,3,Distance
2019-04-30,-0.0012522276507898236,-0.0037566829523694705,1,3,Distance
2019-05-31,0.03605291722612587,0.05407937583918881,2,3,Distance
2019-06-30,-0.04251855169272873,-0.0637778275390931,2,3,Distance
2019-07-31,0.0,,0,3,Distance
2019-08-31,0.0,,0,3,Distance
2019-09-30,0.0,,0,3,Distance
2019-10-31,0.0,,0,3,Distance
2019-11-30,-0.0003333333333333333,-0.001,1,3,Distance
2019-12-31,-0.021734261467094434,-0.03260139220064165,2,3,Distance
2020-01-31,0.0,,0,3,Distance
2020-02-29,0.01571315464591799,0.04713946393775397,1,3,Distance
2020-03-31,0.011392394186397843,0.017088591279596766,2,3,Distance
2020-04-30,-0.005627121144743913,-0.016881363434231737,1,3,Distance
2020-05-31,-0.00022990068780002083,-0.0006897020634000625,1,3,Distance
2020-06-30,-0.0007759807367567128,-0.0023279422102701385,1,3,Distance
2020-07-31,0.0,,0,3,Distance
2020-08-31,0.0,,0,3,Distance
2020-09-30,-0.010676570906641335,-0.032029712719924004,1,3,Distance
2020-10-31,0.05217239341506339,0.07825859012259509,2,3,Distance
2020-11-30,0.005529844736498593,0.008294767104747889,2,3,Distance
2020-12-31,-0.04315393094931445,-0.06473089642397167,2,3,Distance
2021-01-31,0.0,,0,3,Distance
2021-02-28,0.0,,0,3,Distance
2021-03-31,0.0,,0,3,Distance
2021-04-30,0.0,,0,3,Distance
2021-05-31,-0.006693105307529507,-0.02007931592258852,1,3,Distance
2021-06-30,0.018975401183310286,0.05692620354993086,1,3,Distance
2021-07-31,0.0,,0,3,Distance
2021-08-31,-0.0003333333333333333,-0.001,1,3,Distance
2021-09-30,0.0014893161106760526,0.004467948332028158,1,3,Distance
2021-10-31,-0.015453620076655974,-0.02318043011498396,2,3,Distance
2021-11-30,-0.009053490563775012,-0.013580235845662519,2,3,Distance
2021-12-31,0.03200308143502369,0.048004622152535543,2,3,Distance
2022-01-31,0.0,,0,3,Distance
2022-02-28,0.0,,0,3,Distance
2022-03-31,0.0,,0,3,Distance
2022-04-30,0.0,,0,3,Distance
2022-05-31,-0.0138386886073072,-0.0415160658219216,1,3,Distance
2022-06-30,-0.03484675847582497,-0.1045402754274749,1,3,Distance
2022-07-31,0.0,,0,3,Distance
2022-08-31,0.0,,0,3,Distance
2022-09-30,0.020455536890108733,0.0613666106703262,1,3,Distance
2022-10-31,-0.03812977549927223,-0.057194663248908345,2,3,Distance
2022-11-30,0.032359855063204095,0.04853978259480614,2,3,Distance
2022-12-31,-0.009628484892500918,-0.014442727338751378,2,3,Distance
2023-01-31,0.0,,0,3,Distance
2023-02-28,-0.007414110904987524,-0.011121166357481286,2,3,Distance
2023-03-31,0.0044883193817632444,0.006732479072644867,2,3,Distance
2023-04-30,0.003980596240406356,0.003980596240406356,3,3,Distance
2023-05-31,0.04447128106270889,0.04447128106270889,3,3,Distance
2023-06-30,-0.021338322377227617,-0.021338322377227617,3,3,Distance
2023-07-31,0.0,,0,3,Distance
2023-08-31,0.001166964506719764,0.003500893520159292,1,3,Distance
2023-09-30,-0.004363665703190242,-0.006545498554785364,2,3,Distance
2023-10-31,-0.0012428144851156324,-0.0018642217276734485,2,3,Distance
2023-11-30,0.008243208997621534,0.0123648134964323,2,3,Distance
2023-12-31,-0.00896949901928249,-0.013454248528923733,2,3,Distance
2024-01-31,0.0032558812786192184,0.009767643835857655,1,3,Distance
2024-02-29,0.011797184781020388,0.03539155434306116,1,3,Distance
2024-03-31,0.0007199897645348358,0.0021599692936045073,1,3,Distance
2024-04-30,0.020239835397385195,0.020239835397385195,3,3,Distance
2024-05-31,0.0160518425515382,0.0240777638273073,2,3,Distance
2024-06-30,0.0066778047381167585,0.010016707107175138,2,3,Distance
2024-07-31,0.0,,0,3,Distance
2024-08-31,0.0,,0,3,Distance
2024-09-30,-0.005455054870767462,-0.016365164612302384,1,3,Distance
2024-10-31,0.019558271320270562,0.058674813960811686,1,3,Distance
2024-11-30,-0.015135230660816306,-0.04540569198244892,1,3,Distance
2024-12-31,0.0030139881147979264,0.009041964344393779,1,3,Distance
2025-01-31,0.0,,0,3,Distance
2025-02-28,0.0,,0,3,Distance
2025-03-31,0.01065123920220186,0.03195371760660558,1,3,Distance
2025-04-30,0.005982447875100065,0.017947343625300195,1,3,Distance
2025-05-31,-0.003821108833581119,-0.011463326500743358,1,3,Distance
2025-06-30,-0.0289700539232453,-0.0869101617697359,1,3,Distance
2025-07-31,0.0,,0,3,Distance
2025-08-31,0.006441694624205636,0.01932508387261691,1,3,Distance
2025-09-30,-0.0008499119392130402,-0.0012748679088195602,2,3,Distance
2025-10-31,-0.032176800060523654,-0.048265200090785484,2,3,Distance
2025-11-30,-0.0418569158638663,-0.06278537379579945,2,3,Distance
2025-12-31,0.001343664892339575,0.0020154973385093622,2,3,Distance
2006-01-31,0.0,,0,3,Cointegration
2006-02-28,0.0,,0,3,Cointegration
2006-03-31,0.0,,0,3,Cointegration
2006-04-30,0.0,,0,3,Cointegration
2006-05-31,0.0,,0,3,Cointegration
2006-06-30,0.0,,0,3,Cointegration
2006-07-31,0.0,,0,3,Cointegration
2006-08-31,0.0,,0,3,Cointegration
2006-09-30,0.0,,0,3,Cointegration
2006-10-31,0.0,,0,3,Cointegration
2006-11-30,0.0,,0,3,Cointegration
2006-12-31,0.0,,0,3,Cointegration
2007-01-31,0.0,,0,3,Cointegration
2007-02-28,0.0,,0,3,Cointegration
2007-03-31,0.0,,0,3,Cointegration
2007-04-30,0.0,,0,3,Cointegration
2007-05-31,0.0,,0,3,Cointegration
2007-06-30,0.0,,0,3,Cointegration
2007-07-31,-0.010799523230695761,-0.032398569692087285,1,3,Cointegration
2007-08-31,-0.005787901107031583,-0.01736370332109475,1,3,Cointegration
2007-09-30,0.010707771168394572,0.032123313505183715,1,3,Cointegration
2007-10-31,0.007089761369145352,0.021269284107436056,1,3,Cointegration
2007-11-30,0.0031160728376708833,0.00934821851301265,1,3,Cointegration
2007-12-31,-0.008384379781598542,-0.025153139344795624,1,3,Cointegration
2008-01-31,0.0,,0,3,Cointegration
2008-02-29,0.0,,0,3,Cointegration
2008-03-31,0.0,,0,3,Cointegration
2008-04-30,0.0,,0,3,Cointegration
2008-05-31,0.0,,0,3,Cointegration
2008-06-30,0.0,,0,3,Cointegration
2008-07-31,0.0,,0,3,Cointegration
2008-08-31,0.0,,0,3,Cointegration
2008-09-30,0.0,,0,3,Cointegration
2008-10-31,0.0,,0,3,Cointegration
2008-11-30,0.0,,0,3,Cointegration
2008-12-31,0.0,,0,3,Cointegration
2009-01-31,0.0,,0,3,Cointegration
2009-02-28,0.0,,0,3,Cointegration
2009-03-31,0.0,,0,3,Cointegration
2009-04-30,0.0,,0,3,Cointegration
2009-05-31,0.0,,0,3,Cointegration
2009-06-30,0.0,,0,3,Cointegration
2009-07-31,0.0,,0,3,Cointegration
2009-08-31,0.0,,0,3,Cointegration
2009-09-30,0.002480325119841731,0.007440975359525193,1,3,Cointegration
2009-10-31,0.03368130979521867,0.101043929385656,1,3,Cointegration
2009-11-30,0.0,,0,3,Cointegration
2009-12-31,0.010097676365739003,0.03029302909721701,1,3,Cointegration
2010-01-31,0.0,,0,3,Cointegration
2010-02-28,0.0,,0,3,Cointegration
2010-03-31,-0.00241364690727703,-0.007240940721831091,1,3,Cointegration
2010-04-30,-0.00498867083355693,-0.014966012500670789,1,3,Cointegration
2010-05-31,0.02813106995036983,0.08439320985110949,1,3,Cointegration
2010-06-30,0.011555206622193984,0.034665619866581954,1,3,Cointegration
2010-07-31,0.0,,0,3,Cointegration
2010-08-31,0.0,,0,3,Cointegration
2010-09-30,0.0,,0,3,Cointegration
2010-10-31,0.0,,0,3,Cointegration
2010-11-30,0.0,,0,3,Cointegration
2010-12-31,0.0,,0,3,Cointegration
2011-01-31,0.0,,0,3,Cointegration
2011-02-28,0.0,,0,3,Cointegration
2011-03-31,0.0,,0,3,Cointegration
2011-04-30,0.0,,0,3,Cointegration
2011-05-31,0.0,,0,3,Cointegration
2011-06-30,0.0,,0,3,Cointegration
2011-07-31,0.0,,0,3,Cointegration
2011-08-31,0.0,,0,3,Cointegration
2011-09-30,0.0,,0,3,Cointegration
2011-10-31,0.0,,0,3,Cointegration
2011-11-30,0.0,,0,3,Cointegration
2011-12-31,0.0,,0,3,Cointegration
2012-01-31,0.0,,0,3,Cointegration
2012-02-29,0.0,,0,3,Cointegration
2012-03-31,0.0,,0,3,Cointegration
2012-04-30,0.0,,0,3,Cointegration
2012-05-31,0.0,,0,3,Cointegration
2012-06-30,0.0,,0,3,Cointegration
2012-07-31,0.012346355074697073,0.03703906522409122,1,3,Cointegration
2012-08-31,-0.011811668362890597,-0.03543500508867179,1,3,Cointegration
2012-09-30,0.01113160330072017,0.03339480990216051,1,3,Cointegration
2012-10-31,-0.014797853050905386,-0.04439355915271616,1,3,Cointegration
2012-11-30,-0.009200846181390087,-0.02760253854417026,1,3,Cointegration
2012-12-31,-0.0018894784298024297,-0.005668435289407289,1,3,Cointegration
2013-01-31,0.0,,0,3,Cointegration
2013-02-28,0.0,,0,3,Cointegration
2013-03-31,0.0,,0,3,Cointegration
2013-04-30,0.0,,0,3,Cointegration
2013-05-31,0.0,,0,3,Cointegration
2013-06-30,0.0,,0,3,Cointegration
2013-07-31,0.0,,0,3,Cointegration
2013-08-31,0.0,,0,3,Cointegration
2013-09-30,0.0,,0,3,Cointegration
2013-10-31,0.0,,0,3,Cointegration
2013-11-30,0.0,,0,3,Cointegration
2013-12-31,0.0,,0,3,Cointegration
2014-01-31,0.0,,0,3,Cointegration
2014-02-28,0.0,,0,3,Cointegration
2014-03-31,0.0,,0,3,Cointegration
2014-04-30,0.0,,0,3,Cointegration
2014-05-31,0.0,,0,3,Cointegration
2014-06-30,0.0,,0,3,Cointegration
2014-07-31,0.0,,0,3,Cointegration
2014-08-31,0.0,,0,3,Cointegration
2014-09-30,0.0,,0,3,Cointegration
2014-10-31,0.0,,0,3,Cointegration
2014-11-30,0.0,,0,3,Cointegration
2014-12-31,0.0,,0,3,Cointegration
2015-01-31,0.0,,0,3,Cointegration
2015-02-28,0.0,,0,3,Cointegration
2015-03-31,0.0,,0,3,Cointegration
2015-04-30,0.0,,0,3,Cointegration
2015-05-31,0.0,,0,3,Cointegration
2015-06-30,0.0,,0,3,Cointegration
2015-07-31,0.0,,0,3,Cointegration
2015-08-31,0.0,,0,3,Cointegration
2015-09-30,0.0,,0,3,Cointegration
2015-10-31,0.0,,0,3,Cointegration
2015-11-30,0.0,,0,3,Cointegration
2015-12-31,0.0,,0,3,Cointegration
2016-01-31,0.0,,0,3,Cointegration
2016-02-29,0.0,,0,3,Cointegration
2016-03-31,0.0,,0,3,Cointegration
2016-04-30,0.0,,0,3,Cointegration
2016-05-31,0.0,,0,3,Cointegration
2016-06-30,0.0,,0,3,Cointegration
2016-07-31,0.0,,0,3,Cointegration
2016-08-31,0.0,,0,3,Cointegration
2016-09-30,0.0,,0,3,Cointegration
2016-10-31,0.0,,0,3,Cointegration
2016-11-30,0.0,,0,3,Cointegration
2016-12-31,0.0,,0,3,Cointegration
2017-01-31,0.013510907293129357,0.04053272187938807,1,3,Cointegration
2017-02-28,-0.002618435242452565,-0.007855305727357695,1,3,Cointegration
2017-03-31,-0.008946367708668234,-0.01341955156300235,2,3,Cointegration
2017-04-30,-0.000153216631205109,-0.00022982494680766352,2,3,Cointegration
2017-05-31,-0.02224563213406201,-0.03336844820109301,2,3,Cointegration
2017-06-30,0.01439192475269393,0.021587887129040896,2,3,Cointegration
2017-07-31,0.0,,0,3,Cointegration
2017-08-31,0.0,,0,3,Cointegration
2017-09-30,0.0,,0,3,Cointegration
2017-10-31,0.0,,0,3,Cointegration
2017-11-30,0.0,,0,3,Cointegration
2017-12-31,0.0,,0,3,Cointegration
2018-01-31,0.0,,0,3,Cointegration
2018-02-28,0.0,,0,3,Cointegration
2018-03-31,0.0,,0,3,Cointegration
2018-04-30,0.0,,0,3,Cointegration
2018-05-31,0.0,,0,3,Cointegration
2018-06-30,0.0,,0,3,Cointegration
2018-07-31,0.0,,0,3,Cointegration
2018-08-31,0.0,,0,3,Cointegration
2018-09-30,0.0,,0,3,Cointegration
2018-10-31,0.0,,0,3,Cointegration
2018-11-30,0.0,,0,3,Cointegration
2018-12-31,0.0,,0,3,Cointegration
2019-01-31,0.0,,0,3,Cointegration
2019-02-28,0.0,,0,3,Cointegration
2019-03-31,0.0,,0,3,Cointegration
2019-04-30,0.0,,0,3,Cointegration
2019-05-31,0.0,,0,3,Cointegration
2019-06-30,0.0,,0,3,Cointegration
2019-07-31,0.0,,0,3,Cointegration
2019-08-31,0.0,,0,3,Cointegration
2019-09-30,0.0,,0,3,Cointegration
2019-10-31,0.0,,0,3,Cointegration
2019-11-30,0.0,,0,3,Cointegration
2019-12-31,0.0,,0,3,Cointegration
2020-01-31,0.0,,0,3,Cointegration
2020-02-29,0.0,,0,3,Cointegration
2020-03-31,0.0,,0,3,Cointegration
2020-04-30,0.0,,0,3,Cointegration
2020-05-31,0.0,,0,3,Cointegration
2020-06-30,0.0,,0,3,Cointegration
2020-07-31,0.0,,0,3,Cointegration
2020-08-31,0.0,,0,3,Cointegration
2020-09-30,0.0,,0,3,Cointegration
2020-10-31,0.0,,0,3,Cointegration
2020-11-30,0.0,,0,3,Cointegration
2020-12-31,0.0,,0,3,Cointegration
2021-01-31,0.0,,0,3,Cointegration
2021-02-28,0.0,,0,3,Cointegration
2021-03-31,0.0,,0,3,Cointegration
2021-04-30,0.0,,0,3,Cointegration
2021-05-31,0.0,,0,3,Cointegration
2021-06-30,0.0,,0,3,Cointegration
2021-07-31,0.0,,0,3,Cointegration
2021-08-31,0.0,,0,3,Cointegration
2021-09-30,0.0,,0,3,Cointegration
2021-10-31,0.0,,0,3,Cointegration
2021-11-30,0.0,,0,3,Cointegration
2021-12-31,0.0,,0,3,Cointegration
2022-01-31,0.0,,0,3,Cointegration
2022-02-28,0.0,,0,3,Cointegration
2022-03-31,0.0,,0,3,Cointegration
2022-04-30,0.0,,0,3,Cointegration
2022-05-31,0.0,,0,3,Cointegration
2022-06-30,0.0,,0,3,Cointegration
2022-07-31,0.0,,0,3,Cointegration
2022-08-31,0.0,,0,3,Cointegration
2022-09-30,0.0,,0,3,Cointegration
2022-10-31,0.0,,0,3,Cointegration
2022-11-30,0.0,,0,3,Cointegration
2022-12-31,0.0,,0,3,Cointegration
2023-01-31,0.0,,0,3,Cointegration
2023-02-28,0.0,,0,3,Cointegration
2023-03-31,0.0,,0,3,Cointegration
2023-04-30,0.0,,0,3,Cointegration
2023-05-31,0.0,,0,3,Cointegration
2023-06-30,0.0,,0,3,Cointegration
2023-07-31,0.0,,0,3,Cointegration
2023-08-31,0.0,,0,3,Cointegration
2023-09-30,0.0,,0,3,Cointegration
2023-10-31,0.0,,0,3,Cointegration
2023-11-30,0.0,,0,3,Cointegration
2023-12-31,0.0,,0,3,Cointegration
2024-01-31,0.0,,0,3,Cointegration
2024-02-29,0.0,,0,3,Cointegration
2024-03-31,0.0,,0,3,Cointegration
2024-04-30,0.0,,0,3,Cointegration
2024-05-31,0.0,,0,3,Cointegration
2024-06-30,0.0,,0,3,Cointegration
2024-07-31,0.0,,0,3,Cointegration
2024-08-31,0.0,,0,3,Cointegration
2024-09-30,0.0,,0,3,Cointegration
2024-10-31,0.0,,0,3,Cointegration
2024-11-30,0.0,,0,3,Cointegration
2024-12-31,0.0,,0,3,Cointegration
2025-01-31,0.0,,0,3,Cointegration
2025-02-28,0.0,,0,3,Cointegration
2025-03-31,0.0,,0,3,Cointegration
2025-04-30,0.0,,0,3,Cointegration
2025-05-31,0.0,,0,3,Cointegration
2025-06-30,0.0,,0,3,Cointegration
2025-07-31,0.0,,0,3,Cointegration
2025-08-31,0.0,,0,3,Cointegration
2025-09-30,0.0,,0,3,Cointegration
2025-10-31,0.0,,0,3,Cointegration
2025-11-30,0.0,,0,3,Cointegration
2025-12-31,0.0,,0,3,Cointegration
