window,pair,threshold,exit_rule,return_net,return_gross,turnover,trades,days
2006-01-01,AAPL-GOOG,0.05,either,0.13407404476273183,0.14204536659529973,15.94264366513579,4,125
2006-01-01,AAPL-GOOG,0.05,both,-0.10053113340099565,-0.09669299861594532,7.676269570100646,2,125
2006-01-01,AAPL-GOOG,0.1,either,0.04717321871243014,0.05111608147592728,7.885725526994264,2,125
2006-01-01,AAPL-GOOG,0.1,both,-0.10053113340099565,-0.09669299861594532,7.676269570100646,2,125
2006-01-01,AAPL-GOOG,0.15,either,0.055112484929707786,0.057055654810117096,3.8863397608186103,1,125
2006-01-01,AAPL-GOOG,0.15,both,-0.19846717447918097,-0.1965970433607415,3.7402622368789746,1,125
2006-01-01,AAPL-GOOG,0.2,either,0.055112484929707786,0.057055654810117096,3.8863397608186103,1,125
2006-01-01,AAPL-GOOG,0.2,both,-0.19846717447918097,-0.1965970433607415,3.7402622368789746,1,125
2006-01-01,AAPL-GOOG,0.25,either,0.08289841541222905,0.08485280886452015,3.9087869045822243,1,125
2006-01-01,AAPL-GOOG,0.25,both,-0.17568855914484732,-0.17380986675295518,3.7573847837843233,1,125
2006-01-01,AAPL-GOOG,0.3,either,0.08289841541222905,0.08485280886452015,3.9087869045822243,1,125
2006-01-01,AAPL-GOOG,0.3,both,-0.17568855914484732,-0.17380986675295518,3.7573847837843233,1,125
2006-01-01,AAPL-GOOG,0.35,either,0.08289841541222905,0.08485280886452015,3.9087869045822243,1,125
2006-01-01,AAPL-GOOG,0.35,both,-0.17568855914484732,-0.17380986675295518,3.7573847837843233,1,125
2006-01-01,AAPL-GOOG,0.4,either,0.08289841541222905,0.08485280886452015,3.9087869045822243,1,125
2006-01-01,AAPL-GOOG,0.4,both,-0.17568855914484732,-0.17380986675295518,3.7573847837843233,1,125
2006-01-01,AAPL-GOOG,0.45,either,0.08289841541222905,0.08485280886452015,3.9087869045822243,1,125
2006-01-01,AAPL-GOOG,0.45,both,-0.17568855914484732,-0.17380986675295518,3.7573847837843233,1,125
2006-01-01,AAPL-GOOG,0.5,either,0.08289841541222905,0.08485280886452015,3.9087869045822243,1,125
2006-01-01,AAPL-GOOG,0.5,both,-0.17568855914484732,-0.17380986675295518,3.7573847837843233,1,125
2006-01-01,AAPL-GOOG,0.55,either,0.08540618176483449,0.08736347167970446,3.9145798297399623,1,125
2006-01-01,AAPL-GOOG,0.55,both,-0.174130892498895,-0.17224968237322477,3.7624202513403935,1,125
2006-01-01,IBM-SPY,0.05,either,0.0445735275062744,0.05857103370649105,27.995012400433275,7,125
2006-01-01,IBM-SPY,0.05,both,0.03950772012492863,0.04347525837465613,7.935076499454958,2,125
2006-01-01,IBM-SPY,0.1,either,0.0445735275062744,0.05857103370649105,27.995012400433275,7,125
2006-01-01,IBM-SPY,0.1,both,0.03950772012492863,0.04347525837465613,7.935076499454958,2,125
2006-01-01,IBM-SPY,0.15,either,0.04389754304180693,0.05789743245911221,27.99977883461051,7,125
2006-01-01,IBM-SPY,0.15,both,0.03950772012492863,0.04347525837465613,7.935076499454958,2,125
2006-01-01,IBM-SPY,0.2,either,0.04617900863291453,0.05816193891627382,23.96586056671855,6,125
2006-01-01,IBM-SPY,0.2,both,0.03950772012492863,0.04347525837465613,7.935076499454958,2,125
2006-01-01,IBM-SPY,0.25,either,0.06365335801131627,0.07563603420142771,23.965352380222843,6,125
2006-01-01,IBM-SPY,0.25,both,0.03950772012492863,0.04347525837465613,7.935076499454958,2,125
2006-01-01,IBM-SPY,0.3,either,0.06365335801131627,0.07563603420142771,23.965352380222843,6,125
2006-01-01,IBM-SPY,0.3,both,0.03950772012492863,0.04347525837465613,7.935076499454958,2,125
2006-01-01,IBM-SPY,0.35,either,0.08435891298428286,0.09432905980732705,19.94029364608838,5,125
2006-01-01,IBM-SPY,0.35,both,0.03950772012492863,0.04347525837465613,7.935076499454958,2,125
2006-01-01,IBM-SPY,0.4,either,0.07818582903935206,0.08815225246584452,19.932846852984877,5,125
2006-01-01,IBM-SPY,0.4,both,0.033531596334318334,0.03749551657464,7.927840480643343,2,125
2006-01-01,IBM-SPY,0.45,either,0.07818582903935206,0.08815225246584452,19.932846852984877,5,125
2006-01-01,IBM-SPY,0.45,both,0.033531596334318334,0.03749551657464,7.927840480643343,2,125
2006-01-01,IBM-SPY,0.5,either,0.07818582903935206,0.08815225246584452,19.932846852984877,5,125
2006-01-01,IBM-SPY,0.5,both,0.033531596334318334,0.03749551657464,7.927840480643343,2,125
2006-01-01,IBM-SPY,0.55,either,0.07818582903935206,0.08815225246584452,19.932846852984877,5,125
2006-01-01,IBM-SPY,0.55,both,0.033531596334318334,0.03749551657464,7.927840480643343,2,125
2006-01-01,DIA-SPY,0.05,either,-0.030670070929640116,-0.02463436479641936,12.07141226644153,3,125
2006-01-01,DIA-SPY,0.05,both,-0.03394876744871024,-0.029920272593308136,8.056989710804192,2,125
2006-01-01,DIA-SPY,0.1,either,-0.030670070929640116,-0.02463436479641936,12.07141226644153,3,125
2006-01-01,DIA-SPY,0.1,both,-0.03394876744871024,-0.029920272593308136,8.056989710804192,2,125
2006-01-01,DIA-SPY,0.15,either,-0.030670070929640116,-0.02463436479641936,12.07141226644153,3,125
2006-01-01,DIA-SPY,0.15,both,-0.03394876744871024,-0.029920272593308136,8.056989710804192,2,125
2006-01-01,DIA-SPY,0.2,either,-0.030670070929640116,-0.02463436479641936,12.07141226644153,3,125
2006-01-01,DIA-SPY,0.2,both,-0.03394876744871024,-0.029920272593308136,8.056989710804192,2,125
2006-01-01,DIA-SPY,0.25,either,-0.031529185587066993,-0.025490597406500486,12.077176361133029,3,125
2006-01-01,DIA-SPY,0.25,both,-0.03460350962004455,-0.030575968384028367,8.055082472032352,2,125
2006-01-01,DIA-SPY,0.3,either,-0.031529185587066993,-0.025490597406500486,12.077176361133029,3,125
2006-01-01,DIA-SPY,0.3,both,-0.03460350962004455,-0.030575968384028367,8.055082472032352,2,125
2006-01-01,DIA-SPY,0.35,either,-0.028606535359047478,-0.024579424940311435,8.054220837472107,2,125
2006-01-01,DIA-SPY,0.35,both,-0.028606535359047478,-0.024579424940311435,8.054220837472107,2,125
2006-01-01,DIA-SPY,0.4,either,-0.028606535359047478,-0.024579424940311435,8.054220837472107,2,125
2006-01-01,DIA-SPY,0.4,both,-0.028606535359047478,-0.024579424940311435,8.054220837472107,2,125
2006-01-01,DIA-SPY,0.45,either,-0.028606535359047478,-0.024579424940311435,8.054220837472107,2,125
2006-01-01,DIA-SPY,0.45,both,-0.028606535359047478,-0.024579424940311435,8.054220837472107,2,125
2006-01-01,DIA-SPY,0.5,either,-0.028606535359047478,-0.024579424940311435,8.054220837472107,2,125
2006-01-01,DIA-SPY,0.5,both,-0.028606535359047478,-0.024579424940311435,8.054220837472107,2,125
2006-01-01,DIA-SPY,0.55,either,-0.028606535359047478,-0.024579424940311435,8.054220837472107,2,125
2006-01-01,DIA-SPY,0.55,both,-0.028606535359047478,-0.024579424940311435,8.054220837472107,2,125
2006-07-01,AAPL-GOOG,0.05,either,-0.23877482194723854,-0.2325235669568774,12.502509980722289,3,126
2006-07-01,AAPL-GOOG,0.05,both,-0.024630813594304163,-0.020349223062619853,8.56318106336861,2,126
2006-07-01,AAPL-GOOG,0.1,either,-0.2090687073387153,-0.20282336423084982,12.490686215730925,3,126
2006-07-01,AAPL-GOOG,0.1,both,-0.023373337404351435,-0.01908510729599147,8.576460216719907,2,126
2006-07-01,AAPL-GOOG,0.15,either,-0.2090687073387153,-0.20282336423084982,12.490686215730925,3,126
2006-07-01,AAPL-GOOG,0.15,both,-0.023373337404351435,-0.01908510729599147,8.576460216719907,2,126
2006-07-01,AAPL-GOOG,0.2,either,-0.21600088096156894,-0.2097390788361874,12.523604250763029,3,126
2006-07-01,AAPL-GOOG,0.2,both,-0.023373337404351435,-0.01908510729599147,8.576460216719907,2,126
2006-07-01,AAPL-GOOG,0.25,either,-0.14335386382681264,-0.13908530764913868,8.537112355347869,2,126
2006-07-01,AAPL-GOOG,0.25,both,0.030093258417673838,0.03436660461619778,8.546692397047805,2,126
2006-07-01,AAPL-GOOG,0.3,either,-0.14335386382681264,-0.13908530764913868,8.537112355347869,2,126
2006-07-01,AAPL-GOOG,0.3,both,0.030093258417673838,0.03436660461619778,8.546692397047805,2,126
2006-07-01,AAPL-GOOG,0.35,either,-0.1360842496881366,-0.13382283745028922,4.5228244756947005,1,126
2006-07-01,AAPL-GOOG,0.35,both,-0.1360842496881366,-0.13382283745028922,4.5228244756947005,1,126
2006-07-01,AAPL-GOOG,0.4,either,-0.1360842496881366,-0.13382283745028922,4.5228244756947005,1,126
2006-07-01,AAPL-GOOG,0.4,both,-0.1360842496881366,-0.13382283745028922,4.5228244756947005,1,126
2006-07-01,AAPL-GOOG,0.45,either,-0.1360842496881366,-0.13382283745028922,4.5228244756947005,1,126
2006-07-01,AAPL-GOOG,0.45,both,-0.1360842496881366,-0.13382283745028922,4.5228244756947005,1,126
2006-07-01,AAPL-GOOG,0.5,either,-0.13625673431995897,-0.1339855570907313,4.542354458455383,1,126
2006-07-01,AAPL-GOOG,0.5,both,-0.13625673431995897,-0.1339855570907313,4.542354458455383,1,126
2006-07-01,AAPL-GOOG,0.55,either,-0.13625673431995897,-0.1339855570907313,4.542354458455383,1,126
2006-07-01,AAPL-GOOG,0.55,both,-0.13625673431995897,-0.1339855570907313,4.542354458455383,1,126
2006-07-01,IBM-SPY,0.05,either,-0.03574210027599835,-0.02564882945293532,20.18654164612607,5,126
2006-07-01,IBM-SPY,0.05,both,-0.13479822556097787,-0.1326062800116845,4.383891098586748,1,126
2006-07-01,IBM-SPY,0.1,either,-0.03691486257782665,-0.026822633529201195,20.18445809725089,5,126
2006-07-01,IBM-SPY,0.1,both,-0.13479822556097787,-0.1326062800116845,4.383891098586748,1,126
2006-07-01,IBM-SPY,0.15,either,-0.03691486257782665,-0.026822633529201195,20.18445809725089,5,126
2006-07-01,IBM-SPY,0.15,both,-0.13479822556097787,-0.1326062800116845,4.383891098586748,1,126
2006-07-01,IBM-SPY,0.2,either,-0.021420994211090182,-0.013348389196271702,16.145210029636964,4,126
2006-07-01,IBM-SPY,0.2,both,-0.13290597307236876,-0.13071823983207936,4.375466480578837,1,126
2006-07-01,IBM-SPY,0.25,either,-0.019447104796479674,-0.013396572695493927,12.101064201971468,3,126
2006-07-01,IBM-SPY,0.25,both,-0.13290597307236876,-0.13071823983207936,4.375466480578837,1,126
2006-07-01,IBM-SPY,0.3,either,-0.0067644271836412775,-0.0027304852696938466,8.06788382789486,2,126
2006-07-01,IBM-SPY,0.3,both,-0.13290597307236876,-0.13071823983207936,4.375466480578837,1,126
2006-07-01,IBM-SPY,0.35,either,-0.0067644271836412775,-0.0027304852696938466,8.06788382789486,2,126
2006-07-01,IBM-SPY,0.35,both,-0.13290597307236876,-0.13071823983207936,4.375466480578837,1,126
2006-07-01,IBM-SPY,0.4,either,-0.0067644271836412775,-0.0027304852696938466,8.06788382789486,2,126
2006-07-01,IBM-SPY,0.4,both,-0.13290597307236876,-0.13071823983207936,4.375466480578837,1,126
2006-07-01,IBM-SPY,0.45,either,0.0006212596822948446,0.004652587849499946,8.0626563344102,2,126
2006-07-01,IBM-SPY,0.45,both,-0.13290597307236876,-0.13071823983207936,4.375466480578837,1,126
2006-07-01,IBM-SPY,0.5,either,-0.013789131989179472,-0.009744226763330368,8.089810451698195,2,126
2006-07-01,IBM-SPY,0.5,both,-0.152949153448268,-0.15074404945717781,4.41020798218038,1,126
2006-07-01,IBM-SPY,0.55,either,-0.019725880102497928,-0.017656404103990296,4.1389519970152575,1,126
2006-07-01,IBM-SPY,0.55,both,-0.14751627347704832,-0.14532483581985636,4.382875314383936,1,126
2006-07-01,DIA-SPY,0.05,either,0.0031947394254480117,0.015316929591221393,24.24438033154677,6,126
2006-07-01,DIA-SPY,0.05,both,-9.222847853279753e-05,0.004033763034227132,8.25198302551986,2,126
2006-07-01,DIA-SPY,0.1,either,-0.0002963139537475897,0.011821235387641365,24.235098682777913,6,126
2006-07-01,DIA-SPY,0.1,both,-0.0035832818577284007,0.0005380688306471035,8.242701376751004,2,126
2006-07-01,DIA-SPY,0.15,either,-0.0002963139537475897,0.011821235387641365,24.235098682777913,6,126
2006-07-01,DIA-SPY,0.15,both,-0.0035832818577284007,0.0005380688306471035,8.242701376751004,2,126
2006-07-01,DIA-SPY,0.2,either,-0.0018920909281740443,0.008213082494909985,20.210346846168047,5,126
2006-07-01,DIA-SPY,0.2,both,-0.0035832818577284007,0.0005380688306471035,8.242701376751004,2,126
2006-07-01,DIA-SPY,0.25,either,-0.00023945943750364594,0.009861740131982034,20.20239913897136,5,126
2006-07-01,DIA-SPY,0.25,both,-0.0018730771348753142,0.0022441708153788627,8.234495900508351,2,126
2006-07-01,DIA-SPY,0.3,either,0.007014620726418515,0.013129682519344765,12.230123585852496,3,126
2006-07-01,DIA-SPY,0.3,both,0.004113000234694073,0.006250876390686227,4.275752311984306,1,126
2006-07-01,DIA-SPY,0.35,either,0.007014620726418515,0.013129682519344765,12.230123585852496,3,126
2006-07-01,DIA-SPY,0.35,both,0.004113000234694073,0.006250876390686227,4.275752311984306,1,126
2006-07-01,DIA-SPY,0.4,either,0.007014620726418515,0.013129682519344765,12.230123585852496,3,126
2006-07-01,DIA-SPY,0.4,both,0.004113000234694073,0.006250876390686227,4.275752311984306,1,126
2006-07-01,DIA-SPY,0.45,either,0.007867739342984197,0.013982793199984267,12.23010771400014,3,126
2006-07-01,DIA-SPY,0.45,both,0.004113000234694073,0.006250876390686227,4.275752311984306,1,126
2006-07-01,DIA-SPY,0.5,either,0.007867739342984197,0.013982793199984267,12.23010771400014,3,126
2006-07-01,DIA-SPY,0.5,both,0.004113000234694073,0.006250876390686227,4.275752311984306,1,126
2006-07-01,DIA-SPY,0.55,either,0.007867739342984197,0.013982793199984267,12.23010771400014,3,126
2006-07-01,DIA-SPY,0.55,both,0.004113000234694073,0.006250876390686227,4.275752311984306,1,126
2007-01-01,AAPL-GOOG,0.05,either,-0.08724542848956313,-0.0788741221126753,16.74261275377569,4,124
2007-01-01,AAPL-GOOG,0.05,both,-0.19043433225993794,-0.1861699142504375,8.528836019000973,2,124
2007-01-01,AAPL-GOOG,0.1,either,-0.08724542848956313,-0.0788741221126753,16.74261275377569,4,124
2007-01-01,AAPL-GOOG,0.1,both,-0.19043433225993794,-0.1861699142504375,8.528836019000973,2,124
2007-01-01,AAPL-GOOG,0.15,either,-0.07865400895260355,-0.07228751125503906,12.73299539512902,3,124
2007-01-01,AAPL-GOOG,0.15,both,-0.19043433225993794,-0.1861699142504375,8.528836019000973,2,124
2007-01-01,AAPL-GOOG,0.2,either,-0.07865400895260355,-0.07228751125503906,12.73299539512902,3,124
2007-01-01,AAPL-GOOG,0.2,both,-0.19043433225993794,-0.1861699142504375,8.528836019000973,2,124
2007-01-01,AAPL-GOOG,0.25,either,-0.07865400895260355,-0.07228751125503906,12.73299539512902,3,124
2007-01-01,AAPL-GOOG,0.25,both,-0.19043433225993794,-0.1861699142504375,8.528836019000973,2,124
2007-01-01,AAPL-GOOG,0.3,either,-0.08270488785142632,-0.07638548174857132,12.638812205709971,3,124
2007-01-01,AAPL-GOOG,0.3,both,-0.19448521115876075,-0.19026788474396977,8.434652829581925,2,124
2007-01-01,AAPL-GOOG,0.35,either,-0.08270488785142632,-0.07638548174857132,12.638812205709971,3,124
2007-01-01,AAPL-GOOG,0.35,both,-0.19448521115876075,-0.19026788474396977,8.434652829581925,2,124
2007-01-01,AAPL-GOOG,0.4,either,-0.08014551657145261,-0.07380026704675345,12.690499049398298,3,124
2007-01-01,AAPL-GOOG,0.4,both,-0.19432548888717094,-0.1901012786932557,8.448420387830492,2,124
2007-01-01,AAPL-GOOG,0.45,either,-0.19406524042220702,-0.18979457407698275,8.541332690448478,2,124
2007-01-01,AAPL-GOOG,0.45,both,-0.2077948575127874,-0.20357652357029737,8.436667884979986,2,124
2007-01-01,AAPL-GOOG,0.5,either,-0.19007387500646594,-0.18580073911814662,8.546271776638656,2,124
2007-01-01,AAPL-GOOG,0.5,both,-0.20380349209704632,-0.19958268861146122,8.441606971170165,2,124
2007-01-01,AAPL-GOOG,0.55,either,-0.19007387500646594,-0.18580073911814662,8.546271776638656,2,124
2007-01-01,AAPL-GOOG,0.55,both,-0.20380349209704632,-0.19958268861146122,8.441606971170165,2,124
2007-01-01,IBM-SPY,0.05,either,0.06715870010812894,0.09525255081242653,56.18770140859519,14,124
2007-01-01,IBM-SPY,0.05,both,0.09715680149362058,0.1092370415757527,24.160480164264246,6,124
2007-01-01,IBM-SPY,0.1,either,0.06747417112241237,0.0935710500355322,52.193757826239654,13,124
2007-01-01,IBM-SPY,0.1,both,0.09715680149362058,0.1092370415757527,24.160480164264246,6,124
2007-01-01,IBM-SPY,0.15,either,0.07840123889902272,0.10449294153628193,52.1834052745184,13,124
2007-01-01,IBM-SPY,0.15,both,0.10111705572456238,0.11318404819552522,24.133984941925696,6,124
2007-01-01,IBM-SPY,0.2,either,0.05755914271719651,0.08368285870810199,52.24743198181093,13,124
2007-01-01,IBM-SPY,0.2,both,0.09314193128684846,0.10524736092024342,24.210859266789942,6,124
2007-01-01,IBM-SPY,0.25,either,0.057322648436734965,0.08345639130125898,52.26748572904797,13,124
2007-01-01,IBM-SPY,0.25,both,0.09218934703191926,0.10430332950655868,24.227964949278867,6,124
2007-01-01,IBM-SPY,0.3,either,0.062292980220377485,0.08645625880014227,48.326557159529564,12,124
2007-01-01,IBM-SPY,0.3,both,0.09218934703191926,0.10430332950655868,24.227964949278867,6,124
2007-01-01,IBM-SPY,0.35,either,0.08814645487059514,0.11029875009201168,44.30459044283305,11,124
2007-01-01,IBM-SPY,0.35,both,0.12374260948118433,0.13585625456798242,24.227290173596202,6,124
2007-01-01,IBM-SPY,0.4,either,0.09835747719403008,0.11850944867091996,40.30394295377973,10,124
2007-01-01,IBM-SPY,0.4,both,0.13395363180461928,0.14406695314689072,20.226642684542878,5,124
2007-01-01,IBM-SPY,0.45,either,0.11527307936491908,0.13341388172029717,36.28160471075617,9,124
2007-01-01,IBM-SPY,0.45,both,0.14549813779891194,0.1555665319471746,20.136788296525367,5,124
2007-01-01,IBM-SPY,0.5,either,0.09741564330647229,0.1075494661791719,20.267645745399243,5,124
2007-01-01,IBM-SPY,0.5,both,0.16176012326291858,0.16985442309781468,16.188599669792197,4,124
2007-01-01,IBM-SPY,0.55,either,0.1005853992040608,0.11071933700119038,20.267875594259188,5,124
2007-01-01,IBM-SPY,0.55,both,0.16518523577896416,0.17327970489236053,16.18893822679277,4,124
2007-01-01,DIA-SPY,0.05,either,0.013563408275822792,0.021619640036643645,16.1124635216417,4,124
2007-01-01,DIA-SPY,0.05,both,0.01493506392848582,0.023009110054260016,16.148092251548384,4,124
2007-01-01,DIA-SPY,0.1,either,0.013859956592072174,0.02192023548875015,16.120557793355953,4,124
2007-01-01,DIA-SPY,0.1,both,0.01493506392848582,0.023009110054260016,16.148092251548384,4,124
2007-01-01,DIA-SPY,0.15,either,0.014169340286049372,0.020230987966980248,12.123295361861746,3,124
2007-01-01,DIA-SPY,0.15,both,0.015068674649160634,0.021133960238874937,12.130571179428605,3,124
2007-01-01,DIA-SPY,0.2,either,0.014585515755041514,0.020643811470732187,12.116591431381352,3,124
2007-01-01,DIA-SPY,0.2,both,0.015068674649160634,0.021133960238874937,12.130571179428605,3,124
2007-01-01,DIA-SPY,0.25,either,0.014585515755041514,0.020643811470732187,12.116591431381352,3,124
2007-01-01,DIA-SPY,0.25,both,0.015068674649160634,0.021133960238874937,12.130571179428605,3,124
2007-01-01,DIA-SPY,0.3,either,0.014392184439417968,0.02044572326865848,12.107077658481035,3,124
2007-01-01,DIA-SPY,0.3,both,0.01487103285362243,0.020931527520206803,12.120989333168753,3,124
2007-01-01,DIA-SPY,0.35,either,0.014392184439417968,0.02044572326865848,12.107077658481035,3,124
2007-01-01,DIA-SPY,0.35,both,0.01487103285362243,0.020931527520206803,12.120989333168753,3,124
2007-01-01,DIA-SPY,0.4,either,0.014632778253145145,0.020697138397637628,12.128720288984962,3,124
2007-01-01,DIA-SPY,0.4,both,0.01511162666734961,0.021182942649185948,12.142631963672677,3,124
2007-01-01,DIA-SPY,0.45,either,0.01568551191265083,0.019753731964558704,8.136440103815755,2,124
2007-01-01,DIA-SPY,0.45,both,0.01644917226573428,0.020525052447919825,8.15176036437109,2,124
2007-01-01,DIA-SPY,0.5,either,0.01568551191265083,0.019753731964558704,8.136440103815755,2,124
2007-01-01,DIA-SPY,0.5,both,0.01644917226573428,0.020525052447919825,8.15176036437109,2,124
2007-01-01,DIA-SPY,0.55,either,0.015548038802519986,0.01961023643876431,8.124395272488638,2,124
2007-01-01,DIA-SPY,0.55,both,0.01630700890792742,0.02037682359911298,8.139629382371119,2,124
2007-07-01,AAPL-GOOG,0.05,either,0.2912858806177608,0.31351276134230566,44.453761449089754,11,127
2007-07-01,AAPL-GOOG,0.05,both,0.46013606960618014,0.46652881031480176,12.78548141724324,3,127
2007-07-01,AAPL-GOOG,0.1,either,0.3124364326381433,0.3326762738837561,40.479682491225674,10,127
2007-07-01,AAPL-GOOG,0.1,both,0.46013606960618014,0.46652881031480176,12.78548141724324,3,127
2007-07-01,AAPL-GOOG,0.15,either,0.24283974796159813,0.2630323935619036,40.38529120061099,10,127
2007-07-01,AAPL-GOOG,0.15,both,0.46013606960618014,0.46652881031480176,12.78548141724324,3,127
2007-07-01,AAPL-GOOG,0.2,either,0.22571310568770875,0.24384998680144798,36.27376222747847,9,127
2007-07-01,AAPL-GOOG,0.2,both,0.43962185527876874,0.446017136600411,12.790562643284535,3,127
2007-07-01,AAPL-GOOG,0.25,either,0.23185548382466412,0.2459804863550482,28.250005060768192,7,127
2007-07-01,AAPL-GOOG,0.25,both,0.43962185527876874,0.446017136600411,12.790562643284535,3,127
2007-07-01,AAPL-GOOG,0.3,either,0.25609583476264985,0.2682186419200362,24.24561431477258,6,127
2007-07-01,AAPL-GOOG,0.3,both,0.43962185527876874,0.446017136600411,12.790562643284535,3,127
2007-07-01,AAPL-GOOG,0.35,either,0.25609583476264985,0.2682186419200362,24.24561431477258,6,127
2007-07-01,AAPL-GOOG,0.35,both,0.43962185527876874,0.446017136600411,12.790562643284535,3,127
2007-07-01,AAPL-GOOG,0.4,either,0.16859101471641316,0.17861031854048628,20.038607648146243,5,127
2007-07-01,AAPL-GOOG,0.4,both,0.3428610184433435,0.3472449792958229,8.76792170495883,2,127
2007-07-01,AAPL-GOOG,0.45,either,0.0937985456727355,0.09976895978367291,11.940828221874831,3,127
2007-07-01,AAPL-GOOG,0.45,both,0.26332605937485304,0.2676770885613035,8.702058372900932,2,127
2007-07-01,AAPL-GOOG,0.5,either,0.015401016013899017,0.019415299149794327,8.028566271790627,2,127
2007-07-01,AAPL-GOOG,0.5,both,0.12668445011043983,0.12909722853268832,4.825556844496967,1,127
2007-07-01,AAPL-GOOG,0.55,either,0.015401016013899017,0.019415299149794327,8.028566271790627,2,127
2007-07-01,AAPL-GOOG,0.55,both,0.12668445011043983,0.12909722853268832,4.825556844496967,1,127
2007-07-01,IBM-SPY,0.05,either,0.09140073112320389,0.1113310838085704,39.86070537073303,10,127
2007-07-01,IBM-SPY,0.05,both,0.03908944914892018,0.04506095668244393,11.94301506704753,3,127
2007-07-01,IBM-SPY,0.1,either,0.09618121442164397,0.11213378980706357,31.905150770839214,8,127
2007-07-01,IBM-SPY,0.1,both,0.03908944914892018,0.04506095668244393,11.94301506704753,3,127
2007-07-01,IBM-SPY,0.15,either,0.08754685074861714,0.10149462367424783,27.895545851261378,7,127
2007-07-01,IBM-SPY,0.15,both,0.03908944914892018,0.04506095668244393,11.94301506704753,3,127
2007-07-01,IBM-SPY,0.2,either,0.10095958633114456,0.11292041807930042,23.92166349631176,6,127
2007-07-01,IBM-SPY,0.2,both,0.04022716575731683,0.04620784058752645,11.961349660419227,3,127
2007-07-01,IBM-SPY,0.25,either,0.10095958633114456,0.11292041807930042,23.92166349631176,6,127
2007-07-01,IBM-SPY,0.25,both,0.04022716575731683,0.04620784058752645,11.961349660419227,3,127
2007-07-01,IBM-SPY,0.3,either,0.06622228742562386,0.07819742673065694,23.950278610066107,6,127
2007-07-01,IBM-SPY,0.3,both,0.04022716575731683,0.04620784058752645,11.961349660419227,3,127
2007-07-01,IBM-SPY,0.35,either,0.06387858340013448,0.07586238768257159,23.967608564874187,6,127
2007-07-01,IBM-SPY,0.35,both,0.04022716575731683,0.04620784058752645,11.961349660419227,3,127
2007-07-01,IBM-SPY,0.4,either,0.04248669782945527,0.0524633851842183,19.953374709525978,5,127
2007-07-01,IBM-SPY,0.4,both,0.028687202230357558,0.03265596787196624,7.937531283217331,2,127
2007-07-01,IBM-SPY,0.45,either,0.03292139744333361,0.04091360898738434,15.98442308810144,4,127
2007-07-01,IBM-SPY,0.45,both,0.011914138172508077,0.013869309511449893,3.9103426778836274,1,127
2007-07-01,IBM-SPY,0.5,either,0.04353016676622913,0.0515139643264056,15.967595120352948,4,127
2007-07-01,IBM-SPY,0.5,both,0.021777725170677515,0.023725031940507194,3.894613539659353,1,127
2007-07-01,IBM-SPY,0.55,either,0.04353016676622913,0.0515139643264056,15.967595120352948,4,127
2007-07-01,IBM-SPY,0.55,both,0.021777725170677515,0.023725031940507194,3.894613539659353,1,127
2007-07-01,DIA-SPY,0.05,either,-0.015400184459573227,-0.011433500968423719,7.933366982299017,2,127
2007-07-01,DIA-SPY,0.05,both,-0.015400184459573227,-0.011433500968423719,7.933366982299017,2,127
2007-07-01,DIA-SPY,0.1,either,-0.015400184459573227,-0.011433500968423719,7.933366982299017,2,127
2007-07-01,DIA-SPY,0.1,both,-0.015400184459573227,-0.011433500968423719,7.933366982299017,2,127
2007-07-01,DIA-SPY,0.15,either,-0.015400184459573227,-0.011433500968423719,7.933366982299017,2,127
2007-07-01,DIA-SPY,0.15,both,-0.015400184459573227,-0.011433500968423719,7.933366982299017,2,127
2007-07-01,DIA-SPY,0.2,either,-0.016954197196012072,-0.014975045568177331,3.958303255669481,1,127
2007-07-01,DIA-SPY,0.2,both,-0.016954197196012072,-0.014975045568177331,3.958303255669481,1,127
2007-07-01,DIA-SPY,0.25,either,-0.01350088574411011,-0.01154139651769841,3.918978452823395,1,127
2007-07-01,DIA-SPY,0.25,both,-0.01350088574411011,-0.01154139651769841,3.918978452823395,1,127
2007-07-01,DIA-SPY,0.3,either,-0.009569533564308003,-0.007611886163013374,3.91529480258926,1,127
2007-07-01,DIA-SPY,0.3,both,-0.009569533564308003,-0.007611886163013374,3.91529480258926,1,127
2007-07-01,DIA-SPY,0.35,either,-0.009569533564308003,-0.007611886163013374,3.91529480258926,1,127
2007-07-01,DIA-SPY,0.35,both,-0.009569533564308003,-0.007611886163013374,3.91529480258926,1,127
2007-07-01,DIA-SPY,0.4,either,-0.009569533564308003,-0.007611886163013374,3.91529480258926,1,127
2007-07-01,DIA-SPY,0.4,both,-0.009569533564308003,-0.007611886163013374,3.91529480258926,1,127
2007-07-01,DIA-SPY,0.45,either,-0.009569533564308003,-0.007611886163013374,3.91529480258926,1,127
2007-07-01,DIA-SPY,0.45,both,-0.009569533564308003,-0.007611886163013374,3.91529480258926,1,127
2007-07-01,DIA-SPY,0.5,either,-0.006736549493221412,-0.004779824613875371,3.91344975869208,1,127
2007-07-01,DIA-SPY,0.5,both,-0.006736549493221412,-0.004779824613875371,3.91344975869208,1,127
2007-07-01,DIA-SPY,0.55,either,-0.006736549493221412,-0.004779824613875371,3.91344975869208,1,127
2007-07-01,DIA-SPY,0.55,both,-0.006736549493221412,-0.004779824613875371,3.91344975869208,1,127
2008-01-01,AAPL-GOOG,0.05,either,-0.004408087206499611,0.0037494300951380222,16.315034603275247,4,125
2008-01-01,AAPL-GOOG,0.05,both,-0.010641279048462876,-0.0084516363259061,4.379285445113552,1,125
2008-01-01,AAPL-GOOG,0.1,either,-0.004408087206499611,0.0037494300951380222,16.315034603275247,4,125
2008-01-01,AAPL-GOOG,0.1,both,-0.010641279048462876,-0.0084516363259061,4.379285445113552,1,125
2008-01-01,AAPL-GOOG,0.15,either,-0.004408087206499611,0.0037494300951380222,16.315034603275247,4,125
2008-01-01,AAPL-GOOG,0.15,both,-0.010641279048462876,-0.0084516363259061,4.379285445113552,1,125
2008-01-01,AAPL-GOOG,0.2,either,-0.004408087206499611,0.0037494300951380222,16.315034603275247,4,125
2008-01-01,AAPL-GOOG,0.2,both,-0.010641279048462876,-0.0084516363259061,4.379285445113552,1,125
2008-01-01,AAPL-GOOG,0.25,either,0.015286965954353414,0.023448762166907916,16.323592425109016,4,125
2008-01-01,AAPL-GOOG,0.25,both,-0.010641279048462876,-0.0084516363259061,4.379285445113552,1,125
2008-01-01,AAPL-GOOG,0.3,either,0.015286965954353414,0.023448762166907916,16.323592425109016,4,125
2008-01-01,AAPL-GOOG,0.3,both,-0.010641279048462876,-0.0084516363259061,4.379285445113552,1,125
2008-01-01,AAPL-GOOG,0.35,either,0.015286965954353414,0.023448762166907916,16.323592425109016,4,125
2008-01-01,AAPL-GOOG,0.35,both,-0.010641279048462876,-0.0084516363259061,4.379285445113552,1,125
2008-01-01,AAPL-GOOG,0.4,either,0.0597661273483199,0.06393843749873819,8.344620300836585,2,125
2008-01-01,AAPL-GOOG,0.4,both,0.026121050352315562,0.02830203177522502,4.361962845818919,1,125
2008-01-01,AAPL-GOOG,0.45,either,-0.0911330559160489,-0.08708033757391212,8.105436684273522,2,125
2008-01-01,AAPL-GOOG,0.45,both,0.026121050352315562,0.02830203177522502,4.361962845818919,1,125
2008-01-01,AAPL-GOOG,0.5,either,-0.06583182185285316,-0.06382399170216888,4.0156603013685945,1,125
2008-01-01,AAPL-GOOG,0.5,both,-0.06583182185285316,-0.06382399170216888,4.0156603013685945,1,125
2008-01-01,AAPL-GOOG,0.55,either,-0.06583182185285316,-0.06382399170216888,4.0156603013685945,1,125
2008-01-01,AAPL-GOOG,0.55,both,-0.06583182185285316,-0.06382399170216888,4.0156603013685945,1,125
2008-01-01,IBM-SPY,0.05,either,-0.17528243912618405,-0.16926871834676294,12.0274415588422,3,125
2008-01-01,IBM-SPY,0.05,both,-0.12145999850778079,-0.11742677742303188,8.06644216949782,2,125
2008-01-01,IBM-SPY,0.1,either,-0.16187920621267887,-0.15783526276119858,8.087886902960598,2,125
2008-01-01,IBM-SPY,0.1,both,-0.17870469562653885,-0.1766376027520083,4.134185749061119,1,125
2008-01-01,IBM-SPY,0.15,either,-0.17322598924158544,-0.16916605239564042,8.119873691890076,2,125
2008-01-01,IBM-SPY,0.15,both,-0.19357235430860742,-0.1914878027721119,4.1691030729910645,1,125
2008-01-01,IBM-SPY,0.2,either,-0.16342594775853161,-0.15938059343870156,8.090708639660127,2,125
2008-01-01,IBM-SPY,0.2,both,-0.19357235430860742,-0.1914878027721119,4.1691030729910645,1,125
2008-01-01,IBM-SPY,0.25,either,-0.16342594775853161,-0.15938059343870156,8.090708639660127,2,125
2008-01-01,IBM-SPY,0.25,both,-0.19357235430860742,-0.1914878027721119,4.1691030729910645,1,125
2008-01-01,IBM-SPY,0.3,either,-0.16342594775853161,-0.15938059343870156,8.090708639660127,2,125
2008-01-01,IBM-SPY,0.3,both,-0.19357235430860742,-0.1914878027721119,4.1691030729910645,1,125
2008-01-01,IBM-SPY,0.35,either,-0.16342594775853161,-0.15938059343870156,8.090708639660127,2,125
2008-01-01,IBM-SPY,0.35,both,-0.19357235430860742,-0.1914878027721119,4.1691030729910645,1,125
2008-01-01,IBM-SPY,0.4,either,-0.16342594775853161,-0.15938059343870156,8.090708639660127,2,125
2008-01-01,IBM-SPY,0.4,both,-0.19357235430860742,-0.1914878027721119,4.1691030729910645,1,125
2008-01-01,IBM-SPY,0.45,either,-0.17871265915402887,-0.17465125450356012,8.12280930093755,2,125
2008-01-01,IBM-SPY,0.45,both,-0.19357235430860742,-0.1914878027721119,4.1691030729910645,1,125
2008-01-01,IBM-SPY,0.5,either,-0.17871265915402887,-0.17465125450356012,8.12280930093755,2,125
2008-01-01,IBM-SPY,0.5,both,-0.19357235430860742,-0.1914878027721119,4.1691030729910645,1,125
2008-01-01,IBM-SPY,0.55,either,-0.17871265915402887,-0.17465125450356012,8.12280930093755,2,125
2008-01-01,IBM-SPY,0.55,both,-0.19357235430860742,-0.1914878027721119,4.1691030729910645,1,125
2008-01-01,DIA-SPY,0.05,either,-0.04788452498093883,-0.03797439079930728,19.820268363263093,5,125
2008-01-01,DIA-SPY,0.05,both,-0.03906395558527936,-0.03317235040603478,11.78321035848915,3,125
2008-01-01,DIA-SPY,0.1,either,-0.04788452498093883,-0.03797439079930728,19.820268363263093,5,125
2008-01-01,DIA-SPY,0.1,both,-0.03906395558527936,-0.03317235040603478,11.78321035848915,3,125
2008-01-01,DIA-SPY,0.15,either,-0.04688064864949226,-0.03697245024944076,19.816396800103036,5,125
2008-01-01,DIA-SPY,0.15,both,-0.03906395558527936,-0.03317235040603478,11.78321035848915,3,125
2008-01-01,DIA-SPY,0.2,either,-0.04688064864949226,-0.03697245024944076,19.816396800103036,5,125
2008-01-01,DIA-SPY,0.2,both,-0.03906395558527936,-0.03317235040603478,11.78321035848915,3,125
2008-01-01,DIA-SPY,0.25,either,-0.04688064864949226,-0.03697245024944076,19.816396800103036,5,125
2008-01-01,DIA-SPY,0.25,both,-0.03906395558527936,-0.03317235040603478,11.78321035848915,3,125
2008-01-01,DIA-SPY,0.3,either,-0.04688064864949226,-0.03697245024944076,19.816396800103036,5,125
2008-01-01,DIA-SPY,0.3,both,-0.03906395558527936,-0.03317235040603478,11.78321035848915,3,125
2008-01-01,DIA-SPY,0.35,either,-0.04688064864949226,-0.03697245024944076,19.816396800103036,5,125
2008-01-01,DIA-SPY,0.35,both,-0.03906395558527936,-0.03317235040603478,11.78321035848915,3,125
2008-01-01,DIA-SPY,0.4,either,-0.04819928022732113,-0.03827013064226951,19.858299170103233,5,125
2008-01-01,DIA-SPY,0.4,both,-0.03906395558527936,-0.03317235040603478,11.78321035848915,3,125
2008-01-01,DIA-SPY,0.45,either,-0.04753803374488001,-0.03961944095047179,15.83718558881643,4,125
2008-01-01,DIA-SPY,0.45,both,-0.03906395558527936,-0.03317235040603478,11.78321035848915,3,125
2008-01-01,DIA-SPY,0.5,either,-0.046371860015266664,-0.04044290729233902,11.857905445855298,3,125
2008-01-01,DIA-SPY,0.5,both,-0.0437047104993076,-0.03979353956060418,7.822341877406849,2,125
2008-01-01,DIA-SPY,0.55,either,-0.046371860015266664,-0.04044290729233902,11.857905445855298,3,125
2008-01-01,DIA-SPY,0.55,both,-0.0437047104993076,-0.03979353956060418,7.822341877406849,2,125
2008-07-01,AAPL-GOOG,0.05,either,0.10783355877594258,0.13562995273223977,55.59278791259428,14,128
2008-07-01,AAPL-GOOG,0.05,both,0.14811419333775427,0.16179399286807195,27.359599060635375,7,128
2008-07-01,AAPL-GOOG,0.1,either,0.09784407429251997,0.12366897733951399,51.64980609398799,13,128
2008-07-01,AAPL-GOOG,0.1,both,0.22959914865817208,0.24325669036069486,27.315083405045556,7,128
2008-07-01,AAPL-GOOG,0.15,either,0.1154857258112641,0.1393663218176791,47.76119201282995,12,128
2008-07-01,AAPL-GOOG,0.15,both,0.22959914865817208,0.24325669036069486,27.315083405045556,7,128
2008-07-01,AAPL-GOOG,0.2,either,0.12701654944692817,0.1488603895114377,43.68768012901906,11,128
2008-07-01,AAPL-GOOG,0.2,both,0.24112997229383612,0.25275075805445346,23.241571521234665,6,128
2008-07-01,AAPL-GOOG,0.25,either,0.06364766399583659,0.07941652717588767,31.537726360102162,8,128
2008-07-01,AAPL-GOOG,0.25,both,0.20285587448529568,0.2125165688430929,19.321388715594434,5,128
2008-07-01,AAPL-GOOG,0.3,either,0.05850995340304817,0.0742640820166709,31.508257227245437,8,128
2008-07-01,AAPL-GOOG,0.3,both,0.19605414086935447,0.20569843181045225,19.28858188219551,5,128
2008-07-01,AAPL-GOOG,0.35,either,0.030569030590106364,0.04630535197810346,31.47264277599419,8,128
2008-07-01,AAPL-GOOG,0.35,both,0.1871026328880731,0.19673522039932687,19.26517502250747,5,128
2008-07-01,AAPL-GOOG,0.4,either,0.006577755374829811,0.02032382443424744,27.492138118835246,7,128
2008-07-01,AAPL-GOOG,0.4,both,0.16053178900874993,0.16817289036471803,15.282202711936067,4,128
2008-07-01,AAPL-GOOG,0.45,either,-0.05124677845027573,-0.04149835844194577,19.496840016659917,5,128
2008-07-01,AAPL-GOOG,0.45,both,0.14172895918075779,0.14734685537723197,11.235792392948238,3,128
2008-07-01,AAPL-GOOG,0.5,either,-0.027565170324154856,-0.019802173380805956,15.525993886697817,4,128
2008-07-01,AAPL-GOOG,0.5,both,0.16399973374009758,0.1696313314073596,11.263195334524024,3,128
2008-07-01,AAPL-GOOG,0.55,either,0.10186781124858288,0.10784998469660403,11.964346896042331,3,128
2008-07-01,AAPL-GOOG,0.55,both,0.19806589448985598,0.2017656728382658,7.399556696819603,2,128
2008-07-01,IBM-SPY,0.05,either,-0.024470036517940552,-0.012789570728208174,23.360931579464705,6,128
2008-07-01,IBM-SPY,0.05,both,-0.07570121395460921,-0.07196806629829625,7.466295312626008,2,128
2008-07-01,IBM-SPY,0.1,either,-0.025955457258547143,-0.016213649014964734,19.483616487164806,5,128
2008-07-01,IBM-SPY,0.1,both,-0.07231650942845534,-0.06857380797098464,7.485402914941401,2,128
2008-07-01,IBM-SPY,0.15,either,-0.027426227094615674,-0.019690723838079793,15.471006513071735,4,128
2008-07-01,IBM-SPY,0.15,both,-0.07231650942845534,-0.06857380797098464,7.485402914941401,2,128
2008-07-01,IBM-SPY,0.2,either,-0.018518826460045004,-0.010762861735942486,15.511929448205013,4,128
2008-07-01,IBM-SPY,0.2,both,-0.07231650942845534,-0.06857380797098464,7.485402914941401,2,128
2008-07-01,IBM-SPY,0.25,either,-0.013981661661997755,-0.00826276205213719,11.437799219721121,3,128
2008-07-01,IBM-SPY,0.25,both,-0.07231650942845534,-0.06857380797098464,7.485402914941401,2,128
2008-07-01,IBM-SPY,0.3,either,-0.013981661661997755,-0.00826276205213719,11.437799219721121,3,128
2008-07-01,IBM-SPY,0.3,both,-0.07231650942845534,-0.06857380797098464,7.485402914941401,2,128
2008-07-01,IBM-SPY,0.35,either,-0.012038747943763015,-0.006323321236946899,11.43085341363223,3,128
2008-07-01,IBM-SPY,0.35,both,-0.07016047018857821,-0.06642125919923492,7.478421978686604,2,128
2008-07-01,IBM-SPY,0.4,either,0.015495100016270275,0.021207328132723358,11.424456232906147,3,128
2008-07-01,IBM-SPY,0.4,both,-0.04261169205461296,-0.03887575080728718,7.471882494651542,2,128
2008-07-01,IBM-SPY,0.45,either,0.023780974258328896,0.02951457193173361,11.46719534680942,3,128
2008-07-01,IBM-SPY,0.45,both,-0.04261169205461296,-0.03887575080728718,7.471882494651542,2,128
2008-07-01,IBM-SPY,0.5,either,0.025625850686950724,0.031340483903678565,11.429266433455695,3,128
2008-07-01,IBM-SPY,0.5,both,-0.04056588815090426,-0.03684890296954946,7.433970362709602,2,128
2008-07-01,IBM-SPY,0.55,either,0.024495628729288607,0.03019975304811233,11.408248637647404,3,128
2008-07-01,IBM-SPY,0.55,both,-0.041024632006084714,-0.03731809761959435,7.4130687729807025,2,128
2008-07-01,DIA-SPY,0.05,either,-0.03272874986427689,-0.0070373020998755614,51.382895528802706,13,128
2008-07-01,DIA-SPY,0.05,both,-0.01214384446379916,0.003734366873536815,31.75642267467195,8,128
2008-07-01,DIA-SPY,0.1,either,-0.02355302311954391,0.00020948740426847412,47.525021047624804,12,128
2008-07-01,DIA-SPY,0.1,both,-0.019957167009775005,-0.006092441561208313,27.729450897133376,7,128
2008-07-01,DIA-SPY,0.15,either,-0.013842718960073282,0.0019316961122441065,31.5488301446348,8,128
2008-07-01,DIA-SPY,0.15,both,-0.015434264841762586,-0.0075547381239753075,15.759053435574565,4,128
2008-07-01,DIA-SPY,0.2,either,-0.010653975153211474,0.003177702654058069,27.663355614539086,7,128
2008-07-01,DIA-SPY,0.2,both,-0.015434264841762586,-0.0075547381239753075,15.759053435574565,4,128
2008-07-01,DIA-SPY,0.25,either,-0.004958400644297846,0.006877638649929088,23.672078588453893,6,128
2008-07-01,DIA-SPY,0.25,both,-0.009918089271230737,-0.002012471705719124,15.811235131023263,4,128
2008-07-01,DIA-SPY,0.3,either,-0.0010782859444351325,0.006821963211783133,15.80049831243654,4,128
2008-07-01,DIA-SPY,0.3,both,-0.006566082315240279,0.0014071452470970428,15.946455124674653,4,128
2008-07-01,DIA-SPY,0.35,either,0.000586622205817712,0.008469301426727943,15.765358441820474,4,128
2008-07-01,DIA-SPY,0.35,both,-0.004683829602796237,0.0032708416171164933,15.909342439825487,4,128
2008-07-01,DIA-SPY,0.4,either,0.000586622205817712,0.008469301426727943,15.765358441820474,4,128
2008-07-01,DIA-SPY,0.4,both,-0.004683829602796237,0.0032708416171164933,15.909342439825487,4,128
2008-07-01,DIA-SPY,0.45,either,0.000586622205817712,0.008469301426727943,15.765358441820474,4,128
2008-07-01,DIA-SPY,0.45,both,-0.004683829602796237,0.0032708416171164933,15.909342439825487,4,128
2008-07-01,DIA-SPY,0.5,either,0.000586622205817712,0.008469301426727943,15.765358441820474,4,128
2008-07-01,DIA-SPY,0.5,both,-0.004683829602796237,0.0032708416171164933,15.909342439825487,4,128
2008-07-01,DIA-SPY,0.55,either,-0.010730743493911152,-0.002908481435212655,15.644524117397015,4,128
2008-07-01,DIA-SPY,0.55,both,-0.016001195302525112,-0.008106941244824112,15.78850811540203,4,128
2009-01-01,AAPL-GOOG,0.05,either,0.0494418038418244,0.06349117919281046,28.098750701972147,7,124
2009-01-01,AAPL-GOOG,0.05,both,0.2565841269398605,0.26290349806962143,12.638742259521788,3,124
2009-01-01,AAPL-GOOG,0.1,either,0.046839268896111494,0.05685116935732888,20.023800922434773,5,124
2009-01-01,AAPL-GOOG,0.1,both,0.2436663736897972,0.25003451821856987,12.736289057545314,3,124
2009-01-01,AAPL-GOOG,0.15,either,0.10824898083209054,0.11623119128234544,15.964420900509758,4,124
2009-01-01,AAPL-GOOG,0.15,both,0.30507608562577626,0.30941454014358644,8.676909035620298,2,124
2009-01-01,AAPL-GOOG,0.2,either,0.10824898083209054,0.11623119128234544,15.964420900509758,4,124
2009-01-01,AAPL-GOOG,0.2,both,0.30507608562577626,0.30941454014358644,8.676909035620298,2,124
2009-01-01,AAPL-GOOG,0.25,either,0.12223225254609776,0.13024946891426725,16.034432736339003,4,124
2009-01-01,AAPL-GOOG,0.25,both,0.30507608562577626,0.30941454014358644,8.676909035620298,2,124
2009-01-01,AAPL-GOOG,0.3,either,0.10935941407437441,0.11538178977668939,12.044751404629949,3,124
2009-01-01,AAPL-GOOG,0.3,both,0.30507608562577626,0.30941454014358644,8.676909035620298,2,124
2009-01-01,AAPL-GOOG,0.35,either,0.15135342211716502,0.1553875428800952,8.06824152586029,2,124
2009-01-01,AAPL-GOOG,0.35,both,0.33250539968094484,0.3349182137473522,4.825628132814755,1,124
2009-01-01,AAPL-GOOG,0.4,either,0.15135342211716502,0.1553875428800952,8.06824152586029,2,124
2009-01-01,AAPL-GOOG,0.4,both,0.33250539968094484,0.3349182137473522,4.825628132814755,1,124
2009-01-01,AAPL-GOOG,0.45,either,0.141611237859188,0.14563441877190203,8.046361825428088,2,124
2009-01-01,AAPL-GOOG,0.45,both,0.3161501080168756,0.3185472766792584,4.794337324765549,1,124
2009-01-01,AAPL-GOOG,0.5,either,0.141611237859188,0.14563441877190203,8.046361825428088,2,124
2009-01-01,AAPL-GOOG,0.5,both,0.3161501080168756,0.3185472766792584,4.794337324765549,1,124
2009-01-01,AAPL-GOOG,0.55,either,0.14547659217223685,0.14949131765520146,8.029450965929218,2,124
2009-01-01,AAPL-GOOG,0.55,both,0.3161501080168756,0.3185472766792584,4.794337324765549,1,124
2009-01-01,IBM-SPY,0.05,either,-0.18347030314614957,-0.1713769584805336,24.18668933123196,6,124
2009-01-01,IBM-SPY,0.05,both,-0.1873519754822596,-0.18119199168283107,12.319967598857044,3,124
2009-01-01,IBM-SPY,0.1,either,-0.18049725849679293,-0.17040081895908554,20.1928790754148,5,124
2009-01-01,IBM-SPY,0.1,both,-0.17130981147561794,-0.1671413903669718,8.336842217292318,2,124
2009-01-01,IBM-SPY,0.15,either,-0.17033253101470464,-0.16424531336424392,12.174435300921411,3,124
2009-01-01,IBM-SPY,0.15,both,-0.14971329089120194,-0.14755073505453528,4.325111673333366,1,124
2009-01-01,IBM-SPY,0.2,either,-0.17033253101470464,-0.16424531336424392,12.174435300921411,3,124
2009-01-01,IBM-SPY,0.2,both,-0.14971329089120194,-0.14755073505453528,4.325111673333366,1,124
2009-01-01,IBM-SPY,0.25,either,-0.17665737452639813,-0.17256633994237858,8.182069168039135,2,124
2009-01-01,IBM-SPY,0.25,both,-0.14971329089120194,-0.14755073505453528,4.325111673333366,1,124
2009-01-01,IBM-SPY,0.3,either,-0.17665737452639813,-0.17256633994237858,8.182069168039135,2,124
2009-01-01,IBM-SPY,0.3,both,-0.14971329089120194,-0.14755073505453528,4.325111673333366,1,124
2009-01-01,IBM-SPY,0.35,either,-0.17665737452639813,-0.17256633994237858,8.182069168039135,2,124
2009-01-01,IBM-SPY,0.35,both,-0.14971329089120194,-0.14755073505453528,4.325111673333366,1,124
2009-01-01,IBM-SPY,0.4,either,-0.17665737452639813,-0.17256633994237858,8.182069168039135,2,124
2009-01-01,IBM-SPY,0.4,both,-0.14971329089120194,-0.14755073505453528,4.325111673333366,1,124
2009-01-01,IBM-SPY,0.45,either,-0.18530351856015984,-0.18121954658707953,8.167943946160634,2,124
2009-01-01,IBM-SPY,0.45,both,-0.14650356351737884,-0.14435105518609256,4.305016662572581,1,124
2009-01-01,IBM-SPY,0.5,either,-0.18530351856015984,-0.18121954658707953,8.167943946160634,2,124
2009-01-01,IBM-SPY,0.5,both,-0.14650356351737884,-0.14435105518609256,4.305016662572581,1,124
2009-01-01,IBM-SPY,0.55,either,-0.18530351856015984,-0.18121954658707953,8.167943946160634,2,124
2009-01-01,IBM-SPY,0.55,both,-0.14650356351737884,-0.14435105518609256,4.305016662572581,1,124
2009-01-01,DIA-SPY,0.05,either,-0.051502617591231536,-0.043449435611593576,16.10636395927594,4,124
2009-01-01,DIA-SPY,0.05,both,-0.06156970249695128,-0.05553636625318157,12.066672487539442,3,124
2009-01-01,DIA-SPY,0.1,either,-0.051502617591231536,-0.043449435611593576,16.10636395927594,4,124
2009-01-01,DIA-SPY,0.1,both,-0.06156970249695128,-0.05553636625318157,12.066672487539442,3,124
2009-01-01,DIA-SPY,0.15,either,-0.051502617591231536,-0.043449435611593576,16.10636395927594,4,124
2009-01-01,DIA-SPY,0.15,both,-0.06156970249695128,-0.05553636625318157,12.066672487539442,3,124
2009-01-01,DIA-SPY,0.2,either,-0.050241706307896455,-0.04217120023578351,16.141012144225947,4,124
2009-01-01,DIA-SPY,0.2,both,-0.06245355505594423,-0.05642105336906393,12.0650033737606,3,124
2009-01-01,DIA-SPY,0.25,either,-0.050241706307896455,-0.04217120023578351,16.141012144225947,4,124
2009-01-01,DIA-SPY,0.25,both,-0.06245355505594423,-0.05642105336906393,12.0650033737606,3,124
2009-01-01,DIA-SPY,0.3,either,-0.050241706307896455,-0.04217120023578351,16.141012144225947,4,124
2009-01-01,DIA-SPY,0.3,both,-0.06245355505594423,-0.05642105336906393,12.0650033737606,3,124
2009-01-01,DIA-SPY,0.35,either,-0.049896368608283725,-0.043831709837509586,12.129317541548325,3,124
2009-01-01,DIA-SPY,0.35,both,-0.057511172390271384,-0.053456674501546106,8.108995777450568,2,124
2009-01-01,DIA-SPY,0.4,either,-0.049896368608283725,-0.043831709837509586,12.129317541548325,3,124
2009-01-01,DIA-SPY,0.4,both,-0.057511172390271384,-0.053456674501546106,8.108995777450568,2,124
2009-01-01,DIA-SPY,0.45,either,-0.04027507572137725,-0.036249727841625175,8.050695759504169,2,124
2009-01-01,DIA-SPY,0.45,both,-0.04027507572137725,-0.036249727841625175,8.050695759504169,2,124
2009-01-01,DIA-SPY,0.5,either,-0.04055343101592263,-0.03850698706409071,4.092887903663844,1,124
2009-01-01,DIA-SPY,0.5,both,-0.04055343101592263,-0.03850698706409071,4.092887903663844,1,124
2009-01-01,DIA-SPY,0.55,either,-0.04055343101592263,-0.03850698706409071,4.092887903663844,1,124
2009-01-01,DIA-SPY,0.55,both,-0.04055343101592263,-0.03850698706409071,4.092887903663844,1,124
2009-07-01,AAPL-GOOG,0.05,either,-0.01345621472609337,0.0007904036202948939,28.49323669277651,7,128
2009-07-01,AAPL-GOOG,0.05,both,-0.08119903269647556,-0.07675349214171373,8.891081109523652,2,128
2009-07-01,AAPL-GOOG,0.1,either,0.059074892226374104,0.07127690470270792,24.404024952667633,6,128
2009-07-01,AAPL-GOOG,0.1,both,-0.08119903269647556,-0.07675349214171373,8.891081109523652,2,128
2009-07-01,AAPL-GOOG,0.15,either,0.054773562465454374,0.066955921700951,24.364718470993218,6,128
2009-07-01,AAPL-GOOG,0.15,both,-0.08119903269647556,-0.07675349214171373,8.891081109523652,2,128
2009-07-01,AAPL-GOOG,0.2,either,0.054773562465454374,0.066955921700951,24.364718470993218,6,128
2009-07-01,AAPL-GOOG,0.2,both,-0.08119903269647556,-0.07675349214171373,8.891081109523652,2,128
2009-07-01,AAPL-GOOG,0.25,either,0.054773562465454374,0.066955921700951,24.364718470993218,6,128
2009-07-01,AAPL-GOOG,0.25,both,-0.08119903269647556,-0.07675349214171373,8.891081109523652,2,128
2009-07-01,AAPL-GOOG,0.3,either,0.05054481863994267,0.0607571759052099,20.424714530534445,5,128
2009-07-01,AAPL-GOOG,0.3,both,-0.0985951685697683,-0.09414447957331054,8.901377992915503,2,128
2009-07-01,AAPL-GOOG,0.35,either,-0.02853073632520366,-0.020357143225902465,16.347186198602397,4,128
2009-07-01,AAPL-GOOG,0.35,both,-0.12405860716159686,-0.11958718841480015,8.942837493593427,2,128
2009-07-01,AAPL-GOOG,0.4,either,-0.03792723107673801,-0.029753723511718743,16.34701513003853,4,128
2009-07-01,AAPL-GOOG,0.4,both,-0.1334551019131312,-0.12898376870061645,8.942666425029559,2,128
2009-07-01,AAPL-GOOG,0.45,either,-0.05394578450863035,-0.0497953977525559,8.30077351214891,2,128
2009-07-01,AAPL-GOOG,0.45,both,-0.033691383332592674,-0.029374449869074205,8.633866927036959,2,128
2009-07-01,AAPL-GOOG,0.5,either,-0.05002280601403322,-0.047885715895165624,4.274180237735203,1,128
2009-07-01,AAPL-GOOG,0.5,both,-0.05002280601403322,-0.047885715895165624,4.274180237735203,1,128
2009-07-01,AAPL-GOOG,0.55,either,-0.05002280601403322,-0.047885715895165624,4.274180237735203,1,128
2009-07-01,AAPL-GOOG,0.55,both,-0.05002280601403322,-0.047885715895165624,4.274180237735203,1,128
2009-07-01,IBM-SPY,0.05,either,-0.012498676059759531,0.005746201008467654,36.48975413645435,9,128
2009-07-01,IBM-SPY,0.05,both,-0.03840418069362263,-0.03215340977207505,12.50154184309515,3,128
2009-07-01,IBM-SPY,0.1,either,-0.009889005505459156,0.006333936346252119,32.44588370342258,8,128
2009-07-01,IBM-SPY,0.1,both,-0.028315920426929347,-0.022063147913297478,12.505545027263734,3,128
2009-07-01,IBM-SPY,0.15,either,-0.012919002591335261,0.0013208091614036917,28.47962350547794,7,128
2009-07-01,IBM-SPY,0.15,both,-0.03707898322114446,-0.032827763539641036,8.50243936300684,2,128
2009-07-01,IBM-SPY,0.2,either,-0.020912543948982253,-0.010708367465878922,20.408352966206657,5,128
2009-07-01,IBM-SPY,0.2,both,-0.04870426666850401,-0.044444533512842374,8.519466311323256,2,128
2009-07-01,IBM-SPY,0.25,either,-0.015711790248506295,-0.007503936332145376,16.41570783272182,4,128
2009-07-01,IBM-SPY,0.25,both,-0.05814311579375467,-0.053855387668550546,8.575456250408237,2,128
2009-07-01,IBM-SPY,0.3,either,-0.011544693324772301,-0.0053525472623345074,12.384292124875579,3,128
2009-07-01,IBM-SPY,0.3,both,-0.0295871006683597,-0.02533682858214216,8.500544172435063,2,128
2009-07-01,IBM-SPY,0.35,either,-0.015162381271153935,-0.008980077339365015,12.364607863577842,3,128
2009-07-01,IBM-SPY,0.35,both,-0.0295871006683597,-0.02533682858214216,8.500544172435063,2,128
2009-07-01,IBM-SPY,0.4,either,-0.008740644172339673,-0.0025571623239187546,12.366963696841818,3,128
2009-07-01,IBM-SPY,0.4,both,-0.022924347968378868,-0.018672864110804828,8.50296771514807,2,128
2009-07-01,IBM-SPY,0.45,either,-0.008740644172339673,-0.0025571623239187546,12.366963696841818,3,128
2009-07-01,IBM-SPY,0.45,both,-0.022924347968378868,-0.018672864110804828,8.50296771514807,2,128
2009-07-01,IBM-SPY,0.5,either,-0.008740644172339673,-0.0025571623239187546,12.366963696841818,3,128
2009-07-01,IBM-SPY,0.5,both,-0.022924347968378868,-0.018672864110804828,8.50296771514807,2,128
2009-07-01,IBM-SPY,0.55,either,-0.008740644172339673,-0.0025571623239187546,12.366963696841818,3,128
2009-07-01,IBM-SPY,0.55,both,-0.022924347968378868,-0.018672864110804828,8.50296771514807,2,128
2009-07-01,DIA-SPY,0.05,either,-0.0018244586629362625,0.004390140184296686,12.429197694465891,3,128
2009-07-01,DIA-SPY,0.05,both,-0.0063427957735599436,-0.0020942954189028563,8.497000709314179,2,128
2009-07-01,DIA-SPY,0.1,either,-0.0018244586629362625,0.004390140184296686,12.429197694465891,3,128
2009-07-01,DIA-SPY,0.1,both,-0.014505984667129733,-0.010266499405474937,8.478970523309584,2,128
2009-07-01,DIA-SPY,0.15,either,-0.0018244586629362625,0.004390140184296686,12.429197694465891,3,128
2009-07-01,DIA-SPY,0.15,both,-0.014505984667129733,-0.010266499405474937,8.478970523309584,2,128
2009-07-01,DIA-SPY,0.2,either,-0.013376153299279034,-0.00916672438559736,8.418857827363343,2,128
2009-07-01,DIA-SPY,0.2,both,-0.014505984667129733,-0.010266499405474937,8.478970523309584,2,128
2009-07-01,DIA-SPY,0.25,either,-0.013376153299279034,-0.00916672438559736,8.418857827363343,2,128
2009-07-01,DIA-SPY,0.25,both,-0.014505984667129733,-0.010266499405474937,8.478970523309584,2,128
2009-07-01,DIA-SPY,0.3,either,-0.013376153299279034,-0.00916672438559736,8.418857827363343,2,128
2009-07-01,DIA-SPY,0.3,both,-0.014505984667129733,-0.010266499405474937,8.478970523309584,2,128
2009-07-01,DIA-SPY,0.35,either,-0.010114428081860662,-0.005906516682442291,8.415822798836754,2,128
2009-07-01,DIA-SPY,0.35,both,-0.011145355258921932,-0.006907433647768784,8.475843222306288,2,128
2009-07-01,DIA-SPY,0.4,either,-0.011145693499945958,-0.006917339123018968,8.456708753853984,2,128
2009-07-01,DIA-SPY,0.4,both,-0.012230154167373677,-0.00797118002377406,8.517948287199236,2,128
2009-07-01,DIA-SPY,0.45,either,-0.011145693499945958,-0.006917339123018968,8.456708753853984,2,128
2009-07-01,DIA-SPY,0.45,both,-0.012230154167373677,-0.00797118002377406,8.517948287199236,2,128
2009-07-01,DIA-SPY,0.5,either,-0.011145693499945958,-0.006917339123018968,8.456708753853984,2,128
2009-07-01,DIA-SPY,0.5,both,-0.012230154167373677,-0.00797118002377406,8.517948287199236,2,128
2009-07-01,DIA-SPY,0.55,either,-0.011145693499945958,-0.006917339123018968,8.456708753853984,2,128
2009-07-01,DIA-SPY,0.55,both,-0.012230154167373677,-0.00797118002377406,8.517948287199236,2,128
2010-01-01,AAPL-GOOG,0.05,either,-0.4627037654519824,-0.4607418817260645,3.9237674518357544,1,124
2010-01-01,AAPL-GOOG,0.05,both,-0.4627037654519824,-0.4607418817260645,3.9237674518357544,1,124
2010-01-01,AAPL-GOOG,0.1,either,-0.4627037654519824,-0.4607418817260645,3.9237674518357544,1,124
2010-01-01,AAPL-GOOG,0.1,both,-0.4627037654519824,-0.4607418817260645,3.9237674518357544,1,124
2010-01-01,AAPL-GOOG,0.15,either,-0.44748631768939096,-0.44551461240015217,3.943410578477533,1,124
2010-01-01,AAPL-GOOG,0.15,both,-0.44748631768939096,-0.44551461240015217,3.943410578477533,1,124
2010-01-01,AAPL-GOOG,0.2,either,-0.44748631768939096,-0.44551461240015217,3.943410578477533,1,124
2010-01-01,AAPL-GOOG,0.2,both,-0.44748631768939096,-0.44551461240015217,3.943410578477533,1,124
2010-01-01,AAPL-GOOG,0.25,either,-0.44748631768939096,-0.44551461240015217,3.943410578477533,1,124
2010-01-01,AAPL-GOOG,0.25,both,-0.44748631768939096,-0.44551461240015217,3.943410578477533,1,124
2010-01-01,AAPL-GOOG,0.3,either,-0.44748631768939096,-0.44551461240015217,3.943410578477533,1,124
2010-01-01,AAPL-GOOG,0.3,both,-0.44748631768939096,-0.44551461240015217,3.943410578477533,1,124
2010-01-01,AAPL-GOOG,0.35,either,-0.44748631768939096,-0.44551461240015217,3.943410578477533,1,124
2010-01-01,AAPL-GOOG,0.35,both,-0.44748631768939096,-0.44551461240015217,3.943410578477533,1,124
2010-01-01,AAPL-GOOG,0.4,either,-0.44748631768939096,-0.44551461240015217,3.943410578477533,1,124
2010-01-01,AAPL-GOOG,0.4,both,-0.44748631768939096,-0.44551461240015217,3.943410578477533,1,124
2010-01-01,AAPL-GOOG,0.45,either,-0.44748631768939096,-0.44551461240015217,3.943410578477533,1,124
2010-01-01,AAPL-GOOG,0.45,both,-0.44748631768939096,-0.44551461240015217,3.943410578477533,1,124
2010-01-01,AAPL-GOOG,0.5,either,-0.44748631768939096,-0.44551461240015217,3.943410578477533,1,124
2010-01-01,AAPL-GOOG,0.5,both,-0.44748631768939096,-0.44551461240015217,3.943410578477533,1,124
2010-01-01,AAPL-GOOG,0.55,either,-0.44748631768939096,-0.44551461240015217,3.943410578477533,1,124
2010-01-01,AAPL-GOOG,0.55,both,-0.44748631768939096,-0.44551461240015217,3.943410578477533,1,124
2010-01-01,IBM-SPY,0.05,either,0.03110497428220066,0.03904585408955087,15.881759614700439,4,124
2010-01-01,IBM-SPY,0.05,both,0.03435339552286329,0.03628800684263343,3.86922263954028,1,124
2010-01-01,IBM-SPY,0.1,either,0.03608883853149278,0.042020739597040134,11.863802131094728,3,124
2010-01-01,IBM-SPY,0.1,both,0.03435339552286329,0.03628800684263343,3.86922263954028,1,124
2010-01-01,IBM-SPY,0.15,either,0.03608883853149278,0.042020739597040134,11.863802131094728,3,124
2010-01-01,IBM-SPY,0.15,both,0.03435339552286329,0.03628800684263343,3.86922263954028,1,124
2010-01-01,IBM-SPY,0.2,either,0.03608883853149278,0.042020739597040134,11.863802131094728,3,124
2010-01-01,IBM-SPY,0.2,both,0.03435339552286329,0.03628800684263343,3.86922263954028,1,124
2010-01-01,IBM-SPY,0.25,either,0.03734243233274645,0.041304850871944215,7.924837078395546,2,124
2010-01-01,IBM-SPY,0.25,both,0.03435339552286329,0.03628800684263343,3.86922263954028,1,124
2010-01-01,IBM-SPY,0.3,either,0.04522374791304418,0.049169241629947555,7.890987433806772,2,124
2010-01-01,IBM-SPY,0.3,both,0.04122499625214844,0.0431623998419196,3.874807179542321,1,124
2010-01-01,IBM-SPY,0.35,either,0.04522374791304418,0.049169241629947555,7.890987433806772,2,124
2010-01-01,IBM-SPY,0.35,both,0.04122499625214844,0.0431623998419196,3.874807179542321,1,124
2010-01-01,IBM-SPY,0.4,either,0.04522374791304418,0.049169241629947555,7.890987433806772,2,124
2010-01-01,IBM-SPY,0.4,both,0.04122499625214844,0.0431623998419196,3.874807179542321,1,124
2010-01-01,IBM-SPY,0.45,either,0.04900665603854572,0.05294608041263012,7.878848748168791,2,124
2010-01-01,IBM-SPY,0.45,both,0.04122499625214844,0.0431623998419196,3.874807179542321,1,124
2010-01-01,IBM-SPY,0.5,either,0.040145866760429076,0.04409285007699851,7.89396663313889,2,124
2010-01-01,IBM-SPY,0.5,both,0.04122499625214844,0.0431623998419196,3.874807179542321,1,124
2010-01-01,IBM-SPY,0.55,either,0.040145866760429076,0.04409285007699851,7.89396663313889,2,124
2010-01-01,IBM-SPY,0.55,both,0.04122499625214844,0.0431623998419196,3.874807179542321,1,124
2010-01-01,DIA-SPY,0.05,either,0.01450044839943128,0.02042038219676789,11.839867594673235,3,124
2010-01-01,DIA-SPY,0.05,both,0.01450044839943128,0.02042038219676789,11.839867594673235,3,124
2010-01-01,DIA-SPY,0.1,either,0.01615363445093513,0.022092944355503668,11.878619809137087,3,124
2010-01-01,DIA-SPY,0.1,both,0.015903721498212897,0.019840077056491705,7.872711116557603,2,124
2010-01-01,DIA-SPY,0.15,either,0.016748439551530173,0.022687452202175377,11.878025301290416,3,124
2010-01-01,DIA-SPY,0.15,both,0.015903721498212897,0.019840077056491705,7.872711116557603,2,124
2010-01-01,DIA-SPY,0.2,either,0.019886505874467456,0.02381688561596334,7.86075948299176,2,124
2010-01-01,DIA-SPY,0.2,both,0.019886505874467456,0.02381688561596334,7.86075948299176,2,124
2010-01-01,DIA-SPY,0.25,either,0.019886505874467456,0.02381688561596334,7.86075948299176,2,124
2010-01-01,DIA-SPY,0.25,both,0.019886505874467456,0.02381688561596334,7.86075948299176,2,124
2010-01-01,DIA-SPY,0.3,either,0.019886505874467456,0.02381688561596334,7.86075948299176,2,124
2010-01-01,DIA-SPY,0.3,both,0.019886505874467456,0.02381688561596334,7.86075948299176,2,124
2010-01-01,DIA-SPY,0.35,either,0.019920356298287575,0.023850064340534965,7.859416084494772,2,124
2010-01-01,DIA-SPY,0.35,both,0.019920356298287575,0.023850064340534965,7.859416084494772,2,124
2010-01-01,DIA-SPY,0.4,either,0.019920356298287575,0.023850064340534965,7.859416084494772,2,124
2010-01-01,DIA-SPY,0.4,both,0.019920356298287575,0.023850064340534965,7.859416084494772,2,124
2010-01-01,DIA-SPY,0.45,either,0.019920356298287575,0.023850064340534965,7.859416084494772,2,124
2010-01-01,DIA-SPY,0.45,both,0.019920356298287575,0.023850064340534965,7.859416084494772,2,124
2010-01-01,DIA-SPY,0.5,either,0.019920356298287575,0.023850064340534965,7.859416084494772,2,124
2010-01-01,DIA-SPY,0.5,both,0.019920356298287575,0.023850064340534965,7.859416084494772,2,124
2010-01-01,DIA-SPY,0.55,either,0.025653892091218936,0.029574225439874077,7.840666697310273,2,124
2010-01-01,DIA-SPY,0.55,both,0.025653892091218936,0.029574225439874077,7.840666697310273,2,124
2010-07-01,AAPL-GOOG,0.05,either,0.0358613502107414,0.04013337162693359,8.544042832384488,2,128
2010-07-01,AAPL-GOOG,0.05,both,0.12484307843054898,0.12911646759365136,8.54677832620474,2,128
2010-07-01,AAPL-GOOG,0.1,either,0.0358613502107414,0.04013337162693359,8.544042832384488,2,128
2010-07-01,AAPL-GOOG,0.1,both,0.12484307843054898,0.12911646759365136,8.54677832620474,2,128
2010-07-01,AAPL-GOOG,0.15,either,0.08059998383607753,0.08486250967093352,8.52505166971195,2,128
2010-07-01,AAPL-GOOG,0.15,both,0.10789034236368253,0.112157487662371,8.534290597376922,2,128
2010-07-01,AAPL-GOOG,0.2,either,0.08059998383607753,0.08486250967093352,8.52505166971195,2,128
2010-07-01,AAPL-GOOG,0.2,both,0.10789034236368253,0.112157487662371,8.534290597376922,2,128
2010-07-01,AAPL-GOOG,0.25,either,0.08059998383607753,0.08486250967093352,8.52505166971195,2,128
2010-07-01,AAPL-GOOG,0.25,both,0.10789034236368253,0.112157487662371,8.534290597376922,2,128
2010-07-01,AAPL-GOOG,0.3,either,0.08059998383607753,0.08486250967093352,8.52505166971195,2,128
2010-07-01,AAPL-GOOG,0.3,both,0.10789034236368253,0.112157487662371,8.534290597376922,2,128
2010-07-01,AAPL-GOOG,0.35,either,0.08059998383607753,0.08486250967093352,8.52505166971195,2,128
2010-07-01,AAPL-GOOG,0.35,both,0.10789034236368253,0.112157487662371,8.534290597376922,2,128
2010-07-01,AAPL-GOOG,0.4,either,0.06460357157744863,0.06685116328320825,4.4951834115192435,1,128
2010-07-01,AAPL-GOOG,0.4,both,0.06460357157744863,0.06685116328320825,4.4951834115192435,1,128
2010-07-01,AAPL-GOOG,0.45,either,0.06460357157744863,0.06685116328320825,4.4951834115192435,1,128
2010-07-01,AAPL-GOOG,0.45,both,0.06460357157744863,0.06685116328320825,4.4951834115192435,1,128
2010-07-01,AAPL-GOOG,0.5,either,0.06460357157744863,0.06685116328320825,4.4951834115192435,1,128
2010-07-01,AAPL-GOOG,0.5,both,0.06460357157744863,0.06685116328320825,4.4951834115192435,1,128
2010-07-01,AAPL-GOOG,0.55,either,0.06518216172154317,0.06742475218246165,4.485180921836925,1,128
2010-07-01,AAPL-GOOG,0.55,both,0.06518216172154317,0.06742475218246165,4.485180921836925,1,128
2010-07-01,IBM-SPY,0.05,either,0.011522131833428418,0.03363387554440607,44.223487421955284,11,128
2010-07-01,IBM-SPY,0.05,both,0.024915319923275104,0.03507532844157168,20.32001703659315,5,128
2010-07-01,IBM-SPY,0.1,either,0.0037433934058574286,0.02182710820303725,36.16742959435964,9,128
2010-07-01,IBM-SPY,0.1,both,0.024915319923275104,0.03507532844157168,20.32001703659315,5,128
2010-07-01,IBM-SPY,0.15,either,0.006128953777569893,0.020228423581547667,28.198939607955534,7,128
2010-07-01,IBM-SPY,0.15,both,0.020278057812049024,0.030437758945373154,20.319402266648282,5,128
2010-07-01,IBM-SPY,0.2,either,0.010542309561850916,0.020640531334324787,20.19644354494775,5,128
2010-07-01,IBM-SPY,0.2,both,0.029194172134262935,0.03733395379348094,16.279563318436008,4,128
2010-07-01,IBM-SPY,0.25,either,0.02178225135738898,0.02787215201046124,12.179801306144519,3,128
2010-07-01,IBM-SPY,0.25,both,0.03150743478847555,0.03761738465506557,12.219899733180029,3,128
2010-07-01,IBM-SPY,0.3,either,0.021533588779050157,0.025614722979976697,8.162268401853058,2,128
2010-07-01,IBM-SPY,0.3,both,0.028578459238855707,0.03267278741238152,8.188656347051607,2,128
2010-07-01,IBM-SPY,0.35,either,0.03433640351486153,0.038438931431053494,8.20505583238392,2,128
2010-07-01,IBM-SPY,0.35,both,0.041532124868093045,0.04564777888447009,8.2313080327541,2,128
2010-07-01,IBM-SPY,0.4,either,0.03433640351486153,0.038438931431053494,8.20505583238392,2,128
2010-07-01,IBM-SPY,0.4,both,0.041532124868093045,0.04564777888447009,8.2313080327541,2,128
2010-07-01,IBM-SPY,0.45,either,0.03433640351486153,0.038438931431053494,8.20505583238392,2,128
2010-07-01,IBM-SPY,0.45,both,0.041532124868093045,0.04564777888447009,8.2313080327541,2,128
2010-07-01,IBM-SPY,0.5,either,0.03433640351486153,0.038438931431053494,8.20505583238392,2,128
2010-07-01,IBM-SPY,0.5,both,0.041532124868093045,0.04564777888447009,8.2313080327541,2,128
2010-07-01,IBM-SPY,0.55,either,0.03433640351486153,0.038438931431053494,8.20505583238392,2,128
2010-07-01,IBM-SPY,0.55,both,0.041532124868093045,0.04564777888447009,8.2313080327541,2,128
2010-07-01,DIA-SPY,0.05,either,-0.01301068879609834,0.0031747607494660643,32.370899091128805,8,128
2010-07-01,DIA-SPY,0.05,both,-0.005841929909615869,0.002336622181814345,16.357104182860425,4,128
2010-07-01,DIA-SPY,0.1,either,-0.011618348199234081,0.0025630622632150536,28.362820924898266,7,128
2010-07-01,DIA-SPY,0.1,both,-0.004283528047826252,0.0018915365117765258,12.350129119205553,3,128
2010-07-01,DIA-SPY,0.15,either,-0.00793841930536823,0.0042379058899559615,24.352650390648378,6,128
2010-07-01,DIA-SPY,0.15,both,-0.00022683211828270194,0.003942522567077623,8.338709370720649,2,128
2010-07-01,DIA-SPY,0.2,either,-0.011570814035551264,0.0006153375142409715,24.37230309958447,6,128
2010-07-01,DIA-SPY,0.2,both,-0.004235993884143434,-5.6188237197556286e-05,8.359611293891755,2,128
2010-07-01,DIA-SPY,0.25,either,-0.008794644075935705,0.0013891436958889166,20.36757554364924,5,128
2010-07-01,DIA-SPY,0.25,both,-0.004235993884143434,-5.6188237197556286e-05,8.359611293891755,2,128
2010-07-01,DIA-SPY,0.3,either,-0.006882569613143755,0.0012802276989778063,16.32559462424312,4,128
2010-07-01,DIA-SPY,0.3,both,-0.006052448203824744,-0.0018801847327952212,8.344526942059048,2,128
2010-07-01,DIA-SPY,0.35,either,-0.006882569613143755,0.0012802276989778063,16.32559462424312,4,128
2010-07-01,DIA-SPY,0.35,both,-0.006052448203824744,-0.0018801847327952212,8.344526942059048,2,128
2010-07-01,DIA-SPY,0.4,either,-0.005560230008110447,0.0025855383301825047,16.291536676585906,4,128
2010-07-01,DIA-SPY,0.4,both,-0.006052448203824744,-0.0018801847327952212,8.344526942059048,2,128
2010-07-01,DIA-SPY,0.45,either,-0.006990422262306952,0.001160632177173453,16.302108878960816,4,128
2010-07-01,DIA-SPY,0.45,both,-0.006052448203824744,-0.0018801847327952212,8.344526942059048,2,128
2010-07-01,DIA-SPY,0.5,either,-0.0038583891911429247,0.004293248000059745,16.30327438240534,4,128
2010-07-01,DIA-SPY,0.5,both,-0.006052448203824744,-0.0018801847327952212,8.344526942059048,2,128
2010-07-01,DIA-SPY,0.55,either,-0.0040447165121902315,0.002122807002023781,12.335047028428026,3,128
2010-07-01,DIA-SPY,0.55,both,-0.00588338922903935,-0.001695856535667198,8.375065386744302,2,128
2011-01-01,AAPL-GOOG,0.05,either,0.20198606175598008,0.22188222085034662,39.79231818873302,10,125
2011-01-01,AAPL-GOOG,0.05,both,0.11733939286875093,0.12525409530765902,15.829404877816192,4,125
2011-01-01,AAPL-GOOG,0.1,either,0.2047719468052209,0.22465995370042283,39.776013790403894,10,125
2011-01-01,AAPL-GOOG,0.1,both,0.11733939286875093,0.12525409530765902,15.829404877816192,4,125
2011-01-01,AAPL-GOOG,0.15,either,0.20265032530617746,0.2185398483346812,31.77904605700743,8,125
2011-01-01,AAPL-GOOG,0.15,both,0.11733939286875093,0.12525409530765902,15.829404877816192,4,125
2011-01-01,AAPL-GOOG,0.2,either,0.20312582586589797,0.21700340633967832,27.755160947560622,7,125
2011-01-01,AAPL-GOOG,0.2,both,0.1532439441927491,0.16114703796347724,15.80618754145628,4,125
2011-01-01,AAPL-GOOG,0.25,either,0.20312582586589797,0.21700340633967832,27.755160947560622,7,125
2011-01-01,AAPL-GOOG,0.25,both,0.13967324066058226,0.14757777421244353,15.809067103722557,4,125
2011-01-01,AAPL-GOOG,0.3,either,0.19159013264683428,0.20547864169975302,27.777018105837474,7,125
2011-01-01,AAPL-GOOG,0.3,both,0.13967324066058226,0.14757777421244353,15.809067103722557,4,125
2011-01-01,AAPL-GOOG,0.35,either,0.18769727149745458,0.1995697388189224,23.74493464293568,6,125
2011-01-01,AAPL-GOOG,0.35,both,0.13967324066058226,0.14757777421244353,15.809067103722557,4,125
2011-01-01,AAPL-GOOG,0.4,either,0.1715924587945581,0.18344387528699604,23.702832984875876,6,125
2011-01-01,AAPL-GOOG,0.4,both,0.11723488492434063,0.12513552773663944,15.801285624597577,4,125
2011-01-01,AAPL-GOOG,0.45,either,0.1823462695206443,0.1922079204266654,19.723301812042127,5,125
2011-01-01,AAPL-GOOG,0.45,both,0.17143487742708408,0.17932416577849725,15.778576702826312,4,125
2011-01-01,AAPL-GOOG,0.5,either,0.18885194256944507,0.19871450378651578,19.725122434141387,5,125
2011-01-01,AAPL-GOOG,0.5,both,0.1782148901259281,0.18610507053362113,15.780360815386032,4,125
2011-01-01,AAPL-GOOG,0.55,either,0.19012327876489474,0.1980033566685072,15.760155807224955,4,125
2011-01-01,AAPL-GOOG,0.55,both,0.1768847520174808,0.18278105065281045,11.792597270659297,3,125
2011-01-01,IBM-SPY,0.05,either,-0.010933081003646757,0.009174991421496081,40.21614485028567,10,125
2011-01-01,IBM-SPY,0.05,both,-0.03217787751125067,-0.026082270788944758,12.191213444611774,3,125
2011-01-01,IBM-SPY,0.1,either,-0.016155588175799863,0.003951275780790831,40.213727913181394,10,125
2011-01-01,IBM-SPY,0.1,both,-0.03217787751125067,-0.026082270788944758,12.191213444611774,3,125
2011-01-01,IBM-SPY,0.15,either,-0.01588609498953886,0.002214587878193049,36.201365735463845,9,125
2011-01-01,IBM-SPY,0.15,both,-0.03217787751125067,-0.026082270788944758,12.191213444611774,3,125
2011-01-01,IBM-SPY,0.2,either,-0.0027396803968925488,0.013342090680649532,32.16354215508417,8,125
2011-01-01,IBM-SPY,0.2,both,-0.03217787751125067,-0.026082270788944758,12.191213444611774,3,125
2011-01-01,IBM-SPY,0.25,either,-0.004750080477230745,0.011333355704059325,32.166872362580115,8,125
2011-01-01,IBM-SPY,0.25,both,-0.03217787751125067,-0.026082270788944758,12.191213444611774,3,125
2011-01-01,IBM-SPY,0.3,either,-0.002401683127588567,0.009668422829701446,24.140211914580032,6,125
2011-01-01,IBM-SPY,0.3,both,-0.03548077996923494,-0.029388415519315526,12.184728899838827,3,125
2011-01-01,IBM-SPY,0.35,either,-0.05183624617927668,-0.04179336502480495,20.08576230894346,5,125
2011-01-01,IBM-SPY,0.35,both,-0.08261975352658998,-0.07854971069613295,8.140085660914087,2,125
2011-01-01,IBM-SPY,0.4,either,-0.054202403923667083,-0.04616287402853142,16.07905979027134,4,125
2011-01-01,IBM-SPY,0.4,both,-0.08261975352658998,-0.07854971069613295,8.140085660914087,2,125
2011-01-01,IBM-SPY,0.45,either,-0.054202403923667083,-0.04616287402853142,16.07905979027134,4,125
2011-01-01,IBM-SPY,0.45,both,-0.08261975352658998,-0.07854971069613295,8.140085660914087,2,125
2011-01-01,IBM-SPY,0.5,either,-0.04925709032423953,-0.043214123903994095,12.085932840490873,3,125
2011-01-01,IBM-SPY,0.5,both,-0.07698227163329398,-0.07490718899733825,4.15016527191146,1,125
2011-01-01,IBM-SPY,0.55,either,-0.04925709032423953,-0.043214123903994095,12.085932840490873,3,125
2011-01-01,IBM-SPY,0.55,both,-0.07698227163329398,-0.07490718899733825,4.15016527191146,1,125
2011-01-01,DIA-SPY,0.05,either,0.0005635452601129957,0.022628648378107203,44.13020623598839,11,125
2011-01-01,DIA-SPY,0.05,both,-0.005391488871170698,0.010625355680408942,32.03368910315928,8,125
2011-01-01,DIA-SPY,0.1,either,-0.0006553620849986692,0.019404491727119954,40.11970762423722,10,125
2011-01-01,DIA-SPY,0.1,both,-0.007012533261035365,0.007012356322474031,28.04977916701879,7,125
2011-01-01,DIA-SPY,0.15,either,-0.0006553620849986692,0.019404491727119954,40.11970762423722,10,125
2011-01-01,DIA-SPY,0.15,both,-0.006122329133634487,0.007919436684397376,28.083531636063725,7,125
2011-01-01,DIA-SPY,0.2,either,0.002827892367489298,0.018905661717810492,32.15553870064238,8,125
2011-01-01,DIA-SPY,0.2,both,-0.004853842290576471,0.00719380884139933,24.0953022639516,6,125
2011-01-01,DIA-SPY,0.25,either,0.0018037827782063,0.015885593375952346,28.163621195492084,7,125
2011-01-01,DIA-SPY,0.25,both,-0.005005225293671996,0.007044344584561218,24.09913975646643,6,125
2011-01-01,DIA-SPY,0.3,either,0.0019000560083958246,0.015973238118771025,28.146364220750392,7,125
2011-01-01,DIA-SPY,0.3,both,-0.004866294918446337,0.007174780936897633,24.08215171068794,6,125
2011-01-01,DIA-SPY,0.35,either,0.002591813370602606,0.01665911810177231,28.134609462339398,7,125
2011-01-01,DIA-SPY,0.35,both,-0.004165576023117776,0.007869665172142316,24.070482390520176,6,125
2011-01-01,DIA-SPY,0.4,either,0.002591813370602606,0.01665911810177231,28.134609462339398,7,125
2011-01-01,DIA-SPY,0.4,both,-0.004165576023117776,0.007869665172142316,24.070482390520176,6,125
2011-01-01,DIA-SPY,0.45,either,0.011813718827289052,0.023874617524136117,24.12179739369414,6,125
2011-01-01,DIA-SPY,0.45,both,0.005056329433568671,0.015085164594506126,20.05767032187492,5,125
2011-01-01,DIA-SPY,0.5,either,0.011019164613122462,0.02107634274324608,20.114356260247256,5,125
2011-01-01,DIA-SPY,0.5,both,0.007042315302088252,0.017073425169519547,20.062219734862612,5,125
2011-01-01,DIA-SPY,0.55,either,0.011523429250663074,0.021577265320031763,20.1076721387374,5,125
2011-01-01,DIA-SPY,0.55,both,0.007546579939628864,0.017574347746305237,20.055535613352756,5,125
2011-07-01,AAPL-GOOG,0.05,either,-0.012086532889012448,0.007949742164243646,40.07255010651223,10,127
2011-07-01,AAPL-GOOG,0.05,both,-0.0016623975170437207,0.0044765157897142145,12.277826613515835,3,127
2011-07-01,AAPL-GOOG,0.1,either,0.020667835741131388,0.03868751121871074,36.03935095515872,9,127
2011-07-01,AAPL-GOOG,0.1,both,0.017484908947613266,0.02362061318602758,12.27140847682865,3,127
2011-07-01,AAPL-GOOG,0.15,either,0.02435521558227515,0.04236312112674441,36.015811088938555,9,127
2011-07-01,AAPL-GOOG,0.15,both,0.017484908947613266,0.02362061318602758,12.27140847682865,3,127
2011-07-01,AAPL-GOOG,0.2,either,-0.003264982268489038,0.01078700266409842,28.103969865174935,7,127
2011-07-01,AAPL-GOOG,0.2,both,-0.06530944529705608,-0.061184022306368546,8.250845981375086,2,127
2011-07-01,AAPL-GOOG,0.25,either,-0.004216915893729531,0.007833540633497154,24.10091305445338,6,127
2011-07-01,AAPL-GOOG,0.25,both,-0.06530944529705608,-0.061184022306368546,8.250845981375086,2,127
2011-07-01,AAPL-GOOG,0.3,either,0.006743607952080507,0.01682275262815141,20.15828935214178,5,127
2011-07-01,AAPL-GOOG,0.3,both,-0.06530944529705608,-0.061184022306368546,8.250845981375086,2,127
2011-07-01,AAPL-GOOG,0.35,either,0.02935016701748249,0.03948100620611855,20.261678377272123,5,127
2011-07-01,AAPL-GOOG,0.35,both,-0.06530944529705608,-0.061184022306368546,8.250845981375086,2,127
2011-07-01,AAPL-GOOG,0.4,either,-0.00019034299842255777,0.007937931189870098,16.25654837658528,4,127
2011-07-01,AAPL-GOOG,0.4,both,-0.0649777937469815,-0.06082229642365124,8.31099464666055,2,127
2011-07-01,AAPL-GOOG,0.45,either,-0.031769057554353934,-0.025650329243754502,12.237456621198842,3,127
2011-07-01,AAPL-GOOG,0.45,both,-0.0649777937469815,-0.06082229642365124,8.31099464666055,2,127
2011-07-01,AAPL-GOOG,0.5,either,-0.05364450439672622,-0.04754760045820942,12.193807877033603,3,127
2011-07-01,AAPL-GOOG,0.5,both,-0.0868532405893538,-0.08271956763810612,8.26734590249531,2,127
2011-07-01,AAPL-GOOG,0.55,either,-0.05364450439672622,-0.04754760045820942,12.193807877033603,3,127
2011-07-01,AAPL-GOOG,0.55,both,-0.0868532405893538,-0.08271956763810612,8.26734590249531,2,127
2011-07-01,IBM-SPY,0.05,either,-0.09100213655118267,-0.08704229621345133,7.919680675462663,2,127
2011-07-01,IBM-SPY,0.05,both,-0.0978034327765384,-0.09580793386618197,3.9909978207128463,1,127
2011-07-01,IBM-SPY,0.1,either,-0.09100213655118267,-0.08704229621345133,7.919680675462663,2,127
2011-07-01,IBM-SPY,0.1,both,-0.0978034327765384,-0.09580793386618197,3.9909978207128463,1,127
2011-07-01,IBM-SPY,0.15,either,-0.10634110760879636,-0.10238253979836023,7.917135620872266,2,127
2011-07-01,IBM-SPY,0.15,both,-0.11480475866424115,-0.11281048902864622,3.988539271189876,1,127
2011-07-01,IBM-SPY,0.2,either,-0.10634110760879636,-0.10238253979836023,7.917135620872266,2,127
2011-07-01,IBM-SPY,0.2,both,-0.11480475866424115,-0.11281048902864622,3.988539271189876,1,127
2011-07-01,IBM-SPY,0.25,either,-0.10634110760879636,-0.10238253979836023,7.917135620872266,2,127
2011-07-01,IBM-SPY,0.25,both,-0.11480475866424115,-0.11281048902864622,3.988539271189876,1,127
2011-07-01,IBM-SPY,0.3,either,-0.10634110760879636,-0.10238253979836023,7.917135620872266,2,127
2011-07-01,IBM-SPY,0.3,both,-0.11480475866424115,-0.11281048902864622,3.988539271189876,1,127
2011-07-01,IBM-SPY,0.35,either,-0.10634110760879636,-0.10238253979836023,7.917135620872266,2,127
2011-07-01,IBM-SPY,0.35,both,-0.11480475866424115,-0.11281048902864622,3.988539271189876,1,127
2011-07-01,IBM-SPY,0.4,either,-0.10634110760879636,-0.10238253979836023,7.917135620872266,2,127
2011-07-01,IBM-SPY,0.4,both,-0.11480475866424115,-0.11281048902864622,3.988539271189876,1,127
2011-07-01,IBM-SPY,0.45,either,-0.10634110760879636,-0.10238253979836023,7.917135620872266,2,127
2011-07-01,IBM-SPY,0.45,both,-0.11480475866424115,-0.11281048902864622,3.988539271189876,1,127
2011-07-01,IBM-SPY,0.5,either,-0.09428421816934342,-0.09033782405065492,7.89278823737698,2,127
2011-07-01,IBM-SPY,0.5,both,-0.11480475866424115,-0.11281048902864622,3.988539271189876,1,127
2011-07-01,IBM-SPY,0.55,either,-0.08123300509330873,-0.0772671703284347,7.931669529748042,2,127
2011-07-01,IBM-SPY,0.55,both,-0.10123079533365295,-0.09921505879461448,4.0314730780769406,1,127
2011-07-01,DIA-SPY,0.05,either,0.005313402429086301,0.01716677376961131,23.706742681050013,6,127
2011-07-01,DIA-SPY,0.05,both,0.001159665077112998,0.007132599497695347,11.945868841164696,3,127
2011-07-01,DIA-SPY,0.1,either,0.005313402429086301,0.01716677376961131,23.706742681050013,6,127
2011-07-01,DIA-SPY,0.1,both,0.001159665077112998,0.007132599497695347,11.945868841164696,3,127
2011-07-01,DIA-SPY,0.15,either,0.005313402429086301,0.01716677376961131,23.706742681050013,6,127
2011-07-01,DIA-SPY,0.15,both,0.001159665077112998,0.007132599497695347,11.945868841164696,3,127
2011-07-01,DIA-SPY,0.2,either,0.017696264513300967,0.027566400083142047,19.74027113968217,5,127
2011-07-01,DIA-SPY,0.2,both,0.001159665077112998,0.007132599497695347,11.945868841164696,3,127
2011-07-01,DIA-SPY,0.25,either,0.017696264513300967,0.027566400083142047,19.74027113968217,5,127
2011-07-01,DIA-SPY,0.25,both,0.001159665077112998,0.007132599497695347,11.945868841164696,3,127
2011-07-01,DIA-SPY,0.3,either,0.017696264513300967,0.027566400083142047,19.74027113968217,5,127
2011-07-01,DIA-SPY,0.3,both,0.001159665077112998,0.007132599497695347,11.945868841164696,3,127
2011-07-01,DIA-SPY,0.35,either,0.017696264513300967,0.027566400083142047,19.74027113968217,5,127
2011-07-01,DIA-SPY,0.35,both,0.001159665077112998,0.007132599497695347,11.945868841164696,3,127
2011-07-01,DIA-SPY,0.4,either,0.011100576940628394,0.019016415806083726,15.83167773091067,4,127
2011-07-01,DIA-SPY,0.4,both,-0.002443491237868958,0.0035262962638716554,11.939575003481217,3,127
2011-07-01,DIA-SPY,0.45,either,0.01880700135011126,0.026748770588472918,15.883538476723324,4,127
2011-07-01,DIA-SPY,0.45,both,0.005262933171613898,0.01125865104626084,11.99143574929387,3,127
2011-07-01,DIA-SPY,0.5,either,0.007755662500394675,0.01572231190730167,15.933298813813995,4,127
2011-07-01,DIA-SPY,0.5,both,0.000986102871756525,0.006999843979062739,12.027482214612423,3,127
2011-07-01,DIA-SPY,0.55,either,0.007755662500394675,0.01572231190730167,15.933298813813995,4,127
2011-07-01,DIA-SPY,0.55,both,0.000986102871756525,0.006999843979062739,12.027482214612423,3,127
2012-01-01,AAPL-GOOG,0.05,either,-0.4550321597061432,-0.4528738237175822,4.316671977122015,1,125
2012-01-01,AAPL-GOOG,0.05,both,-0.4550321597061432,-0.4528738237175822,4.316671977122015,1,125
2012-01-01,AAPL-GOOG,0.1,either,-0.4550321597061432,-0.4528738237175822,4.316671977122015,1,125
2012-01-01,AAPL-GOOG,0.1,both,-0.4550321597061432,-0.4528738237175822,4.316671977122015,1,125
2012-01-01,AAPL-GOOG,0.15,either,-0.4550321597061432,-0.4528738237175822,4.316671977122015,1,125
2012-01-01,AAPL-GOOG,0.15,both,-0.4550321597061432,-0.4528738237175822,4.316671977122015,1,125
2012-01-01,AAPL-GOOG,0.2,either,-0.4550321597061432,-0.4528738237175822,4.316671977122015,1,125
2012-01-01,AAPL-GOOG,0.2,both,-0.4550321597061432,-0.4528738237175822,4.316671977122015,1,125
2012-01-01,AAPL-GOOG,0.25,either,-0.4550321597061432,-0.4528738237175822,4.316671977122015,1,125
2012-01-01,AAPL-GOOG,0.25,both,-0.4550321597061432,-0.4528738237175822,4.316671977122015,1,125
2012-01-01,AAPL-GOOG,0.3,either,-0.4550321597061432,-0.4528738237175822,4.316671977122015,1,125
2012-01-01,AAPL-GOOG,0.3,both,-0.4550321597061432,-0.4528738237175822,4.316671977122015,1,125
2012-01-01,AAPL-GOOG,0.35,either,-0.4550321597061432,-0.4528738237175822,4.316671977122015,1,125
2012-01-01,AAPL-GOOG,0.35,both,-0.4550321597061432,-0.4528738237175822,4.316671977122015,1,125
2012-01-01,AAPL-GOOG,0.4,either,-0.4550321597061432,-0.4528738237175822,4.316671977122015,1,125
2012-01-01,AAPL-GOOG,0.4,both,-0.4550321597061432,-0.4528738237175822,4.316671977122015,1,125
2012-01-01,AAPL-GOOG,0.45,either,-0.4550321597061432,-0.4528738237175822,4.316671977122015,1,125
2012-01-01,AAPL-GOOG,0.45,both,-0.4550321597061432,-0.4528738237175822,4.316671977122015,1,125
2012-01-01,AAPL-GOOG,0.5,either,-0.4511051235846486,-0.4489497665228544,4.310714123588356,1,125
2012-01-01,AAPL-GOOG,0.5,both,-0.4511051235846486,-0.4489497665228544,4.310714123588356,1,125
2012-01-01,AAPL-GOOG,0.55,either,-0.4511051235846486,-0.4489497665228544,4.310714123588356,1,125
2012-01-01,AAPL-GOOG,0.55,both,-0.4511051235846486,-0.4489497665228544,4.310714123588356,1,125
2012-01-01,IBM-SPY,0.05,either,-0.015415487494567014,-0.013346163831865536,4.138647325402952,1,125
2012-01-01,IBM-SPY,0.05,both,-0.015415487494567014,-0.013346163831865536,4.138647325402952,1,125
2012-01-01,IBM-SPY,0.1,either,-0.015415487494567014,-0.013346163831865536,4.138647325402952,1,125
2012-01-01,IBM-SPY,0.1,both,-0.015415487494567014,-0.013346163831865536,4.138647325402952,1,125
2012-01-01,IBM-SPY,0.15,either,-0.015415487494567014,-0.013346163831865536,4.138647325402952,1,125
2012-01-01,IBM-SPY,0.15,both,-0.015415487494567014,-0.013346163831865536,4.138647325402952,1,125
2012-01-01,IBM-SPY,0.2,either,-0.007495643854252528,-0.005425217258125673,4.140853192253707,1,125
2012-01-01,IBM-SPY,0.2,both,-0.007495643854252528,-0.005425217258125673,4.140853192253707,1,125
2012-01-01,IBM-SPY,0.25,either,-0.007495643854252528,-0.005425217258125673,4.140853192253707,1,125
2012-01-01,IBM-SPY,0.25,both,-0.007495643854252528,-0.005425217258125673,4.140853192253707,1,125
2012-01-01,IBM-SPY,0.3,either,-0.007495643854252528,-0.005425217258125673,4.140853192253707,1,125
2012-01-01,IBM-SPY,0.3,both,-0.007495643854252528,-0.005425217258125673,4.140853192253707,1,125
2012-01-01,IBM-SPY,0.35,either,-0.007495643854252528,-0.005425217258125673,4.140853192253707,1,125
2012-01-01,IBM-SPY,0.35,both,-0.007495643854252528,-0.005425217258125673,4.140853192253707,1,125
2012-01-01,IBM-SPY,0.4,either,-0.007495643854252528,-0.005425217258125673,4.140853192253707,1,125
2012-01-01,IBM-SPY,0.4,both,-0.007495643854252528,-0.005425217258125673,4.140853192253707,1,125
2012-01-01,IBM-SPY,0.45,either,-0.007495643854252528,-0.005425217258125673,4.140853192253707,1,125
2012-01-01,IBM-SPY,0.45,both,-0.007495643854252528,-0.005425217258125673,4.140853192253707,1,125
2012-01-01,IBM-SPY,0.5,either,-0.007495643854252528,-0.005425217258125673,4.140853192253707,1,125
2012-01-01,IBM-SPY,0.5,both,-0.007495643854252528,-0.005425217258125673,4.140853192253707,1,125
2012-01-01,IBM-SPY,0.55,either,0.0021245088555323557,0.004202522259731726,4.156026808398739,1,125
2012-01-01,IBM-SPY,0.55,both,0.0021245088555323557,0.004202522259731726,4.156026808398739,1,125
2012-01-01,DIA-SPY,0.05,either,-0.029258948088082864,-0.02719654961827459,4.124796939616543,1,125
2012-01-01,DIA-SPY,0.05,both,-0.029258948088082864,-0.02719654961827459,4.124796939616543,1,125
2012-01-01,DIA-SPY,0.1,either,-0.02623091878053271,-0.024169864508030808,4.122108545003802,1,125
2012-01-01,DIA-SPY,0.1,both,-0.02623091878053271,-0.024169864508030808,4.122108545003802,1,125
2012-01-01,DIA-SPY,0.15,either,-0.02623091878053271,-0.024169864508030808,4.122108545003802,1,125
2012-01-01,DIA-SPY,0.15,both,-0.02623091878053271,-0.024169864508030808,4.122108545003802,1,125
2012-01-01,DIA-SPY,0.2,either,-0.02544057042273603,-0.023376346452892972,4.128447939686114,1,125
2012-01-01,DIA-SPY,0.2,both,-0.02544057042273603,-0.023376346452892972,4.128447939686114,1,125
2012-01-01,DIA-SPY,0.25,either,-0.02544057042273603,-0.023376346452892972,4.128447939686114,1,125
2012-01-01,DIA-SPY,0.25,both,-0.02544057042273603,-0.023376346452892972,4.128447939686114,1,125
2012-01-01,DIA-SPY,0.3,either,-0.02544057042273603,-0.023376346452892972,4.128447939686114,1,125
2012-01-01,DIA-SPY,0.3,both,-0.02544057042273603,-0.023376346452892972,4.128447939686114,1,125
2012-01-01,DIA-SPY,0.35,either,-0.02544057042273603,-0.023376346452892972,4.128447939686114,1,125
2012-01-01,DIA-SPY,0.35,both,-0.02544057042273603,-0.023376346452892972,4.128447939686114,1,125
2012-01-01,DIA-SPY,0.4,either,-0.02544057042273603,-0.023376346452892972,4.128447939686114,1,125
2012-01-01,DIA-SPY,0.4,both,-0.02544057042273603,-0.023376346452892972,4.128447939686114,1,125
2012-01-01,DIA-SPY,0.45,either,-0.02544057042273603,-0.023376346452892972,4.128447939686114,1,125
2012-01-01,DIA-SPY,0.45,both,-0.02544057042273603,-0.023376346452892972,4.128447939686114,1,125
2012-01-01,DIA-SPY,0.5,either,-0.02544057042273603,-0.023376346452892972,4.128447939686114,1,125
2012-01-01,DIA-SPY,0.5,both,-0.02544057042273603,-0.023376346452892972,4.128447939686114,1,125
2012-01-01,DIA-SPY,0.55,either,-0.02544057042273603,-0.023376346452892972,4.128447939686114,1,125
2012-01-01,DIA-SPY,0.55,both,-0.02544057042273603,-0.023376346452892972,4.128447939686114,1,125
2012-07-01,AAPL-GOOG,0.05,either,-0.2120016442593911,-0.20595341697686065,12.096454565060979,3,125
2012-07-01,AAPL-GOOG,0.05,both,-0.23516211815967986,-0.23110602006784017,8.112196183679417,2,125
2012-07-01,AAPL-GOOG,0.1,either,-0.2120016442593911,-0.20595341697686065,12.096454565060979,3,125
2012-07-01,AAPL-GOOG,0.1,both,-0.23516211815967986,-0.23110602006784017,8.112196183679417,2,125
2012-07-01,AAPL-GOOG,0.15,either,-0.21347999556741115,-0.20742331040131612,12.113370332190106,3,125
2012-07-01,AAPL-GOOG,0.15,both,-0.23516211815967986,-0.23110602006784017,8.112196183679417,2,125
2012-07-01,AAPL-GOOG,0.2,either,-0.21347999556741115,-0.20742331040131612,12.113370332190106,3,125
2012-07-01,AAPL-GOOG,0.2,both,-0.23516211815967986,-0.23110602006784017,8.112196183679417,2,125
2012-07-01,AAPL-GOOG,0.25,either,-0.20765914902326982,-0.20361812878908375,8.082040468372142,2,125
2012-07-01,AAPL-GOOG,0.25,both,-0.20955068574845126,-0.20549635819404963,8.108655108803214,2,125
2012-07-01,AAPL-GOOG,0.3,either,-0.2183822391691589,-0.21433155657952954,8.101365179258758,2,125
2012-07-01,AAPL-GOOG,0.3,both,-0.20955068574845126,-0.20549635819404963,8.108655108803214,2,125
2012-07-01,AAPL-GOOG,0.35,either,-0.2183822391691589,-0.21433155657952954,8.101365179258758,2,125
2012-07-01,AAPL-GOOG,0.35,both,-0.20955068574845126,-0.20549635819404963,8.108655108803214,2,125
2012-07-01,AAPL-GOOG,0.4,either,-0.2183822391691589,-0.21433155657952954,8.101365179258758,2,125
2012-07-01,AAPL-GOOG,0.4,both,-0.20955068574845126,-0.20549635819404963,8.108655108803214,2,125
2012-07-01,AAPL-GOOG,0.45,either,-0.2131932351619757,-0.2091245038739212,8.137462576108932,2,125
2012-07-01,AAPL-GOOG,0.45,both,-0.20419117257043048,-0.20011872303706438,8.144899066732195,2,125
2012-07-01,AAPL-GOOG,0.5,either,-0.2131932351619757,-0.2091245038739212,8.137462576108932,2,125
2012-07-01,AAPL-GOOG,0.5,both,-0.20419117257043048,-0.20011872303706438,8.144899066732195,2,125
2012-07-01,AAPL-GOOG,0.55,either,-0.2131932351619757,-0.2091245038739212,8.137462576108932,2,125
2012-07-01,AAPL-GOOG,0.55,both,-0.20419117257043048,-0.20011872303706438,8.144899066732195,2,125
2012-07-01,IBM-SPY,0.05,either,-0.06521113089575929,-0.06319341795837734,4.035425874763913,1,125
2012-07-01,IBM-SPY,0.05,both,-0.06521113089575929,-0.06319341795837734,4.035425874763913,1,125
2012-07-01,IBM-SPY,0.1,either,-0.06673995359994711,-0.06471824665876406,4.043413882366087,1,125
2012-07-01,IBM-SPY,0.1,both,-0.06673995359994711,-0.06471824665876406,4.043413882366087,1,125
2012-07-01,IBM-SPY,0.15,either,-0.06673995359994711,-0.06471824665876406,4.043413882366087,1,125
2012-07-01,IBM-SPY,0.15,both,-0.06673995359994711,-0.06471824665876406,4.043413882366087,1,125
2012-07-01,IBM-SPY,0.2,either,-0.06673995359994711,-0.06471824665876406,4.043413882366087,1,125
2012-07-01,IBM-SPY,0.2,both,-0.06673995359994711,-0.06471824665876406,4.043413882366087,1,125
2012-07-01,IBM-SPY,0.25,either,-0.06673995359994711,-0.06471824665876406,4.043413882366087,1,125
2012-07-01,IBM-SPY,0.25,both,-0.06673995359994711,-0.06471824665876406,4.043413882366087,1,125
2012-07-01,IBM-SPY,0.3,either,-0.06673995359994711,-0.06471824665876406,4.043413882366087,1,125
2012-07-01,IBM-SPY,0.3,both,-0.06673995359994711,-0.06471824665876406,4.043413882366087,1,125
2012-07-01,IBM-SPY,0.35,either,-0.05681387379548641,-0.05477708292913553,4.073581732701749,1,125
2012-07-01,IBM-SPY,0.35,both,-0.05681387379548641,-0.05477708292913553,4.073581732701749,1,125
2012-07-01,IBM-SPY,0.4,either,-0.04889534904509558,-0.04685325959862451,4.084178892942132,1,125
2012-07-01,IBM-SPY,0.4,both,-0.04889534904509558,-0.04685325959862451,4.084178892942132,1,125
2012-07-01,IBM-SPY,0.45,either,-0.04889534904509558,-0.04685325959862451,4.084178892942132,1,125
2012-07-01,IBM-SPY,0.45,both,-0.04889534904509558,-0.04685325959862451,4.084178892942132,1,125
2012-07-01,IBM-SPY,0.5,either,-0.04889534904509558,-0.04685325959862451,4.084178892942132,1,125
2012-07-01,IBM-SPY,0.5,both,-0.04889534904509558,-0.04685325959862451,4.084178892942132,1,125
2012-07-01,IBM-SPY,0.55,either,-0.04889534904509558,-0.04685325959862451,4.084178892942132,1,125
2012-07-01,IBM-SPY,0.55,both,-0.04889534904509558,-0.04685325959862451,4.084178892942132,1,125
2012-07-01,DIA-SPY,0.05,either,-0.026786922665764205,-0.018751583018407472,16.07067929471347,4,125
2012-07-01,DIA-SPY,0.05,both,-0.026410165936835935,-0.02237264846906802,8.075034935535832,2,125
2012-07-01,DIA-SPY,0.1,either,-0.026786922665764205,-0.018751583018407472,16.07067929471347,4,125
2012-07-01,DIA-SPY,0.1,both,-0.026410165936835935,-0.02237264846906802,8.075034935535832,2,125
2012-07-01,DIA-SPY,0.15,either,-0.026786922665764205,-0.018751583018407472,16.07067929471347,4,125
2012-07-01,DIA-SPY,0.15,both,-0.026410165936835935,-0.02237264846906802,8.075034935535832,2,125
2012-07-01,DIA-SPY,0.2,either,-0.02849869809535728,-0.020456832802165047,16.08373058638447,4,125
2012-07-01,DIA-SPY,0.2,both,-0.026410165936835935,-0.02237264846906802,8.075034935535832,2,125
2012-07-01,DIA-SPY,0.25,either,-0.03179079252489507,-0.023747282007100374,16.0870210355894,4,125
2012-07-01,DIA-SPY,0.25,both,-0.029702260366373728,-0.025663097674003345,8.078325384740767,2,125
2012-07-01,DIA-SPY,0.3,either,-0.03179079252489507,-0.023747282007100374,16.0870210355894,4,125
2012-07-01,DIA-SPY,0.3,both,-0.029702260366373728,-0.025663097674003345,8.078325384740767,2,125
2012-07-01,DIA-SPY,0.35,either,-0.02697881563220338,-0.018947336369345355,16.06295852571604,4,125
2012-07-01,DIA-SPY,0.35,both,-0.029702260366373728,-0.025663097674003345,8.078325384740767,2,125
2012-07-01,DIA-SPY,0.4,either,-0.02697881563220338,-0.018947336369345355,16.06295852571604,4,125
2012-07-01,DIA-SPY,0.4,both,-0.029702260366373728,-0.025663097674003345,8.078325384740767,2,125
2012-07-01,DIA-SPY,0.45,either,-0.027384483589009464,-0.01933761187103548,16.09374343594796,4,125
2012-07-01,DIA-SPY,0.45,both,-0.030319269963820904,-0.026264217232065994,8.110105463509814,2,125
2012-07-01,DIA-SPY,0.5,either,-0.028269999041028702,-0.020221581760450445,16.096834561156516,4,125
2012-07-01,DIA-SPY,0.5,both,-0.03226726191922461,-0.02820381451707082,8.126894804307595,2,125
2012-07-01,DIA-SPY,0.55,either,-0.026845114405175587,-0.018801177397203078,16.08787401594502,4,125
2012-07-01,DIA-SPY,0.55,both,-0.03226726191922461,-0.02820381451707082,8.126894804307595,2,125
2013-01-01,AAPL-GOOG,0.05,either,-0.30817369628266433,-0.304149309692054,8.048773181220765,2,124
2013-01-01,AAPL-GOOG,0.05,both,-0.43384084785929533,-0.4318585872162971,3.9645212859965393,1,124
2013-01-01,AAPL-GOOG,0.1,either,-0.30817369628266433,-0.304149309692054,8.048773181220765,2,124
2013-01-01,AAPL-GOOG,0.1,both,-0.43384084785929533,-0.4318585872162971,3.9645212859965393,1,124
2013-01-01,AAPL-GOOG,0.15,either,-0.30817369628266433,-0.304149309692054,8.048773181220765,2,124
2013-01-01,AAPL-GOOG,0.15,both,-0.43384084785929533,-0.4318585872162971,3.9645212859965393,1,124
2013-01-01,AAPL-GOOG,0.2,either,-0.30817369628266433,-0.304149309692054,8.048773181220765,2,124
2013-01-01,AAPL-GOOG,0.2,both,-0.43384084785929533,-0.4318585872162971,3.9645212859965393,1,124
2013-01-01,AAPL-GOOG,0.25,either,-0.30817369628266433,-0.304149309692054,8.048773181220765,2,124
2013-01-01,AAPL-GOOG,0.25,both,-0.43384084785929533,-0.4318585872162971,3.9645212859965393,1,124
2013-01-01,AAPL-GOOG,0.3,either,-0.30817369628266433,-0.304149309692054,8.048773181220765,2,124
2013-01-01,AAPL-GOOG,0.3,both,-0.43384084785929533,-0.4318585872162971,3.9645212859965393,1,124
2013-01-01,AAPL-GOOG,0.35,either,-0.28750502883787077,-0.2834694660158244,8.071125644092774,2,124
2013-01-01,AAPL-GOOG,0.35,both,-0.43384084785929533,-0.4318585872162971,3.9645212859965393,1,124
2013-01-01,AAPL-GOOG,0.4,either,-0.28750502883787077,-0.2834694660158244,8.071125644092774,2,124
2013-01-01,AAPL-GOOG,0.4,both,-0.43384084785929533,-0.4318585872162971,3.9645212859965393,1,124
2013-01-01,AAPL-GOOG,0.45,either,-0.28750502883787077,-0.2834694660158244,8.071125644092774,2,124
2013-01-01,AAPL-GOOG,0.45,both,-0.43384084785929533,-0.4318585872162971,3.9645212859965393,1,124
2013-01-01,AAPL-GOOG,0.5,either,-0.28750502883787077,-0.2834694660158244,8.071125644092774,2,124
2013-01-01,AAPL-GOOG,0.5,both,-0.43384084785929533,-0.4318585872162971,3.9645212859965393,1,124
2013-01-01,AAPL-GOOG,0.55,either,-0.2921337957281395,-0.2880985520071561,8.070487441966856,2,124
2013-01-01,AAPL-GOOG,0.55,both,-0.43826723413025537,-0.4362848174490659,3.9648333623789522,1,124
2013-01-01,IBM-SPY,0.05,either,-0.061599813762627006,-0.05351951073634563,16.160606052562763,4,124
2013-01-01,IBM-SPY,0.05,both,-0.12617696328849476,-0.1241274774487772,4.098971679435163,1,124
2013-01-01,IBM-SPY,0.1,either,-0.04985071440964621,-0.04176918032442439,16.16306817044364,4,124
2013-01-01,IBM-SPY,0.1,both,-0.11480215778567333,-0.11275184445046435,4.1006266704179755,1,124
2013-01-01,IBM-SPY,0.15,either,-0.04985071440964621,-0.04176918032442439,16.16306817044364,4,124
2013-01-01,IBM-SPY,0.15,both,-0.11480215778567333,-0.11275184445046435,4.1006266704179755,1,124
2013-01-01,IBM-SPY,0.2,either,-0.050206009031873805,-0.04213698550825572,16.138047047236142,4,124
2013-01-01,IBM-SPY,0.2,both,-0.11480215778567333,-0.11275184445046435,4.1006266704179755,1,124
2013-01-01,IBM-SPY,0.25,either,-0.050206009031873805,-0.04213698550825572,16.138047047236142,4,124
2013-01-01,IBM-SPY,0.25,both,-0.11480215778567333,-0.11275184445046435,4.1006266704179755,1,124
2013-01-01,IBM-SPY,0.3,either,-0.05990993353930582,-0.05183812202412964,16.14362303035236,4,124
2013-01-01,IBM-SPY,0.3,both,-0.11346411046553548,-0.11141009360378783,4.108033723495311,1,124
2013-01-01,IBM-SPY,0.35,either,-0.05990993353930582,-0.05183812202412964,16.14362303035236,4,124
2013-01-01,IBM-SPY,0.35,both,-0.11346411046553548,-0.11141009360378783,4.108033723495311,1,124
2013-01-01,IBM-SPY,0.4,either,-0.05990993353930582,-0.05183812202412964,16.14362303035236,4,124
2013-01-01,IBM-SPY,0.4,both,-0.11346411046553548,-0.11141009360378783,4.108033723495311,1,124
2013-01-01,IBM-SPY,0.45,either,-0.07044920169848992,-0.06235961970598922,16.17916398500138,4,124
2013-01-01,IBM-SPY,0.45,both,-0.11346411046553548,-0.11141009360378783,4.108033723495311,1,124
2013-01-01,IBM-SPY,0.5,either,-0.07044920169848992,-0.06235961970598922,16.17916398500138,4,124
2013-01-01,IBM-SPY,0.5,both,-0.11346411046553548,-0.11141009360378783,4.108033723495311,1,124
2013-01-01,IBM-SPY,0.55,either,-0.07059520802694044,-0.06452605165401362,12.138312745853625,3,124
2013-01-01,IBM-SPY,0.55,both,-0.11346411046553548,-0.11141009360378783,4.108033723495311,1,124
2013-01-01,DIA-SPY,0.05,either,-0.017891438494342507,-0.011782770624812929,12.217335739059159,3,124
2013-01-01,DIA-SPY,0.05,both,-0.01370297475960336,-0.007594533235205626,12.21688304879548,3,124
2013-01-01,DIA-SPY,0.1,either,-0.01707357215125968,-0.010966062326623421,12.21501964927251,3,124
2013-01-01,DIA-SPY,0.1,both,-0.01370297475960336,-0.007594533235205626,12.21688304879548,3,124
2013-01-01,DIA-SPY,0.15,either,-0.01707357215125968,-0.010966062326623421,12.21501964927251,3,124
2013-01-01,DIA-SPY,0.15,both,-0.01370297475960336,-0.007594533235205626,12.21688304879548,3,124
2013-01-01,DIA-SPY,0.2,either,-0.016936497880435497,-0.012822457392142307,8.228080976586378,2,124
2013-01-01,DIA-SPY,0.2,both,-0.013565900488779191,-0.009450928300724512,8.229944376109348,2,124
2013-01-01,DIA-SPY,0.25,either,-0.016936497880435497,-0.012822457392142307,8.228080976586378,2,124
2013-01-01,DIA-SPY,0.25,both,-0.013565900488779191,-0.009450928300724512,8.229944376109348,2,124
2013-01-01,DIA-SPY,0.3,either,-0.01318684255155752,-0.011079880960965523,4.2139231811839934,1,124
2013-01-01,DIA-SPY,0.3,both,-0.01318684255155752,-0.011079880960965523,4.2139231811839934,1,124
2013-01-01,DIA-SPY,0.35,either,-0.01318684255155752,-0.011079880960965523,4.2139231811839934,1,124
2013-01-01,DIA-SPY,0.35,both,-0.01318684255155752,-0.011079880960965523,4.2139231811839934,1,124
2013-01-01,DIA-SPY,0.4,either,-0.01318684255155752,-0.011079880960965523,4.2139231811839934,1,124
2013-01-01,DIA-SPY,0.4,both,-0.01318684255155752,-0.011079880960965523,4.2139231811839934,1,124
2013-01-01,DIA-SPY,0.45,either,-0.01318684255155752,-0.011079880960965523,4.2139231811839934,1,124
2013-01-01,DIA-SPY,0.45,both,-0.01318684255155752,-0.011079880960965523,4.2139231811839934,1,124
2013-01-01,DIA-SPY,0.5,either,-0.01318684255155752,-0.011079880960965523,4.2139231811839934,1,124
2013-01-01,DIA-SPY,0.5,both,-0.01318684255155752,-0.011079880960965523,4.2139231811839934,1,124
2013-01-01,DIA-SPY,0.55,either,-0.014604416235180082,-0.012496596603366867,4.21563926362643,1,124
2013-01-01,DIA-SPY,0.55,both,-0.014604416235180082,-0.012496596603366867,4.21563926362643,1,124
2013-07-01,AAPL-GOOG,0.05,either,-0.05630504521304969,-0.05200803510524807,8.594020215603267,2,128
2013-07-01,AAPL-GOOG,0.05,both,-0.08787247029075324,-0.08556539168768307,4.6141572061403995,1,128
2013-07-01,AAPL-GOOG,0.1,either,-0.05630504521304969,-0.05200803510524807,8.594020215603267,2,128
2013-07-01,AAPL-GOOG,0.1,both,-0.08787247029075324,-0.08556539168768307,4.6141572061403995,1,128
2013-07-01,AAPL-GOOG,0.15,either,-0.07138188053530334,-0.06709667857540866,8.570403919789337,2,128
2013-07-01,AAPL-GOOG,0.15,both,-0.08787247029075324,-0.08556539168768307,4.6141572061403995,1,128
2013-07-01,AAPL-GOOG,0.2,either,-0.07138188053530334,-0.06709667857540866,8.570403919789337,2,128
2013-07-01,AAPL-GOOG,0.2,both,-0.08787247029075324,-0.08556539168768307,4.6141572061403995,1,128
2013-07-01,AAPL-GOOG,0.25,either,-0.07138188053530334,-0.06709667857540866,8.570403919789337,2,128
2013-07-01,AAPL-GOOG,0.25,both,-0.08787247029075324,-0.08556539168768307,4.6141572061403995,1,128
2013-07-01,AAPL-GOOG,0.3,either,-0.07138188053530334,-0.06709667857540866,8.570403919789337,2,128
2013-07-01,AAPL-GOOG,0.3,both,-0.08787247029075324,-0.08556539168768307,4.6141572061403995,1,128
2013-07-01,AAPL-GOOG,0.35,either,-0.07138188053530334,-0.06709667857540866,8.570403919789337,2,128
2013-07-01,AAPL-GOOG,0.35,both,-0.08787247029075324,-0.08556539168768307,4.6141572061403995,1,128
2013-07-01,AAPL-GOOG,0.4,either,-0.10409305187481568,-0.10181154323503461,4.563017279562144,1,128
2013-07-01,AAPL-GOOG,0.4,both,-0.10409305187481568,-0.10181154323503461,4.563017279562144,1,128
2013-07-01,AAPL-GOOG,0.45,either,-0.10409305187481568,-0.10181154323503461,4.563017279562144,1,128
2013-07-01,AAPL-GOOG,0.45,both,-0.10409305187481568,-0.10181154323503461,4.563017279562144,1,128
2013-07-01,AAPL-GOOG,0.5,either,-0.10409305187481568,-0.10181154323503461,4.563017279562144,1,128
2013-07-01,AAPL-GOOG,0.5,both,-0.10409305187481568,-0.10181154323503461,4.563017279562144,1,128
2013-07-01,AAPL-GOOG,0.55,either,-0.035166059039924286,-0.03288712830881832,4.5578614622119416,1,128
2013-07-01,AAPL-GOOG,0.55,both,-0.035166059039924286,-0.03288712830881832,4.5578614622119416,1,128
2013-07-01,IBM-SPY,0.05,either,0.10932101983808953,0.1393380651560177,60.03409063585636,15,128
2013-07-01,IBM-SPY,0.05,both,0.2083910682857052,0.22245124276230147,28.120348953192543,7,128
2013-07-01,IBM-SPY,0.1,either,0.1215706280050711,0.14959596894424548,56.0506818783488,14,128
2013-07-01,IBM-SPY,0.1,both,0.21243157166886933,0.22649335337671234,28.12356341568606,7,128
2013-07-01,IBM-SPY,0.15,either,0.1084663271340301,0.1344892029603789,52.04575165269762,13,128
2013-07-01,IBM-SPY,0.15,both,0.21243157166886933,0.22649335337671234,28.12356341568606,7,128
2013-07-01,IBM-SPY,0.2,either,0.1084663271340301,0.1344892029603789,52.04575165269762,13,128
2013-07-01,IBM-SPY,0.2,both,0.21243157166886933,0.22649335337671234,28.12356341568606,7,128
2013-07-01,IBM-SPY,0.25,either,0.10170508940227946,0.12572682427201054,48.04346973946212,12,128
2013-07-01,IBM-SPY,0.25,both,0.20573248431274538,0.21778947970340246,24.113990781314186,6,128
2013-07-01,IBM-SPY,0.3,either,0.10840350619831976,0.1304387848072831,44.070557217926634,11,128
2013-07-01,IBM-SPY,0.3,both,0.20573248431274538,0.21778947970340246,24.113990781314186,6,128
2013-07-01,IBM-SPY,0.35,either,0.08895608348357316,0.10699704133051954,36.08191569389277,9,128
2013-07-01,IBM-SPY,0.35,both,0.16561517716278992,0.17567958898070818,20.12882363583654,5,128
2013-07-01,IBM-SPY,0.4,either,0.1480795764750808,0.16410491671224764,32.05068047433373,8,128
2013-07-01,IBM-SPY,0.4,both,0.18579645099394387,0.19583260838928776,20.07231479068784,5,128
2013-07-01,IBM-SPY,0.45,either,0.14797393660606015,0.16198881226181902,28.02975131151772,7,128
2013-07-01,IBM-SPY,0.45,both,0.180035703736532,0.19006521149434064,20.059015515617226,5,128
2013-07-01,IBM-SPY,0.5,either,0.11782919639131798,0.1298498204116642,24.04124804069248,6,128
2013-07-01,IBM-SPY,0.5,both,0.16489222764393185,0.1729266298886104,16.068804489357042,4,128
2013-07-01,IBM-SPY,0.55,either,0.11782919639131798,0.1298498204116642,24.04124804069248,6,128
2013-07-01,IBM-SPY,0.55,both,0.16489222764393185,0.1729266298886104,16.068804489357042,4,128
2013-07-01,DIA-SPY,0.05,either,-0.029662372926903532,-0.025528832303332936,8.26708124714119,2,128
2013-07-01,DIA-SPY,0.05,both,-0.028799408719474895,-0.024659514566910096,8.279788305129587,2,128
2013-07-01,DIA-SPY,0.1,either,-0.029662372926903532,-0.025528832303332936,8.26708124714119,2,128
2013-07-01,DIA-SPY,0.1,both,-0.028799408719474895,-0.024659514566910096,8.279788305129587,2,128
2013-07-01,DIA-SPY,0.15,either,-0.02683613731169903,-0.022715535138076455,8.241204347245155,2,128
2013-07-01,DIA-SPY,0.15,both,-0.025997879687934485,-0.021870960511875117,8.253838352118724,2,128
2013-07-01,DIA-SPY,0.2,either,-0.02683613731169903,-0.022715535138076455,8.241204347245155,2,128
2013-07-01,DIA-SPY,0.2,both,-0.025997879687934485,-0.021870960511875117,8.253838352118724,2,128
2013-07-01,DIA-SPY,0.25,either,-0.02683613731169903,-0.022715535138076455,8.241204347245155,2,128
2013-07-01,DIA-SPY,0.25,both,-0.025997879687934485,-0.021870960511875117,8.253838352118724,2,128
2013-07-01,DIA-SPY,0.3,either,-0.02683613731169903,-0.022715535138076455,8.241204347245155,2,128
2013-07-01,DIA-SPY,0.3,both,-0.025997879687934485,-0.021870960511875117,8.253838352118724,2,128
2013-07-01,DIA-SPY,0.35,either,-0.02683613731169903,-0.022715535138076455,8.241204347245155,2,128
2013-07-01,DIA-SPY,0.35,both,-0.025997879687934485,-0.021870960511875117,8.253838352118724,2,128
2013-07-01,DIA-SPY,0.4,either,-0.02862877852910107,-0.024504897636871026,8.24776178446007,2,128
2013-07-01,DIA-SPY,0.4,both,-0.025997879687934485,-0.021870960511875117,8.253838352118724,2,128
2013-07-01,DIA-SPY,0.45,either,-0.02862877852910107,-0.024504897636871026,8.24776178446007,2,128
2013-07-01,DIA-SPY,0.45,both,-0.025997879687934485,-0.021870960511875117,8.253838352118724,2,128
2013-07-01,DIA-SPY,0.5,either,-0.031468053607659724,-0.029368854114057007,4.198398987205437,1,128
2013-07-01,DIA-SPY,0.5,both,-0.031468053607659724,-0.029368854114057007,4.198398987205437,1,128
2013-07-01,DIA-SPY,0.55,either,-0.02981613538469184,-0.027725018700174235,4.182233369035224,1,128
2013-07-01,DIA-SPY,0.55,both,-0.02981613538469184,-0.027725018700174235,4.182233369035224,1,128
2014-01-01,AAPL-GOOG,0.05,either,-0.10531861790001505,-0.08518372182188118,40.26979215626778,10,124
2014-01-01,AAPL-GOOG,0.05,both,-0.3293484331422966,-0.3252042170481213,8.28843218835059,2,124
2014-01-01,AAPL-GOOG,0.1,either,-0.10958535562158904,-0.08945469090736981,40.26132942843843,10,124
2014-01-01,AAPL-GOOG,0.1,both,-0.3334330415522167,-0.32929307134278213,8.279940418869126,2,124
2014-01-01,AAPL-GOOG,0.15,either,-0.10958535562158904,-0.08945469090736981,40.26132942843843,10,124
2014-01-01,AAPL-GOOG,0.15,both,-0.3334330415522167,-0.32929307134278213,8.279940418869126,2,124
2014-01-01,AAPL-GOOG,0.2,either,-0.09930230019514388,-0.0791730272585687,40.25854587315037,10,124
2014-01-01,AAPL-GOOG,0.2,both,-0.3334330415522167,-0.32929307134278213,8.279940418869126,2,124
2014-01-01,AAPL-GOOG,0.25,either,-0.13188441859913105,-0.11976858657307164,24.231664052118855,6,124
2014-01-01,AAPL-GOOG,0.25,both,-0.3439449286596326,-0.33981967737298174,8.250502573301675,2,124
2014-01-01,AAPL-GOOG,0.3,either,-0.10046987094865545,-0.09035758162009441,20.224578657122105,5,124
2014-01-01,AAPL-GOOG,0.3,both,-0.2750447689044702,-0.27092205118170337,8.245435445533596,2,124
2014-01-01,AAPL-GOOG,0.35,either,-0.11992330917391907,-0.10983388963729052,20.17883907325711,5,124
2014-01-01,AAPL-GOOG,0.35,both,-0.2750447689044702,-0.27092205118170337,8.245435445533596,2,124
2014-01-01,AAPL-GOOG,0.4,either,-0.14082500474928217,-0.1307452546250828,20.159500248398704,5,124
2014-01-01,AAPL-GOOG,0.4,both,-0.2750447689044702,-0.27092205118170337,8.245435445533596,2,124
2014-01-01,AAPL-GOOG,0.45,either,-0.14082500474928217,-0.1307452546250828,20.159500248398704,5,124
2014-01-01,AAPL-GOOG,0.45,both,-0.2750447689044702,-0.27092205118170337,8.245435445533596,2,124
2014-01-01,AAPL-GOOG,0.5,either,-0.14082500474928217,-0.1307452546250828,20.159500248398704,5,124
2014-01-01,AAPL-GOOG,0.5,both,-0.2750447689044702,-0.27092205118170337,8.245435445533596,2,124
2014-01-01,AAPL-GOOG,0.55,either,-0.13705161679444833,-0.12897814199366295,16.14694960157072,4,124
2014-01-01,AAPL-GOOG,0.55,both,-0.26792268335020225,-0.2638180160600206,8.209334580363272,2,124
2014-01-01,IBM-SPY,0.05,either,0.08057607480183543,0.08857400994757036,15.99587029146982,4,124
2014-01-01,IBM-SPY,0.05,both,0.09551144273990075,0.09754583391187523,4.068782343948929,1,124
2014-01-01,IBM-SPY,0.1,either,0.08057607480183543,0.08857400994757036,15.99587029146982,4,124
2014-01-01,IBM-SPY,0.1,both,0.09551144273990075,0.09754583391187523,4.068782343948929,1,124
2014-01-01,IBM-SPY,0.15,either,0.08723018502247327,0.0932233190018867,11.986267958826843,3,124
2014-01-01,IBM-SPY,0.15,both,0.10818755282341938,0.11020900025472602,4.04289486261329,1,124
2014-01-01,IBM-SPY,0.2,either,0.08723018502247327,0.0932233190018867,11.986267958826843,3,124
2014-01-01,IBM-SPY,0.2,both,0.10818755282341938,0.11020900025472602,4.04289486261329,1,124
2014-01-01,IBM-SPY,0.25,either,0.07584037775446886,0.0818362866871479,11.991817865358072,3,124
2014-01-01,IBM-SPY,0.25,both,0.10818755282341938,0.11020900025472602,4.04289486261329,1,124
2014-01-01,IBM-SPY,0.3,either,0.06654569832910837,0.0725460343653821,12.000672072547484,3,124
2014-01-01,IBM-SPY,0.3,both,0.09900312872160127,0.1010289317172849,4.051605991367261,1,124
2014-01-01,IBM-SPY,0.35,either,0.06654569832910837,0.0725460343653821,12.000672072547484,3,124
2014-01-01,IBM-SPY,0.35,both,0.09900312872160127,0.1010289317172849,4.051605991367261,1,124
2014-01-01,IBM-SPY,0.4,either,0.06654569832910837,0.0725460343653821,12.000672072547484,3,124
2014-01-01,IBM-SPY,0.4,both,0.09900312872160127,0.1010289317172849,4.051605991367261,1,124
2014-01-01,IBM-SPY,0.45,either,0.0731790653169675,0.07917687933995582,11.995628045976659,3,124
2014-01-01,IBM-SPY,0.45,both,0.09900312872160127,0.1010289317172849,4.051605991367261,1,124
2014-01-01,IBM-SPY,0.5,either,0.0731790653169675,0.07917687933995582,11.995628045976659,3,124
2014-01-01,IBM-SPY,0.5,both,0.09900312872160127,0.1010289317172849,4.051605991367261,1,124
2014-01-01,IBM-SPY,0.55,either,0.0731790653169675,0.07917687933995582,11.995628045976659,3,124
2014-01-01,IBM-SPY,0.55,both,0.09900312872160127,0.1010289317172849,4.051605991367261,1,124
2014-01-01,DIA-SPY,0.05,either,-0.04414422368203281,-0.03808495711577093,12.118533132523766,3,124
2014-01-01,DIA-SPY,0.05,both,-0.03813281868343598,-0.034075333588103156,8.114970190665652,2,124
2014-01-01,DIA-SPY,0.1,either,-0.04414422368203281,-0.03808495711577093,12.118533132523766,3,124
2014-01-01,DIA-SPY,0.1,both,-0.03813281868343598,-0.034075333588103156,8.114970190665652,2,124
2014-01-01,DIA-SPY,0.15,either,-0.04414422368203281,-0.03808495711577093,12.118533132523766,3,124
2014-01-01,DIA-SPY,0.15,both,-0.03813281868343598,-0.034075333588103156,8.114970190665652,2,124
2014-01-01,DIA-SPY,0.2,either,-0.043772168626016066,-0.0397127418673112,8.118853517409729,2,124
2014-01-01,DIA-SPY,0.2,both,-0.03813281868343598,-0.034075333588103156,8.114970190665652,2,124
2014-01-01,DIA-SPY,0.25,either,-0.043772168626016066,-0.0397127418673112,8.118853517409729,2,124
2014-01-01,DIA-SPY,0.25,both,-0.03813281868343598,-0.034075333588103156,8.114970190665652,2,124
2014-01-01,DIA-SPY,0.3,either,-0.04131804041325584,-0.03926497951300143,4.106121800508821,1,124
2014-01-01,DIA-SPY,0.3,both,-0.04131804041325584,-0.03926497951300143,4.106121800508821,1,124
2014-01-01,DIA-SPY,0.35,either,-0.04131804041325584,-0.03926497951300143,4.106121800508821,1,124
2014-01-01,DIA-SPY,0.35,both,-0.04131804041325584,-0.03926497951300143,4.106121800508821,1,124
2014-01-01,DIA-SPY,0.4,either,-0.04131804041325584,-0.03926497951300143,4.106121800508821,1,124
2014-01-01,DIA-SPY,0.4,both,-0.04131804041325584,-0.03926497951300143,4.106121800508821,1,124
2014-01-01,DIA-SPY,0.45,either,-0.04131804041325584,-0.03926497951300143,4.106121800508821,1,124
2014-01-01,DIA-SPY,0.45,both,-0.04131804041325584,-0.03926497951300143,4.106121800508821,1,124
2014-01-01,DIA-SPY,0.5,either,-0.04343943771806587,-0.04137296609084513,4.13294325444148,1,124
2014-01-01,DIA-SPY,0.5,both,-0.04343943771806587,-0.04137296609084513,4.13294325444148,1,124
2014-01-01,DIA-SPY,0.55,either,-0.04343943771806587,-0.04137296609084513,4.13294325444148,1,124
2014-01-01,DIA-SPY,0.55,both,-0.04343943771806587,-0.04137296609084513,4.13294325444148,1,124
2014-07-01,AAPL-GOOG,0.05,either,-0.18867126076986643,-0.1826496649658961,12.043191607940598,3,128
2014-07-01,AAPL-GOOG,0.05,both,-0.2208516176652167,-0.21681540983337344,8.072415663686497,2,128
2014-07-01,AAPL-GOOG,0.1,either,-0.1866495416392606,-0.18062504317060563,12.048996937309942,3,128
2014-07-01,AAPL-GOOG,0.1,both,-0.2208516176652167,-0.21681540983337344,8.072415663686497,2,128
2014-07-01,AAPL-GOOG,0.15,either,-0.1866495416392606,-0.18062504317060563,12.048996937309942,3,128
2014-07-01,AAPL-GOOG,0.15,both,-0.2208516176652167,-0.21681540983337344,8.072415663686497,2,128
2014-07-01,AAPL-GOOG,0.2,either,-0.207973303834203,-0.20394466209234471,8.057283483716615,2,128
2014-07-01,AAPL-GOOG,0.2,both,-0.2562214723046983,-0.2541806200481117,4.081704513173101,1,128
2014-07-01,AAPL-GOOG,0.25,either,-0.207973303834203,-0.20394466209234471,8.057283483716615,2,128
2014-07-01,AAPL-GOOG,0.25,both,-0.2562214723046983,-0.2541806200481117,4.081704513173101,1,128
2014-07-01,AAPL-GOOG,0.3,either,-0.207973303834203,-0.20394466209234471,8.057283483716615,2,128
2014-07-01,AAPL-GOOG,0.3,both,-0.2562214723046983,-0.2541806200481117,4.081704513173101,1,128
2014-07-01,AAPL-GOOG,0.35,either,-0.207973303834203,-0.20394466209234471,8.057283483716615,2,128
2014-07-01,AAPL-GOOG,0.35,both,-0.2562214723046983,-0.2541806200481117,4.081704513173101,1,128
2014-07-01,AAPL-GOOG,0.4,either,-0.19480325518105035,-0.19078358464926984,8.039341063561,2,128
2014-07-01,AAPL-GOOG,0.4,both,-0.2562214723046983,-0.2541806200481117,4.081704513173101,1,128
2014-07-01,AAPL-GOOG,0.45,either,-0.19480325518105035,-0.19078358464926984,8.039341063561,2,128
2014-07-01,AAPL-GOOG,0.45,both,-0.2562214723046983,-0.2541806200481117,4.081704513173101,1,128
2014-07-01,AAPL-GOOG,0.5,either,-0.19480325518105035,-0.19078358464926984,8.039341063561,2,128
2014-07-01,AAPL-GOOG,0.5,both,-0.2562214723046983,-0.2541806200481117,4.081704513173101,1,128
2014-07-01,AAPL-GOOG,0.55,either,-0.19480325518105035,-0.19078358464926984,8.039341063561,2,128
2014-07-01,AAPL-GOOG,0.55,both,-0.2562214723046983,-0.2541806200481117,4.081704513173101,1,128
2014-07-01,IBM-SPY,0.05,either,0.19250071356519194,0.20239575767855308,19.790088226722283,5,128
2014-07-01,IBM-SPY,0.05,both,0.1837793099785179,0.18573407399904068,3.9095280410455775,1,128
2014-07-01,IBM-SPY,0.1,either,0.19250071356519194,0.20239575767855308,19.790088226722283,5,128
2014-07-01,IBM-SPY,0.1,both,0.1837793099785179,0.18573407399904068,3.9095280410455775,1,128
2014-07-01,IBM-SPY,0.15,either,0.19938092485008077,0.20926882504941227,19.775800398662952,5,128
2014-07-01,IBM-SPY,0.15,both,0.1837793099785179,0.18573407399904068,3.9095280410455775,1,128
2014-07-01,IBM-SPY,0.2,either,0.18965194741314015,0.19754759002870467,15.791285231129041,4,128
2014-07-01,IBM-SPY,0.2,both,0.1837793099785179,0.18573407399904068,3.9095280410455775,1,128
2014-07-01,IBM-SPY,0.25,either,0.18965194741314015,0.19754759002870467,15.791285231129041,4,128
2014-07-01,IBM-SPY,0.25,both,0.1837793099785179,0.18573407399904068,3.9095280410455775,1,128
2014-07-01,IBM-SPY,0.3,either,0.18965194741314015,0.19754759002870467,15.791285231129041,4,128
2014-07-01,IBM-SPY,0.3,both,0.1837793099785179,0.18573407399904068,3.9095280410455775,1,128
2014-07-01,IBM-SPY,0.35,either,0.17399297668160993,0.1798905538757604,11.795154388300903,3,128
2014-07-01,IBM-SPY,0.35,both,0.18901363716056294,0.190971522768466,3.915771215806091,1,128
2014-07-01,IBM-SPY,0.4,either,0.17475471316254354,0.17865451400440552,7.799601683723982,2,128
2014-07-01,IBM-SPY,0.4,both,0.18901363716056294,0.190971522768466,3.915771215806091,1,128
2014-07-01,IBM-SPY,0.45,either,0.17475471316254354,0.17865451400440552,7.799601683723982,2,128
2014-07-01,IBM-SPY,0.45,both,0.18901363716056294,0.190971522768466,3.915771215806091,1,128
2014-07-01,IBM-SPY,0.5,either,0.17475471316254354,0.17865451400440552,7.799601683723982,2,128
2014-07-01,IBM-SPY,0.5,both,0.18901363716056294,0.190971522768466,3.915771215806091,1,128
2014-07-01,IBM-SPY,0.55,either,0.17475471316254354,0.17865451400440552,7.799601683723982,2,128
2014-07-01,IBM-SPY,0.55,both,0.18901363716056294,0.190971522768466,3.915771215806091,1,128
2014-07-01,DIA-SPY,0.05,either,-0.009811543787321169,-0.00775488278182671,4.113322010988912,1,128
2014-07-01,DIA-SPY,0.05,both,-0.009811543787321169,-0.00775488278182671,4.113322010988912,1,128
2014-07-01,DIA-SPY,0.1,either,-0.009811543787321169,-0.00775488278182671,4.113322010988912,1,128
2014-07-01,DIA-SPY,0.1,both,-0.009811543787321169,-0.00775488278182671,4.113322010988912,1,128
2014-07-01,DIA-SPY,0.15,either,-0.009811543787321169,-0.00775488278182671,4.113322010988912,1,128
2014-07-01,DIA-SPY,0.15,both,-0.009811543787321169,-0.00775488278182671,4.113322010988912,1,128
2014-07-01,DIA-SPY,0.2,either,-0.009811543787321169,-0.00775488278182671,4.113322010988912,1,128
2014-07-01,DIA-SPY,0.2,both,-0.009811543787321169,-0.00775488278182671,4.113322010988912,1,128
2014-07-01,DIA-SPY,0.25,either,-0.009811543787321169,-0.00775488278182671,4.113322010988912,1,128
2014-07-01,DIA-SPY,0.25,both,-0.009811543787321169,-0.00775488278182671,4.113322010988912,1,128
2014-07-01,DIA-SPY,0.3,either,-0.009811543787321169,-0.00775488278182671,4.113322010988912,1,128
2014-07-01,DIA-SPY,0.3,both,-0.009811543787321169,-0.00775488278182671,4.113322010988912,1,128
2014-07-01,DIA-SPY,0.35,either,-0.008300260715773836,-0.006249504905798628,4.101511619950417,1,128
2014-07-01,DIA-SPY,0.35,both,-0.008300260715773836,-0.006249504905798628,4.101511619950417,1,128
2014-07-01,DIA-SPY,0.4,either,-0.008300260715773836,-0.006249504905798628,4.101511619950417,1,128
2014-07-01,DIA-SPY,0.4,both,-0.008300260715773836,-0.006249504905798628,4.101511619950417,1,128
2014-07-01,DIA-SPY,0.45,either,-0.008300260715773836,-0.006249504905798628,4.101511619950417,1,128
2014-07-01,DIA-SPY,0.45,both,-0.008300260715773836,-0.006249504905798628,4.101511619950417,1,128
2014-07-01,DIA-SPY,0.5,either,-0.008300260715773836,-0.006249504905798628,4.101511619950417,1,128
2014-07-01,DIA-SPY,0.5,both,-0.008300260715773836,-0.006249504905798628,4.101511619950417,1,128
2014-07-01,DIA-SPY,0.55,either,-0.008428047267279378,-0.006373568908637103,4.108956717284549,1,128
2014-07-01,DIA-SPY,0.55,both,-0.008428047267279378,-0.006373568908637103,4.108956717284549,1,128
2015-01-01,AAPL-GOOG,0.05,either,0.06313165558787902,0.09513524348648887,64.00717579721966,16,124
2015-01-01,AAPL-GOOG,0.05,both,0.04690482460888741,0.05497122445721087,16.132799696646938,4,124
2015-01-01,AAPL-GOOG,0.1,either,0.05465889728971728,0.08464644302485033,59.97509147026607,15,124
2015-01-01,AAPL-GOOG,0.1,both,0.04690482460888741,0.05497122445721087,16.132799696646938,4,124
2015-01-01,AAPL-GOOG,0.15,either,0.08050634947142833,0.10849327165582175,55.973844368786786,14,124
2015-01-01,AAPL-GOOG,0.15,both,0.04690482460888741,0.05497122445721087,16.132799696646938,4,124
2015-01-01,AAPL-GOOG,0.2,either,0.1010791478966816,0.12105409379014494,39.94989178692667,10,124
2015-01-01,AAPL-GOOG,0.2,both,0.04690482460888741,0.05497122445721087,16.132799696646938,4,124
2015-01-01,AAPL-GOOG,0.25,either,0.12881987357841315,0.14480792243042553,31.976097704024806,8,124
2015-01-01,AAPL-GOOG,0.25,both,0.04690482460888741,0.05497122445721087,16.132799696646938,4,124
2015-01-01,AAPL-GOOG,0.3,either,0.13894879665240034,0.15293353500217974,27.969476699558808,7,124
2015-01-01,AAPL-GOOG,0.3,both,0.04690482460888741,0.05497122445721087,16.132799696646938,4,124
2015-01-01,AAPL-GOOG,0.35,either,0.10686387499745367,0.11886433822408005,24.00092645325274,6,124
2015-01-01,AAPL-GOOG,0.35,both,0.11318835838984909,0.12121291684809178,16.049116916485346,4,124
2015-01-01,AAPL-GOOG,0.4,either,0.08052330517283282,0.08853680217385179,16.026994002037927,4,124
2015-01-01,AAPL-GOOG,0.4,both,0.07310421153392378,0.07910747390538037,12.006524742913216,3,124
2015-01-01,AAPL-GOOG,0.45,either,0.08052330517283282,0.08853680217385179,16.026994002037927,4,124
2015-01-01,AAPL-GOOG,0.45,both,0.07310421153392378,0.07910747390538037,12.006524742913216,3,124
2015-01-01,AAPL-GOOG,0.5,either,0.0901429897013469,0.09613889274734833,11.991806092002859,3,124
2015-01-01,AAPL-GOOG,0.5,both,0.047070268990460185,0.05105223102299684,7.963924065073321,2,124
2015-01-01,AAPL-GOOG,0.55,either,0.0901429897013469,0.09613889274734833,11.991806092002859,3,124
2015-01-01,AAPL-GOOG,0.55,both,0.047070268990460185,0.05105223102299684,7.963924065073321,2,124
2015-01-01,IBM-SPY,0.05,either,-0.012534524523439472,0.0015348583962567271,28.138765839392377,7,124
2015-01-01,IBM-SPY,0.05,both,-0.020102096299766364,-0.014059760544982862,12.084671509566993,3,124
2015-01-01,IBM-SPY,0.1,either,-0.012534524523439472,0.0015348583962567271,28.138765839392377,7,124
2015-01-01,IBM-SPY,0.1,both,-0.02507699575255871,-0.01901866276359388,12.116665977929681,3,124
2015-01-01,IBM-SPY,0.15,either,-0.007556848683935491,0.006517917191510097,28.14953175089117,7,124
2015-01-01,IBM-SPY,0.15,both,-0.02507699575255871,-0.01901866276359388,12.116665977929681,3,124
2015-01-01,IBM-SPY,0.2,either,0.017556362881139036,0.02962318135163817,24.133636940998258,6,124
2015-01-01,IBM-SPY,0.2,both,-0.010703630435730069,-0.00463558374273051,12.136093385999134,3,124
2015-01-01,IBM-SPY,0.25,either,0.024733629671217748,0.03480067169844059,20.134084054445676,5,124
2015-01-01,IBM-SPY,0.25,both,-0.004512865393120741,0.00155503899969559,12.135808785632662,3,124
2015-01-01,IBM-SPY,0.3,either,0.03712746206335609,0.04518687372264711,16.118823318582038,4,124
2015-01-01,IBM-SPY,0.3,both,-0.004512865393120741,0.00155503899969559,12.135808785632662,3,124
2015-01-01,IBM-SPY,0.35,either,0.009198794470268067,0.015253179001953093,12.108769063370051,3,124
2015-01-01,IBM-SPY,0.35,both,-0.023792037044120425,-0.019727892892534175,8.128288303172507,2,124
2015-01-01,IBM-SPY,0.4,either,0.009961534717296584,0.015991787979870685,12.060506525148194,3,124
2015-01-01,IBM-SPY,0.4,both,-0.022268753765738444,-0.0182288939240143,8.079719683448289,2,124
2015-01-01,IBM-SPY,0.45,either,-0.0022398393818765317,0.0038062122499018984,12.09210326355687,3,124
2015-01-01,IBM-SPY,0.45,both,-0.03464325043050937,-0.03058758343397123,8.11133399307627,2,124
2015-01-01,IBM-SPY,0.5,either,-0.015586266300172095,-0.011562956913538619,8.046618773266953,2,124
2015-01-01,IBM-SPY,0.5,both,-0.03531385862800674,-0.03327901588625623,4.069685483501011,1,124
2015-01-01,IBM-SPY,0.55,either,-0.015586266300172095,-0.011562956913538619,8.046618773266953,2,124
2015-01-01,IBM-SPY,0.55,both,-0.03531385862800674,-0.03327901588625623,4.069685483501011,1,124
2015-01-01,DIA-SPY,0.05,either,0.015299080241919108,0.045276668467321604,59.955176450805006,15,124
2015-01-01,DIA-SPY,0.05,both,0.02755153896385281,0.04760437003876968,40.10566214983377,10,124
2015-01-01,DIA-SPY,0.1,either,0.013429970385900712,0.04340913648115782,59.95833219051424,15,124
2015-01-01,DIA-SPY,0.1,both,0.02723201639058543,0.04728910572826437,40.1141786753579,10,124
2015-01-01,DIA-SPY,0.15,either,0.01634630397947543,0.0443329267644033,55.97324556985575,14,124
2015-01-01,DIA-SPY,0.15,both,0.026267509742713496,0.04631746112149835,40.09990275756974,10,124
2015-01-01,DIA-SPY,0.2,either,0.018116267119215226,0.0401209293384005,44.009324438370555,11,124
2015-01-01,DIA-SPY,0.2,both,0.02631429443529204,0.04436140982276756,36.09423077495107,9,124
2015-01-01,DIA-SPY,0.25,either,0.020642480183058514,0.04064969379362199,40.014427221126915,10,124
2015-01-01,DIA-SPY,0.25,both,0.028972966863765624,0.045010219313540045,32.074504899548856,8,124
2015-01-01,DIA-SPY,0.3,either,0.016310401755725307,0.034308196051474844,35.99558859149905,9,124
2015-01-01,DIA-SPY,0.3,both,0.028972966863765624,0.045010219313540045,32.074504899548856,8,124
2015-01-01,DIA-SPY,0.35,either,0.011307054707171227,0.027316423774521866,32.01873813470128,8,124
2015-01-01,DIA-SPY,0.35,both,0.02256511753201247,0.036609957640734686,28.08968021744445,7,124
2015-01-01,DIA-SPY,0.4,either,0.004172884684445882,0.020199109739516732,32.05245011014171,8,124
2015-01-01,DIA-SPY,0.4,both,0.01758912716580371,0.03164264598204675,28.10703763248608,7,124
2015-01-01,DIA-SPY,0.45,either,0.0027891578824217333,0.01880717575080021,32.03603573675695,8,124
2015-01-01,DIA-SPY,0.45,both,0.016184330354787124,0.030229681322451275,28.090701935328294,7,124
2015-01-01,DIA-SPY,0.5,either,0.004393836001255468,0.018412605476665823,28.03753895082072,7,124
2015-01-01,DIA-SPY,0.5,both,0.017789008473620856,0.029835111048316883,24.09220514939206,6,124
2015-01-01,DIA-SPY,0.55,either,0.009418989422236347,0.023475204365043183,28.11242988561367,7,124
2015-01-01,DIA-SPY,0.55,both,0.01966696104040756,0.03172800021318359,24.122078345552065,6,124
2015-07-01,AAPL-GOOG,0.05,either,-0.6027270019619707,-0.6005818621604853,4.290279602970854,1,128
2015-07-01,AAPL-GOOG,0.05,both,-0.6027270019619707,-0.6005818621604853,4.290279602970854,1,128
2015-07-01,AAPL-GOOG,0.1,either,-0.6027270019619707,-0.6005818621604853,4.290279602970854,1,128
2015-07-01,AAPL-GOOG,0.1,both,-0.6027270019619707,-0.6005818621604853,4.290279602970854,1,128
2015-07-01,AAPL-GOOG,0.15,either,-0.6027270019619707,-0.6005818621604853,4.290279602970854,1,128
2015-07-01,AAPL-GOOG,0.15,both,-0.6027270019619707,-0.6005818621604853,4.290279602970854,1,128
2015-07-01,AAPL-GOOG,0.2,either,-0.6041486587837435,-0.6019813137015056,4.3346901644757665,1,128
2015-07-01,AAPL-GOOG,0.2,both,-0.6041486587837435,-0.6019813137015056,4.3346901644757665,1,128
2015-07-01,AAPL-GOOG,0.25,either,-0.6041486587837435,-0.6019813137015056,4.3346901644757665,1,128
2015-07-01,AAPL-GOOG,0.25,both,-0.6041486587837435,-0.6019813137015056,4.3346901644757665,1,128
2015-07-01,AAPL-GOOG,0.3,either,-0.6041486587837435,-0.6019813137015056,4.3346901644757665,1,128
2015-07-01,AAPL-GOOG,0.3,both,-0.6041486587837435,-0.6019813137015056,4.3346901644757665,1,128
2015-07-01,AAPL-GOOG,0.35,either,-0.6041486587837435,-0.6019813137015056,4.3346901644757665,1,128
2015-07-01,AAPL-GOOG,0.35,both,-0.6041486587837435,-0.6019813137015056,4.3346901644757665,1,128
2015-07-01,AAPL-GOOG,0.4,either,-0.6041486587837435,-0.6019813137015056,4.3346901644757665,1,128
2015-07-01,AAPL-GOOG,0.4,both,-0.6041486587837435,-0.6019813137015056,4.3346901644757665,1,128
2015-07-01,AAPL-GOOG,0.45,either,-0.5722799179608151,-0.5701334866158121,4.292862690005914,1,128
2015-07-01,AAPL-GOOG,0.45,both,-0.5722799179608151,-0.5701334866158121,4.292862690005914,1,128
2015-07-01,AAPL-GOOG,0.5,either,-0.5722799179608151,-0.5701334866158121,4.292862690005914,1,128
2015-07-01,AAPL-GOOG,0.5,both,-0.5722799179608151,-0.5701334866158121,4.292862690005914,1,128
2015-07-01,AAPL-GOOG,0.55,either,-0.5722799179608151,-0.5701334866158121,4.292862690005914,1,128
2015-07-01,AAPL-GOOG,0.55,both,-0.5722799179608151,-0.5701334866158121,4.292862690005914,1,128
2015-07-01,IBM-SPY,0.05,either,0.12303994380175248,0.13496153010717613,23.84317261084726,6,128
2015-07-01,IBM-SPY,0.05,both,0.16348814188666744,0.16943618351805234,11.896083262769846,3,128
2015-07-01,IBM-SPY,0.1,either,0.13613008543269192,0.14606964594197183,19.8791210185598,5,128
2015-07-01,IBM-SPY,0.1,both,0.17614161737110623,0.18210539431905642,11.927553895900356,3,128
2015-07-01,IBM-SPY,0.15,either,0.13613008543269192,0.14606964594197183,19.8791210185598,5,128
2015-07-01,IBM-SPY,0.15,both,0.1720776355466986,0.17804863969116708,11.942008288936924,3,128
2015-07-01,IBM-SPY,0.2,either,0.13231431981969682,0.14224745215003126,19.866264660668858,5,128
2015-07-01,IBM-SPY,0.2,both,0.1803569429778485,0.18633838401673777,11.96288207777856,3,128
2015-07-01,IBM-SPY,0.25,either,0.1334231251166285,0.14335449543780293,19.86274064234889,5,128
2015-07-01,IBM-SPY,0.25,both,0.1814523468829778,0.1874320157779553,11.959337789955008,3,128
2015-07-01,IBM-SPY,0.3,either,0.12870441461415133,0.13863201242335998,19.85519561841733,5,128
2015-07-01,IBM-SPY,0.3,both,0.17646534653722812,0.18244109908966027,11.951505104864337,3,128
2015-07-01,IBM-SPY,0.35,either,0.12384474677281382,0.13176481633054848,15.840139115469341,4,128
2015-07-01,IBM-SPY,0.35,both,0.17646534653722812,0.18244109908966027,11.951505104864337,3,128
2015-07-01,IBM-SPY,0.4,either,0.12384474677281382,0.13176481633054848,15.840139115469341,4,128
2015-07-01,IBM-SPY,0.4,both,0.17646534653722812,0.18244109908966027,11.951505104864337,3,128
2015-07-01,IBM-SPY,0.45,either,0.12384474677281382,0.13176481633054848,15.840139115469341,4,128
2015-07-01,IBM-SPY,0.45,both,0.17646534653722812,0.18244109908966027,11.951505104864337,3,128
2015-07-01,IBM-SPY,0.5,either,0.1358426782160729,0.14379346371216858,15.901570992191353,4,128
2015-07-01,IBM-SPY,0.5,both,0.18907265165291637,0.19504712561767756,11.948947929522355,3,128
2015-07-01,IBM-SPY,0.55,either,0.1358426782160729,0.14379346371216858,15.901570992191353,4,128
2015-07-01,IBM-SPY,0.55,both,0.18907265165291637,0.19504712561767756,11.948947929522355,3,128
2015-07-01,DIA-SPY,0.05,either,0.005782118473944743,0.02576776525975741,39.971293571625345,10,128
2015-07-01,DIA-SPY,0.05,both,0.005818142238382945,0.01979637850154976,27.956472526333634,7,128
2015-07-01,DIA-SPY,0.1,either,0.008076981632942813,0.026045161591374398,35.93635991686316,9,128
2015-07-01,DIA-SPY,0.1,both,0.00968970813339741,0.021660218914052218,23.941021561309615,6,128
2015-07-01,DIA-SPY,0.15,either,0.006520721608011687,0.024488865867232673,35.93628851844197,9,128
2015-07-01,DIA-SPY,0.15,both,0.00968970813339741,0.021660218914052218,23.941021561309615,6,128
2015-07-01,DIA-SPY,0.2,either,0.0033246098464160346,0.017295844753973378,27.942469815114695,7,128
2015-07-01,DIA-SPY,0.2,both,0.006816911143058279,0.014778187351879796,15.922552417643038,4,128
2015-07-01,DIA-SPY,0.25,either,0.004727222272823025,0.018698191878579174,27.9419392115123,7,128
2015-07-01,DIA-SPY,0.25,both,0.006816911143058279,0.014778187351879796,15.922552417643038,4,128
2015-07-01,DIA-SPY,0.3,either,0.005930163512606876,0.017867501037075344,23.874675048936943,6,128
2015-07-01,DIA-SPY,0.3,both,0.006477187993221868,0.012430251239394983,11.906126492346232,3,128
2015-07-01,DIA-SPY,0.35,either,0.005930163512606876,0.017867501037075344,23.874675048936943,6,128
2015-07-01,DIA-SPY,0.35,both,0.006477187993221868,0.012430251239394983,11.906126492346232,3,128
2015-07-01,DIA-SPY,0.4,either,0.009303495508173453,0.02123591460742747,23.864838198508032,6,128
2015-07-01,DIA-SPY,0.4,both,0.010199413153974992,0.016143714699847392,11.888603091744805,3,128
2015-07-01,DIA-SPY,0.45,either,0.010828851398380296,0.02074350338213758,19.82930396751457,5,128
2015-07-01,DIA-SPY,0.45,both,0.010199413153974992,0.016143714699847392,11.888603091744805,3,128
2015-07-01,DIA-SPY,0.5,either,0.011623335082583768,0.021533791185997297,19.820912206827053,5,128
2015-07-01,DIA-SPY,0.5,both,0.010948417221932617,0.016888552948482696,11.880271453100164,3,128
2015-07-01,DIA-SPY,0.55,either,0.009202129746228064,0.019108514260232093,19.812769028008063,5,128
2015-07-01,DIA-SPY,0.55,both,0.010948417221932617,0.016888552948482696,11.880271453100164,3,128
2016-01-01,AAPL-GOOG,0.05,either,0.164421426984666,0.18033637756560397,31.829901161875906,8,125
2016-01-01,AAPL-GOOG,0.05,both,0.22791248444592388,0.23588565900909073,15.946349126333665,4,125
2016-01-01,AAPL-GOOG,0.1,either,0.164421426984666,0.18033637756560397,31.829901161875906,8,125
2016-01-01,AAPL-GOOG,0.1,both,0.22791248444592388,0.23588565900909073,15.946349126333665,4,125
2016-01-01,AAPL-GOOG,0.15,either,0.1447177457626217,0.15863825731833,27.841023111416515,7,125
2016-01-01,AAPL-GOOG,0.15,both,0.22791248444592388,0.23588565900909073,15.946349126333665,4,125
2016-01-01,AAPL-GOOG,0.2,either,0.08304241597824198,0.09298615822250782,19.8874844885317,5,125
2016-01-01,AAPL-GOOG,0.2,both,0.22791248444592388,0.23588565900909073,15.946349126333665,4,125
2016-01-01,AAPL-GOOG,0.25,either,0.08304241597824198,0.09298615822250782,19.8874844885317,5,125
2016-01-01,AAPL-GOOG,0.25,both,0.22791248444592388,0.23588565900909073,15.946349126333665,4,125
2016-01-01,AAPL-GOOG,0.3,either,0.05680337180732166,0.06275506895226643,11.903394289889583,3,125
2016-01-01,AAPL-GOOG,0.3,both,0.06439187060411396,0.0683695183893743,7.955295570520654,2,125
2016-01-01,AAPL-GOOG,0.35,either,0.067825763909961,0.07377139832899422,11.891268838066347,3,125
2016-01-01,AAPL-GOOG,0.35,both,0.06439187060411396,0.0683695183893743,7.955295570520654,2,125
2016-01-01,AAPL-GOOG,0.4,either,0.067825763909961,0.07377139832899422,11.891268838066347,3,125
2016-01-01,AAPL-GOOG,0.4,both,0.06439187060411396,0.0683695183893743,7.955295570520654,2,125
2016-01-01,AAPL-GOOG,0.45,either,0.03572810282164785,0.03968274665259808,7.9092876619004295,2,125
2016-01-01,AAPL-GOOG,0.45,both,0.006168500531233473,0.008127224583350606,3.917448104234266,1,125
2016-01-01,AAPL-GOOG,0.5,either,0.051534037753919466,0.05548975911404118,7.911442720243412,2,125
2016-01-01,AAPL-GOOG,0.5,both,0.02191152413144635,0.023871066129286585,3.9190839956804693,1,125
2016-01-01,AAPL-GOOG,0.55,either,0.0671426623982605,0.07109274329349455,7.90016179046812,2,125
2016-01-01,AAPL-GOOG,0.55,both,0.03789932865407262,0.03985297066544543,3.907284022745612,1,125
2016-01-01,IBM-SPY,0.05,either,-0.10905994525315928,-0.10295796260317207,12.203965299974424,3,125
2016-01-01,IBM-SPY,0.05,both,-0.0905320314764788,-0.08843668368581337,4.190695581330875,1,125
2016-01-01,IBM-SPY,0.1,either,-0.08228551912694111,-0.07619864796292104,12.17374232804016,3,125
2016-01-01,IBM-SPY,0.1,both,-0.0905320314764788,-0.08843668368581337,4.190695581330875,1,125
2016-01-01,IBM-SPY,0.15,either,-0.07268581688085746,-0.06859013602366221,8.19136171439048,2,125
2016-01-01,IBM-SPY,0.15,both,-0.0766134704649979,-0.07448550115862436,4.255938612747062,1,125
2016-01-01,IBM-SPY,0.2,either,-0.07268581688085746,-0.06859013602366221,8.19136171439048,2,125
2016-01-01,IBM-SPY,0.2,both,-0.0766134704649979,-0.07448550115862436,4.255938612747062,1,125
2016-01-01,IBM-SPY,0.25,either,-0.07064806402971167,-0.06654278910816804,8.210549843087307,2,125
2016-01-01,IBM-SPY,0.25,both,-0.07540768332624682,-0.07326821761519159,4.278931422110462,1,125
2016-01-01,IBM-SPY,0.3,either,-0.0704840226547586,-0.06638751683549651,8.193011638524139,2,125
2016-01-01,IBM-SPY,0.3,both,-0.07406722364052871,-0.07193833181939543,4.25778364226656,1,125
2016-01-01,IBM-SPY,0.35,either,-0.0704840226547586,-0.06638751683549651,8.193011638524139,2,125
2016-01-01,IBM-SPY,0.35,both,-0.07406722364052871,-0.07193833181939543,4.25778364226656,1,125
2016-01-01,IBM-SPY,0.4,either,-0.0704840226547586,-0.06638751683549651,8.193011638524139,2,125
2016-01-01,IBM-SPY,0.4,both,-0.07406722364052871,-0.07193833181939543,4.25778364226656,1,125
2016-01-01,IBM-SPY,0.45,either,-0.0704840226547586,-0.06638751683549651,8.193011638524139,2,125
2016-01-01,IBM-SPY,0.45,both,-0.07406722364052871,-0.07193833181939543,4.25778364226656,1,125
2016-01-01,IBM-SPY,0.5,either,-0.0704840226547586,-0.06638751683549651,8.193011638524139,2,125
2016-01-01,IBM-SPY,0.5,both,-0.07406722364052871,-0.07193833181939543,4.25778364226656,1,125
2016-01-01,IBM-SPY,0.55,either,-0.040359579622406445,-0.03625668643740815,8.205786369996598,2,125
2016-01-01,IBM-SPY,0.55,both,-0.07406722364052871,-0.07193833181939543,4.25778364226656,1,125
2016-01-01,DIA-SPY,0.05,either,-0.008635249356535724,-0.0025688650585123933,12.132768596046665,3,125
2016-01-01,DIA-SPY,0.05,both,-0.0029281079787025037,0.001143831050626263,8.143878058657537,2,125
2016-01-01,DIA-SPY,0.1,either,-0.008635249356535724,-0.0025688650585123933,12.132768596046665,3,125
2016-01-01,DIA-SPY,0.1,both,-0.0029281079787025037,0.001143831050626263,8.143878058657537,2,125
2016-01-01,DIA-SPY,0.15,either,-0.005740194616977331,0.0003295484142897488,12.139486062534171,3,125
2016-01-01,DIA-SPY,0.15,both,-0.0029281079787025037,0.001143831050626263,8.143878058657537,2,125
2016-01-01,DIA-SPY,0.2,either,-0.004096527268439412,-6.78117766642625e-07,8.191698301345536,2,125
2016-01-01,DIA-SPY,0.2,both,-0.0004656186274405072,0.0036333961817511208,8.19802961838325,2,125
2016-01-01,DIA-SPY,0.25,either,-0.004096527268439412,-6.78117766642625e-07,8.191698301345536,2,125
2016-01-01,DIA-SPY,0.25,both,-0.0004656186274405072,0.0036333961817511208,8.19802961838325,2,125
2016-01-01,DIA-SPY,0.3,either,-0.004096527268439412,-6.78117766642625e-07,8.191698301345536,2,125
2016-01-01,DIA-SPY,0.3,both,-0.0004656186274405072,0.0036333961817511208,8.19802961838325,2,125
2016-01-01,DIA-SPY,0.35,either,-0.004096527268439412,-6.78117766642625e-07,8.191698301345536,2,125
2016-01-01,DIA-SPY,0.35,both,-0.0004656186274405072,0.0036333961817511208,8.19802961838325,2,125
2016-01-01,DIA-SPY,0.4,either,-0.004096527268439412,-6.78117766642625e-07,8.191698301345536,2,125
2016-01-01,DIA-SPY,0.4,both,-0.0004656186274405072,0.0036333961817511208,8.19802961838325,2,125
2016-01-01,DIA-SPY,0.45,either,-0.004096527268439412,-6.78117766642625e-07,8.191698301345536,2,125
2016-01-01,DIA-SPY,0.45,both,-0.0004656186274405072,0.0036333961817511208,8.19802961838325,2,125
2016-01-01,DIA-SPY,0.5,either,-0.004096527268439412,-6.78117766642625e-07,8.191698301345536,2,125
2016-01-01,DIA-SPY,0.5,both,-0.0004656186274405072,0.0036333961817511208,8.19802961838325,2,125
2016-01-01,DIA-SPY,0.55,either,-0.004096527268439412,-6.78117766642625e-07,8.191698301345536,2,125
2016-01-01,DIA-SPY,0.55,both,-0.0004656186274405072,0.0036333961817511208,8.19802961838325,2,125
2016-07-01,AAPL-GOOG,0.05,either,0.026570664258439052,0.03871438825659578,24.2874479963135,6,127
2016-07-01,AAPL-GOOG,0.05,both,0.06897520410101596,0.07509304553609494,12.23568287015798,3,127
2016-07-01,AAPL-GOOG,0.1,either,0.024925726303261616,0.03706452186820541,24.277591129887615,6,127
2016-07-01,AAPL-GOOG,0.1,both,0.06733026614583854,0.0734431791477046,12.225826003732099,3,127
2016-07-01,AAPL-GOOG,0.15,either,0.04203023299142412,0.050161511923738224,16.262557864628178,4,127
2016-07-01,AAPL-GOOG,0.15,both,0.11118572067106715,0.11729365317272566,12.215865003317004,3,127
2016-07-01,AAPL-GOOG,0.2,either,0.06281442495178739,0.07092292741600838,16.217004928442005,4,127
2016-07-01,AAPL-GOOG,0.2,both,0.11118572067106715,0.11729365317272566,12.215865003317004,3,127
2016-07-01,AAPL-GOOG,0.25,either,0.06527601033155354,0.07137832634780983,12.20463203251261,3,127
2016-07-01,AAPL-GOOG,0.25,both,0.11242391365711225,0.11652019485759121,8.192562400957915,2,127
2016-07-01,AAPL-GOOG,0.3,either,0.06527601033155354,0.07137832634780983,12.20463203251261,3,127
2016-07-01,AAPL-GOOG,0.3,both,0.11242391365711225,0.11652019485759121,8.192562400957915,2,127
2016-07-01,AAPL-GOOG,0.35,either,0.06469575096375754,0.07079337996820688,12.195258008898687,3,127
2016-07-01,AAPL-GOOG,0.35,both,0.11242391365711225,0.11652019485759121,8.192562400957915,2,127
2016-07-01,AAPL-GOOG,0.4,either,0.07051710601794545,0.07661958004617245,12.204948056454045,3,127
2016-07-01,AAPL-GOOG,0.4,both,0.11853619281115052,0.12263741692578783,8.202448229274593,2,127
2016-07-01,AAPL-GOOG,0.45,either,0.07051710601794545,0.07661958004617245,12.204948056454045,3,127
2016-07-01,AAPL-GOOG,0.45,both,0.11853619281115052,0.12263741692578783,8.202448229274593,2,127
2016-07-01,AAPL-GOOG,0.5,either,0.07051710601794545,0.07661958004617245,12.204948056454045,3,127
2016-07-01,AAPL-GOOG,0.5,both,0.11853619281115052,0.12263741692578783,8.202448229274593,2,127
2016-07-01,AAPL-GOOG,0.55,either,0.06148692149814024,0.06760197388139143,12.230104766502352,3,127
2016-07-01,AAPL-GOOG,0.55,both,0.10878952633555446,0.11290353230035166,8.228011929594347,2,127
2016-07-01,IBM-SPY,0.05,either,-0.04007605206266972,-0.01602378690134463,48.10453032265017,12,127
2016-07-01,IBM-SPY,0.05,both,-0.035821346987211095,-0.023772509507761795,24.0976749588986,6,127
2016-07-01,IBM-SPY,0.1,either,-0.034489662460625174,-0.010444665752954215,48.08999341534193,12,127
2016-07-01,IBM-SPY,0.1,both,-0.03561794692117057,-0.023568961685395316,24.097970471550504,6,127
2016-07-01,IBM-SPY,0.15,either,-0.02172701699358606,-0.0016838452160429346,40.08634355508625,10,127
2016-07-01,IBM-SPY,0.15,both,-0.03201133351462486,-0.021980980394564732,20.060706240120254,5,127
2016-07-01,IBM-SPY,0.2,either,-0.022772104568477707,-0.0027319235153467603,40.080362106261894,10,127
2016-07-01,IBM-SPY,0.2,both,-0.03201133351462486,-0.021980980394564732,20.060706240120254,5,127
2016-07-01,IBM-SPY,0.25,either,-0.0211280265808708,-0.003087078233429149,36.08189669488333,9,127
2016-07-01,IBM-SPY,0.25,both,-0.02160340922524531,-0.011582559152580678,20.041700145329276,5,127
2016-07-01,IBM-SPY,0.3,either,-0.021351601574126283,-0.0033068224123963936,36.089558323459805,9,127
2016-07-01,IBM-SPY,0.3,both,-0.02927351187007827,-0.019256411547416565,20.03420064532341,5,127
2016-07-01,IBM-SPY,0.35,either,-0.03145785119529171,-0.015409033283964615,32.0976358226542,8,127
2016-07-01,IBM-SPY,0.35,both,-0.02927351187007827,-0.019256411547416565,20.03420064532341,5,127
2016-07-01,IBM-SPY,0.4,either,-0.017003489184622085,-0.002963724978325989,28.079528412592186,7,127
2016-07-01,IBM-SPY,0.4,both,-1.2584831010023544e-05,0.010036645415368351,20.098460492756747,5,127
2016-07-01,IBM-SPY,0.45,either,-0.018346319649349355,-0.004306263110680665,28.080113077337355,7,127
2016-07-01,IBM-SPY,0.45,both,-0.0014162838186454465,0.008633201860343945,20.098971357978787,5,127
2016-07-01,IBM-SPY,0.5,either,-0.02851938424865059,-0.01449106608255521,28.056636332190752,7,127
2016-07-01,IBM-SPY,0.5,both,-0.011443636626156415,-0.001405758893652432,20.07575546500796,5,127
2016-07-01,IBM-SPY,0.55,either,-0.014708655724105837,-0.0026976090840689377,24.022093280073758,6,127
2016-07-01,IBM-SPY,0.55,both,-0.010313818071649654,-0.00028122733529935826,20.065181472700576,5,127
2016-07-01,DIA-SPY,0.05,either,0.008208128522716296,0.01830544959378222,20.194642142131823,5,127
2016-07-01,DIA-SPY,0.05,both,0.008251413906814713,0.016351197100454934,16.199566387280434,4,127
2016-07-01,DIA-SPY,0.1,either,0.008208128522716296,0.01830544959378222,20.194642142131823,5,127
2016-07-01,DIA-SPY,0.1,both,0.008251413906814713,0.016351197100454934,16.199566387280434,4,127
2016-07-01,DIA-SPY,0.15,either,0.007252855227834828,0.017350764637100898,20.19581881853213,5,127
2016-07-01,DIA-SPY,0.15,both,0.008251413906814713,0.016351197100454934,16.199566387280434,4,127
2016-07-01,DIA-SPY,0.2,either,0.009433240775368985,0.01952669515269148,20.186908754644982,5,127
2016-07-01,DIA-SPY,0.2,both,0.010431799454348873,0.01852712761604552,16.190656323393288,4,127
2016-07-01,DIA-SPY,0.25,either,0.009433240775368985,0.01952669515269148,20.186908754644982,5,127
2016-07-01,DIA-SPY,0.25,both,0.010431799454348873,0.01852712761604552,16.190656323393288,4,127
2016-07-01,DIA-SPY,0.3,either,0.009520722707315151,0.01961036393156889,20.17928244850747,5,127
2016-07-01,DIA-SPY,0.3,both,0.010431799454348873,0.01852712761604552,16.190656323393288,4,127
2016-07-01,DIA-SPY,0.35,either,0.009520722707315151,0.01961036393156889,20.17928244850747,5,127
2016-07-01,DIA-SPY,0.35,both,0.010431799454348873,0.01852712761604552,16.190656323393288,4,127
2016-07-01,DIA-SPY,0.4,either,0.009520722707315151,0.01961036393156889,20.17928244850747,5,127
2016-07-01,DIA-SPY,0.4,both,0.010431799454348873,0.01852712761604552,16.190656323393288,4,127
2016-07-01,DIA-SPY,0.45,either,0.009520722707315151,0.01961036393156889,20.17928244850747,5,127
2016-07-01,DIA-SPY,0.45,both,0.010431799454348873,0.01852712761604552,16.190656323393288,4,127
2016-07-01,DIA-SPY,0.5,either,0.010347247009413292,0.020422160668408174,20.149827317989757,5,127
2016-07-01,DIA-SPY,0.5,both,0.01125832375644702,0.01933892435288481,16.161201192875573,4,127
2016-07-01,DIA-SPY,0.55,either,0.014027589137844753,0.024100485705172498,20.145793134655495,5,127
2016-07-01,DIA-SPY,0.55,both,0.01493619719716587,0.023014780694956268,16.15716699558079,4,127
2017-01-01,AAPL-GOOG,0.05,either,0.07393314920163292,0.093960391614486,40.05448482570612,10,125
2017-01-01,AAPL-GOOG,0.05,both,0.15362251188626946,0.15974853409000556,12.252044407472072,3,125
2017-01-01,AAPL-GOOG,0.1,either,0.0939449398477353,0.10795236420820913,28.01484872094767,7,125
2017-01-01,AAPL-GOOG,0.1,both,0.18096945396510003,0.18713178233171407,12.324656733228053,3,125
2017-01-01,AAPL-GOOG,0.15,either,0.0902248043056591,0.10422908029141668,28.008551971515175,7,125
2017-01-01,AAPL-GOOG,0.15,both,0.17660639040619783,0.18276511549172067,12.317450171045664,3,125
2017-01-01,AAPL-GOOG,0.2,either,0.08997494994312566,0.09998120856580621,20.01251724536111,5,125
2017-01-01,AAPL-GOOG,0.2,both,0.2102462063220142,0.21641300013445905,12.333587624889631,3,125
2017-01-01,AAPL-GOOG,0.25,either,0.08540587488200647,0.09540810634262242,20.00446292123191,5,125
2017-01-01,AAPL-GOOG,0.25,both,0.2047658454297887,0.21092803825310918,12.324385646640895,3,125
2017-01-01,AAPL-GOOG,0.3,either,0.0872671617097609,0.09724739101707637,19.96045861463096,5,125
2017-01-01,AAPL-GOOG,0.3,both,0.20826713971486036,0.21442198021199146,12.309680994262216,3,125
2017-01-01,AAPL-GOOG,0.35,either,0.0872671617097609,0.09724739101707637,19.96045861463096,5,125
2017-01-01,AAPL-GOOG,0.35,both,0.20826713971486036,0.21442198021199146,12.309680994262216,3,125
2017-01-01,AAPL-GOOG,0.4,either,0.08602243999824333,0.09600321757437423,19.96155515226182,5,125
2017-01-01,AAPL-GOOG,0.4,both,0.20826713971486036,0.21442198021199146,12.309680994262216,3,125
2017-01-01,AAPL-GOOG,0.45,either,0.09447719696182176,0.10443926768939525,19.924141455146994,5,125
2017-01-01,AAPL-GOOG,0.45,both,0.21591352594986946,0.22204770165799387,12.268351416248752,3,125
2017-01-01,AAPL-GOOG,0.5,either,0.09408047283209572,0.10004119005523028,11.921434446269075,3,125
2017-01-01,AAPL-GOOG,0.5,both,0.2251858736170627,0.23129282858782815,12.213909941530979,3,125
2017-01-01,AAPL-GOOG,0.55,either,0.058202260111838044,0.06218395693297288,7.963393642269658,2,125
2017-01-01,AAPL-GOOG,0.55,both,0.1281855596595691,0.13228745542357395,8.203791528009681,2,125
2017-01-01,IBM-SPY,0.05,either,-0.178190384507718,-0.16420731460776306,27.966139799909968,7,125
2017-01-01,IBM-SPY,0.05,both,-0.1316550862009598,-0.12367540008958997,15.959372222739704,4,125
2017-01-01,IBM-SPY,0.1,either,-0.15742232073880277,-0.14344844947965804,27.947742518289424,7,125
2017-01-01,IBM-SPY,0.1,both,-0.13672239115257875,-0.12874761021010347,15.949561884950487,4,125
2017-01-01,IBM-SPY,0.15,either,-0.15742232073880277,-0.14344844947965804,27.947742518289424,7,125
2017-01-01,IBM-SPY,0.15,both,-0.13672239115257875,-0.12874761021010347,15.949561884950487,4,125
2017-01-01,IBM-SPY,0.2,either,-0.1531756471501122,-0.1431923935139119,19.96650727240057,5,125
2017-01-01,IBM-SPY,0.2,both,-0.11378431797701578,-0.10579752984609912,15.973576261833315,4,125
2017-01-01,IBM-SPY,0.25,either,-0.15028709204465143,-0.140312276683832,19.949630721638947,5,125
2017-01-01,IBM-SPY,0.25,both,-0.11089576287155511,-0.10291741301601925,15.956699711071694,4,125
2017-01-01,IBM-SPY,0.3,either,-0.15028709204465143,-0.140312276683832,19.949630721638947,5,125
2017-01-01,IBM-SPY,0.3,both,-0.11089576287155511,-0.10291741301601925,15.956699711071694,4,125
2017-01-01,IBM-SPY,0.35,either,-0.15120289588365057,-0.14723365289762086,7.938485972059438,2,125
2017-01-01,IBM-SPY,0.35,both,-0.12820118547365486,-0.12421402963126005,7.97431168478967,2,125
2017-01-01,IBM-SPY,0.4,either,-0.15313043507823185,-0.14916758194708304,7.925706262297622,2,125
2017-01-01,IBM-SPY,0.4,both,-0.13012872466823613,-0.12614795868072218,7.961531975027853,2,125
2017-01-01,IBM-SPY,0.45,either,-0.16404396454876788,-0.1600893867377102,7.909155622115365,2,125
2017-01-01,IBM-SPY,0.45,both,-0.14141513974968914,-0.13744285367291173,7.944572153554792,2,125
2017-01-01,IBM-SPY,0.5,either,-0.15041272250982884,-0.14645822543727224,7.908994145113162,2,125
2017-01-01,IBM-SPY,0.5,both,-0.12778389771075005,-0.12381169237247376,7.9444106765525895,2,125
2017-01-01,IBM-SPY,0.55,either,-0.15041272250982884,-0.14645822543727224,7.908994145113162,2,125
2017-01-01,IBM-SPY,0.55,both,-0.12778389771075005,-0.12381169237247376,7.9444106765525895,2,125
2017-01-01,DIA-SPY,0.05,either,0.003819663237898202,0.0058996556293394115,4.159984782882416,1,125
2017-01-01,DIA-SPY,0.05,both,0.003819663237898202,0.0058996556293394115,4.159984782882416,1,125
2017-01-01,DIA-SPY,0.1,either,0.003819663237898202,0.0058996556293394115,4.159984782882416,1,125
2017-01-01,DIA-SPY,0.1,both,0.003819663237898202,0.0058996556293394115,4.159984782882416,1,125
2017-01-01,DIA-SPY,0.15,either,0.003819663237898202,0.0058996556293394115,4.159984782882416,1,125
2017-01-01,DIA-SPY,0.15,both,0.003819663237898202,0.0058996556293394115,4.159984782882416,1,125
2017-01-01,DIA-SPY,0.2,either,0.003819663237898202,0.0058996556293394115,4.159984782882416,1,125
2017-01-01,DIA-SPY,0.2,both,0.003819663237898202,0.0058996556293394115,4.159984782882416,1,125
2017-01-01,DIA-SPY,0.25,either,0.003819663237898202,0.0058996556293394115,4.159984782882416,1,125
2017-01-01,DIA-SPY,0.25,both,0.003819663237898202,0.0058996556293394115,4.159984782882416,1,125
2017-01-01,DIA-SPY,0.3,either,0.003819663237898202,0.0058996556293394115,4.159984782882416,1,125
2017-01-01,DIA-SPY,0.3,both,0.003819663237898202,0.0058996556293394115,4.159984782882416,1,125
2017-01-01,DIA-SPY,0.35,either,0.003819663237898202,0.0058996556293394115,4.159984782882416,1,125
2017-01-01,DIA-SPY,0.35,both,0.003819663237898202,0.0058996556293394115,4.159984782882416,1,125
2017-01-01,DIA-SPY,0.4,either,0.003819663237898202,0.0058996556293394115,4.159984782882416,1,125
2017-01-01,DIA-SPY,0.4,both,0.003819663237898202,0.0058996556293394115,4.159984782882416,1,125
2017-01-01,DIA-SPY,0.45,either,0.003819663237898202,0.0058996556293394115,4.159984782882416,1,125
2017-01-01,DIA-SPY,0.45,both,0.003819663237898202,0.0058996556293394115,4.159984782882416,1,125
2017-01-01,DIA-SPY,0.5,either,0.005141881769033987,0.007223392206466028,4.16302087486408,1,125
2017-01-01,DIA-SPY,0.5,both,0.005141881769033987,0.007223392206466028,4.16302087486408,1,125
2017-01-01,DIA-SPY,0.55,either,0.005141881769033987,0.007223392206466028,4.16302087486408,1,125
2017-01-01,DIA-SPY,0.55,both,0.005141881769033987,0.007223392206466028,4.16302087486408,1,125
2017-07-01,AAPL-GOOG,0.05,either,0.0893780241650647,0.11750665763647564,56.25726694282186,14,126
2017-07-01,AAPL-GOOG,0.05,both,0.14651010537256984,0.15861377450627817,24.207338267416542,6,126
2017-07-01,AAPL-GOOG,0.1,either,0.08959233498352376,0.11371831211458959,48.25195426213162,12,126
2017-07-01,AAPL-GOOG,0.1,both,0.15218634275998968,0.16228349221112565,20.194298902271868,5,126
2017-07-01,AAPL-GOOG,0.15,either,0.07853241582471833,0.0966566589454731,36.24848624150948,9,126
2017-07-01,AAPL-GOOG,0.15,both,0.15218634275998968,0.16228349221112565,20.194298902271868,5,126
2017-07-01,AAPL-GOOG,0.2,either,0.10513405688821213,0.1212173479064299,32.1665820364355,8,126
2017-07-01,AAPL-GOOG,0.2,both,0.16469359644370665,0.17281272743601273,16.238261984612087,4,126
2017-07-01,AAPL-GOOG,0.25,either,0.10626334209148074,0.12232723609533809,32.127788007714685,8,126
2017-07-01,AAPL-GOOG,0.25,both,0.16430885005868975,0.17240841193296616,16.19912374855285,4,126
2017-07-01,AAPL-GOOG,0.3,either,0.12217352693112613,0.13421961178636374,24.09216971047516,6,126
2017-07-01,AAPL-GOOG,0.3,both,0.08772272830357489,0.09380325872695433,12.161060846758899,3,126
2017-07-01,AAPL-GOOG,0.35,either,0.14223398844357016,0.15227723640640567,20.086495925671016,5,126
2017-07-01,AAPL-GOOG,0.35,both,0.10587915219116092,0.11196012129501585,12.161938207709898,3,126
2017-07-01,AAPL-GOOG,0.4,either,0.14080916670946186,0.1508692609637777,20.120188508631635,5,126
2017-07-01,AAPL-GOOG,0.4,both,0.10418913369632915,0.11027323671498171,12.168206037305065,3,126
2017-07-01,AAPL-GOOG,0.45,either,0.14080916670946186,0.1508692609637777,20.120188508631635,5,126
2017-07-01,AAPL-GOOG,0.45,both,0.10418913369632915,0.11027323671498171,12.168206037305065,3,126
2017-07-01,AAPL-GOOG,0.5,either,0.12554713242066423,0.1356146118464039,20.134958851479357,5,126
2017-07-01,AAPL-GOOG,0.5,both,0.0886994230750944,0.09479101981908372,12.18319348797863,3,126
2017-07-01,AAPL-GOOG,0.55,either,0.12733029031427426,0.13540460978781838,16.14863894708823,4,126
2017-07-01,AAPL-GOOG,0.55,both,0.10729945784392739,0.11340950391562651,12.220092143398292,3,126
2017-07-01,IBM-SPY,0.05,either,-0.08823637617078736,-0.08418415687029472,8.104438600985288,2,126
2017-07-01,IBM-SPY,0.05,both,-0.08823637617078736,-0.08418415687029472,8.104438600985288,2,126
2017-07-01,IBM-SPY,0.1,either,-0.08823637617078736,-0.08418415687029472,8.104438600985288,2,126
2017-07-01,IBM-SPY,0.1,both,-0.08823637617078736,-0.08418415687029472,8.104438600985288,2,126
2017-07-01,IBM-SPY,0.15,either,-0.08823637617078736,-0.08418415687029472,8.104438600985288,2,126
2017-07-01,IBM-SPY,0.15,both,-0.08823637617078736,-0.08418415687029472,8.104438600985288,2,126
2017-07-01,IBM-SPY,0.2,either,-0.08562517937519662,-0.08356412555336354,4.1221076436661646,1,126
2017-07-01,IBM-SPY,0.2,both,-0.08562517937519662,-0.08356412555336354,4.1221076436661646,1,126
2017-07-01,IBM-SPY,0.25,either,-0.08562517937519662,-0.08356412555336354,4.1221076436661646,1,126
2017-07-01,IBM-SPY,0.25,both,-0.08562517937519662,-0.08356412555336354,4.1221076436661646,1,126
2017-07-01,IBM-SPY,0.3,either,-0.08453198113305202,-0.08247550297950293,4.112956307098181,1,126
2017-07-01,IBM-SPY,0.3,both,-0.08453198113305202,-0.08247550297950293,4.112956307098181,1,126
2017-07-01,IBM-SPY,0.35,either,-0.08453198113305202,-0.08247550297950293,4.112956307098181,1,126
2017-07-01,IBM-SPY,0.35,both,-0.08453198113305202,-0.08247550297950293,4.112956307098181,1,126
2017-07-01,IBM-SPY,0.4,either,-0.08453198113305202,-0.08247550297950293,4.112956307098181,1,126
2017-07-01,IBM-SPY,0.4,both,-0.08453198113305202,-0.08247550297950293,4.112956307098181,1,126
2017-07-01,IBM-SPY,0.45,either,-0.08250385817220698,-0.08044681229696143,4.1140917504911,1,126
2017-07-01,IBM-SPY,0.45,both,-0.08250385817220698,-0.08044681229696143,4.1140917504911,1,126
2017-07-01,IBM-SPY,0.5,either,-0.08250385817220698,-0.08044681229696143,4.1140917504911,1,126
2017-07-01,IBM-SPY,0.5,both,-0.08250385817220698,-0.08044681229696143,4.1140917504911,1,126
2017-07-01,IBM-SPY,0.55,either,-0.08250385817220698,-0.08044681229696143,4.1140917504911,1,126
2017-07-01,IBM-SPY,0.55,both,-0.08250385817220698,-0.08044681229696143,4.1140917504911,1,126
2017-07-01,DIA-SPY,0.05,either,-0.023760260895187364,-0.007679490997567852,32.16153979523903,8,126
2017-07-01,DIA-SPY,0.05,both,-0.01255440928354506,-0.0004537454573966511,24.201327652296815,6,126
2017-07-01,DIA-SPY,0.1,either,-0.023760260895187364,-0.007679490997567852,32.16153979523903,8,126
2017-07-01,DIA-SPY,0.1,both,-0.01255440928354506,-0.0004537454573966511,24.201327652296815,6,126
2017-07-01,DIA-SPY,0.15,either,-0.017666622182546107,-0.0035756698519558952,28.181904661180425,7,126
2017-07-01,DIA-SPY,0.15,both,-0.011959411741614225,0.00014066776246658425,24.20015900816162,6,126
2017-07-01,DIA-SPY,0.2,either,-0.011797104680931234,-0.001709026083176276,20.176157195509923,5,126
2017-07-01,DIA-SPY,0.2,both,-0.009830558180190902,0.0002650486501616895,20.19121366070518,5,126
2017-07-01,DIA-SPY,0.25,either,-0.011797104680931234,-0.001709026083176276,20.176157195509923,5,126
2017-07-01,DIA-SPY,0.25,both,-0.009830558180190902,0.0002650486501616895,20.19121366070518,5,126
2017-07-01,DIA-SPY,0.3,either,-0.011797104680931234,-0.001709026083176276,20.176157195509923,5,126
2017-07-01,DIA-SPY,0.3,both,-0.009830558180190902,0.0002650486501616895,20.19121366070518,5,126
2017-07-01,DIA-SPY,0.35,either,-0.007122073483375389,0.002976684607030418,20.19751618081162,5,126
2017-07-01,DIA-SPY,0.35,both,-0.005152135340511494,0.004954168103002702,20.21260688702838,5,126
2017-07-01,DIA-SPY,0.4,either,-0.007122073483375389,0.002976684607030418,20.19751618081162,5,126
2017-07-01,DIA-SPY,0.4,both,-0.005152135340511494,0.004954168103002702,20.21260688702838,5,126
2017-07-01,DIA-SPY,0.45,either,-0.00254425495266109,0.005558057984900281,16.20462587512274,4,126
2017-07-01,DIA-SPY,0.45,both,-0.0005635419314014743,0.007546319787519745,16.219723437842443,4,126
2017-07-01,DIA-SPY,0.5,either,-0.00254425495266109,0.005558057984900281,16.20462587512274,4,126
2017-07-01,DIA-SPY,0.5,both,-0.0005635419314014743,0.007546319787519745,16.219723437842443,4,126
2017-07-01,DIA-SPY,0.55,either,-0.00254425495266109,0.005558057984900281,16.20462587512274,4,126
2017-07-01,DIA-SPY,0.55,both,-0.0005635419314014743,0.007546319787519745,16.219723437842443,4,126
2018-01-01,AAPL-GOOG,0.05,either,0.045140479176610515,0.05115834854689747,12.035738740573901,3,125
2018-01-01,AAPL-GOOG,0.05,both,0.056655301217085,0.05869647585511396,4.082349276057904,1,125
2018-01-01,AAPL-GOOG,0.1,either,0.04891368941612613,0.05291461556112487,8.00185228999745,2,125
2018-01-01,AAPL-GOOG,0.1,both,0.09831917136070138,0.10032290418917592,4.0074656569490905,1,125
2018-01-01,AAPL-GOOG,0.15,either,0.04891368941612613,0.05291461556112487,8.00185228999745,2,125
2018-01-01,AAPL-GOOG,0.15,both,0.09831917136070138,0.10032290418917592,4.0074656569490905,1,125
2018-01-01,AAPL-GOOG,0.2,either,0.06398743242652823,0.06596465266618333,3.954440479310189,1,125
2018-01-01,AAPL-GOOG,0.2,both,0.09831917136070138,0.10032290418917592,4.0074656569490905,1,125
2018-01-01,AAPL-GOOG,0.25,either,0.06398743242652823,0.06596465266618333,3.954440479310189,1,125
2018-01-01,AAPL-GOOG,0.25,both,0.09831917136070138,0.10032290418917592,4.0074656569490905,1,125
2018-01-01,AAPL-GOOG,0.3,either,0.06398743242652823,0.06596465266618333,3.954440479310189,1,125
2018-01-01,AAPL-GOOG,0.3,both,0.09831917136070138,0.10032290418917592,4.0074656569490905,1,125
2018-01-01,AAPL-GOOG,0.35,either,0.06398743242652823,0.06596465266618333,3.954440479310189,1,125
2018-01-01,AAPL-GOOG,0.35,both,0.09831917136070138,0.10032290418917592,4.0074656569490905,1,125
2018-01-01,AAPL-GOOG,0.4,either,0.06398743242652823,0.06596465266618333,3.954440479310189,1,125
2018-01-01,AAPL-GOOG,0.4,both,0.09831917136070138,0.10032290418917592,4.0074656569490905,1,125
2018-01-01,AAPL-GOOG,0.45,either,0.06398743242652823,0.06596465266618333,3.954440479310189,1,125
2018-01-01,AAPL-GOOG,0.45,both,0.09831917136070138,0.10032290418917592,4.0074656569490905,1,125
2018-01-01,AAPL-GOOG,0.5,either,0.07568118274016944,0.07766890229205961,3.9754391037803227,1,125
2018-01-01,AAPL-GOOG,0.5,both,0.11067381626753811,0.11268842497965989,4.029217424243541,1,125
2018-01-01,AAPL-GOOG,0.55,either,0.07568118274016944,0.07766890229205961,3.9754391037803227,1,125
2018-01-01,AAPL-GOOG,0.55,both,0.11067381626753811,0.11268842497965989,4.029217424243541,1,125
2018-01-01,IBM-SPY,0.05,either,-0.01343193943232492,-0.005435284272990637,15.993310318668566,4,125
2018-01-01,IBM-SPY,0.05,both,0.03548699248272529,0.03948343268303084,7.992880400611089,2,125
2018-01-01,IBM-SPY,0.1,either,-0.01343193943232492,-0.005435284272990637,15.993310318668566,4,125
2018-01-01,IBM-SPY,0.1,both,0.03548699248272529,0.03948343268303084,7.992880400611089,2,125
2018-01-01,IBM-SPY,0.15,either,-0.015300228384662924,-0.009303079131209958,11.99429850690593,3,125
2018-01-01,IBM-SPY,0.15,both,0.03548699248272529,0.03948343268303084,7.992880400611089,2,125
2018-01-01,IBM-SPY,0.2,either,-0.015300228384662924,-0.009303079131209958,11.99429850690593,3,125
2018-01-01,IBM-SPY,0.2,both,0.03548699248272529,0.03948343268303084,7.992880400611089,2,125
2018-01-01,IBM-SPY,0.25,either,-0.015300228384662924,-0.009303079131209958,11.99429850690593,3,125
2018-01-01,IBM-SPY,0.25,both,0.03548699248272529,0.03948343268303084,7.992880400611089,2,125
2018-01-01,IBM-SPY,0.3,either,-0.015300228384662924,-0.009303079131209958,11.99429850690593,3,125
2018-01-01,IBM-SPY,0.3,both,0.03548699248272529,0.03948343268303084,7.992880400611089,2,125
2018-01-01,IBM-SPY,0.35,either,0.0,0.0,0.0,0,125
2018-01-01,IBM-SPY,0.35,both,0.0,0.0,0.0,0,125
2018-01-01,IBM-SPY,0.4,either,0.0,0.0,0.0,0,125
2018-01-01,IBM-SPY,0.4,both,0.0,0.0,0.0,0,125
2018-01-01,IBM-SPY,0.45,either,0.0,0.0,0.0,0,125
2018-01-01,IBM-SPY,0.45,both,0.0,0.0,0.0,0,125
2018-01-01,IBM-SPY,0.5,either,0.0,0.0,0.0,0,125
2018-01-01,IBM-SPY,0.5,both,0.0,0.0,0.0,0,125
2018-01-01,IBM-SPY,0.55,either,0.0,0.0,0.0,0,125
2018-01-01,IBM-SPY,0.55,both,0.0,0.0,0.0,0,125
2018-01-01,DIA-SPY,0.05,either,-0.0333198666396641,-0.019282330090057097,28.07507309921402,7,125
2018-01-01,DIA-SPY,0.05,both,-0.026470711819289637,-0.020523427639190312,11.894568360198646,3,125
2018-01-01,DIA-SPY,0.1,either,-0.03193110429930247,-0.02191435856725466,20.033491464095608,5,125
2018-01-01,DIA-SPY,0.1,both,-0.026794358739736703,-0.02084333499492554,11.902047489622337,3,125
2018-01-01,DIA-SPY,0.15,either,-0.03193110429930247,-0.02191435856725466,20.033491464095608,5,125
2018-01-01,DIA-SPY,0.15,both,-0.026794358739736703,-0.02084333499492554,11.902047489622337,3,125
2018-01-01,DIA-SPY,0.2,either,-0.0324624336190396,-0.024448970168544835,16.02692690098953,4,125
2018-01-01,DIA-SPY,0.2,both,-0.026794358739736703,-0.02084333499492554,11.902047489622337,3,125
2018-01-01,DIA-SPY,0.25,either,-0.0324624336190396,-0.024448970168544835,16.02692690098953,4,125
2018-01-01,DIA-SPY,0.25,both,-0.026794358739736703,-0.02084333499492554,11.902047489622337,3,125
2018-01-01,DIA-SPY,0.3,either,-0.028630934625868912,-0.02060923971158715,16.04338982856352,4,125
2018-01-01,DIA-SPY,0.3,both,-0.022962859746566016,-0.01700360453796785,11.918510417196329,3,125
2018-01-01,DIA-SPY,0.35,either,-0.028630934625868912,-0.02060923971158715,16.04338982856352,4,125
2018-01-01,DIA-SPY,0.35,both,-0.022962859746566016,-0.01700360453796785,11.918510417196329,3,125
2018-01-01,DIA-SPY,0.4,either,-0.030879581701667266,-0.024863129158175866,12.03290508698279,3,125
2018-01-01,DIA-SPY,0.4,both,-0.021703761167990086,-0.01767680790262923,8.053906530721713,2,125
2018-01-01,DIA-SPY,0.45,either,-0.03266767963230976,-0.028665439660586822,8.004479943445856,2,125
2018-01-01,DIA-SPY,0.45,both,-0.021703761167990086,-0.01767680790262923,8.053906530721713,2,125
2018-01-01,DIA-SPY,0.5,either,-0.03266767963230976,-0.028665439660586822,8.004479943445856,2,125
2018-01-01,DIA-SPY,0.5,both,-0.021703761167990086,-0.01767680790262923,8.053906530721713,2,125
2018-01-01,DIA-SPY,0.55,either,-0.03266767963230976,-0.028665439660586822,8.004479943445856,2,125
2018-01-01,DIA-SPY,0.55,both,-0.021703761167990086,-0.01767680790262923,8.053906530721713,2,125
2018-07-01,AAPL-GOOG,0.05,either,0.1947419016523005,0.20256738198701624,15.650960669431498,4,126
2018-07-01,AAPL-GOOG,0.05,both,0.21159639345325218,0.2154898093389196,7.786831771334862,2,126
2018-07-01,AAPL-GOOG,0.1,either,0.195043345141513,0.20085579619249463,11.624902101963247,3,126
2018-07-01,AAPL-GOOG,0.1,both,0.2463885642895552,0.2502500658555636,7.723003132016795,2,126
2018-07-01,AAPL-GOOG,0.15,either,0.18998337591562867,0.195790518255894,11.614284680530684,3,126
2018-07-01,AAPL-GOOG,0.15,both,0.2463885642895552,0.2502500658555636,7.723003132016795,2,126
2018-07-01,AAPL-GOOG,0.2,either,0.18575698346227185,0.1895702142940639,7.626461663584074,2,126
2018-07-01,AAPL-GOOG,0.2,both,0.2463885642895552,0.2502500658555636,7.723003132016795,2,126
2018-07-01,AAPL-GOOG,0.25,either,0.1696413354247056,0.17345419805086512,7.625725252319054,2,126
2018-07-01,AAPL-GOOG,0.25,both,0.23013506328555972,0.2339960194193907,7.721912267662002,2,126
2018-07-01,AAPL-GOOG,0.3,either,0.1696413354247056,0.17345419805086512,7.625725252319054,2,126
2018-07-01,AAPL-GOOG,0.3,both,0.23013506328555972,0.2339960194193907,7.721912267662002,2,126
2018-07-01,AAPL-GOOG,0.35,either,0.1696413354247056,0.17345419805086512,7.625725252319054,2,126
2018-07-01,AAPL-GOOG,0.35,both,0.23013506328555972,0.2339960194193907,7.721912267662002,2,126
2018-07-01,AAPL-GOOG,0.4,either,0.1696413354247056,0.17345419805086512,7.625725252319054,2,126
2018-07-01,AAPL-GOOG,0.4,both,0.23013506328555972,0.2339960194193907,7.721912267662002,2,126
2018-07-01,AAPL-GOOG,0.45,either,0.1696413354247056,0.17345419805086512,7.625725252319054,2,126
2018-07-01,AAPL-GOOG,0.45,both,0.23013506328555972,0.2339960194193907,7.721912267662002,2,126
2018-07-01,AAPL-GOOG,0.5,either,0.20448959000058484,0.2082640910737361,7.549002146302586,2,126
2018-07-01,AAPL-GOOG,0.5,both,0.2630426939058858,0.26686551741091524,7.645647010058866,2,126
2018-07-01,AAPL-GOOG,0.55,either,0.20448959000058484,0.2082640910737361,7.549002146302586,2,126
2018-07-01,AAPL-GOOG,0.55,both,0.2630426939058858,0.26686551741091524,7.645647010058866,2,126
2018-07-01,IBM-SPY,0.05,either,0.11613890051685433,0.12589680888341265,19.515816733116644,5,126
2018-07-01,IBM-SPY,0.05,both,0.09884873761969623,0.10272396899742571,7.750462755458936,2,126
2018-07-01,IBM-SPY,0.1,either,0.10677759026794575,0.11654210684356929,19.529033151247152,5,126
2018-07-01,IBM-SPY,0.1,both,0.09884873761969623,0.10272396899742571,7.750462755458936,2,126
2018-07-01,IBM-SPY,0.15,either,0.10677759026794575,0.11654210684356929,19.529033151247152,5,126
2018-07-01,IBM-SPY,0.15,both,0.09884873761969623,0.10272396899742571,7.750462755458936,2,126
2018-07-01,IBM-SPY,0.2,either,0.10361967184407944,0.11137344646307265,15.507549237986488,4,126
2018-07-01,IBM-SPY,0.2,both,0.08472223059823208,0.08655696812555103,3.6694750546378794,1,126
2018-07-01,IBM-SPY,0.25,either,0.10777247343519276,0.1135253287189774,11.505710567569292,3,126
2018-07-01,IBM-SPY,0.25,both,0.0842862650306051,0.08611969724220722,3.666864423204238,1,126
2018-07-01,IBM-SPY,0.3,either,0.10777247343519276,0.1135253287189774,11.505710567569292,3,126
2018-07-01,IBM-SPY,0.3,both,0.0842862650306051,0.08611969724220722,3.666864423204238,1,126
2018-07-01,IBM-SPY,0.35,either,0.10777247343519276,0.1135253287189774,11.505710567569292,3,126
2018-07-01,IBM-SPY,0.35,both,0.0842862650306051,0.08611969724220722,3.666864423204238,1,126
2018-07-01,IBM-SPY,0.4,either,0.11887531733050187,0.12460580060273861,11.46096654447344,3,126
2018-07-01,IBM-SPY,0.4,both,0.0842862650306051,0.08611969724220722,3.666864423204238,1,126
2018-07-01,IBM-SPY,0.45,either,0.14575398899401942,0.15149220628964746,11.47643459125608,3,126
2018-07-01,IBM-SPY,0.45,both,0.09131356772906894,0.09313502578169008,3.6429161052422607,1,126
2018-07-01,IBM-SPY,0.5,either,0.1431878256511166,0.14697734325471148,7.579035207189728,2,126
2018-07-01,IBM-SPY,0.5,both,0.09131356772906894,0.09313502578169008,3.6429161052422607,1,126
2018-07-01,IBM-SPY,0.55,either,0.1431878256511166,0.14697734325471148,7.579035207189728,2,126
2018-07-01,IBM-SPY,0.55,both,0.09131356772906894,0.09313502578169008,3.6429161052422607,1,126
2018-07-01,DIA-SPY,0.05,either,0.002086332958323476,0.018052134379280164,31.93160284191338,8,126
2018-07-01,DIA-SPY,0.05,both,0.015553573803417419,0.019518194859644487,7.92924211245414,2,126
2018-07-01,DIA-SPY,0.1,either,0.002086332958323476,0.018052134379280164,31.93160284191338,8,126
2018-07-01,DIA-SPY,0.1,both,0.015553573803417419,0.019518194859644487,7.92924211245414,2,126
2018-07-01,DIA-SPY,0.15,either,0.002086332958323476,0.018052134379280164,31.93160284191338,8,126
2018-07-01,DIA-SPY,0.15,both,0.015553573803417419,0.019518194859644487,7.92924211245414,2,126
2018-07-01,DIA-SPY,0.2,either,0.002086332958323476,0.018052134379280164,31.93160284191338,8,126
2018-07-01,DIA-SPY,0.2,both,0.015553573803417419,0.019518194859644487,7.92924211245414,2,126
2018-07-01,DIA-SPY,0.25,either,0.009578862113274019,0.021589533997672297,24.021343768796545,6,126
2018-07-01,DIA-SPY,0.25,both,0.014938608250383683,0.01895245640605461,8.02769631134185,2,126
2018-07-01,DIA-SPY,0.3,either,0.015027009245311428,0.0270683253533637,24.082632216104543,6,126
2018-07-01,DIA-SPY,0.3,both,0.014938608250383683,0.01895245640605461,8.02769631134185,2,126
2018-07-01,DIA-SPY,0.35,either,0.009665159533894681,0.02170031940433421,24.070319740879057,6,126
2018-07-01,DIA-SPY,0.35,both,0.014938608250383683,0.01895245640605461,8.02769631134185,2,126
2018-07-01,DIA-SPY,0.4,either,0.005259583248609098,0.013261227584289607,16.003288671361005,4,126
2018-07-01,DIA-SPY,0.4,both,0.020779940196291504,0.024798013150057883,8.036145907532749,2,126
2018-07-01,DIA-SPY,0.45,either,0.008026081937337289,0.014011912244433287,11.971660614191993,3,126
2018-07-01,DIA-SPY,0.45,both,0.025091937003537616,0.029094643049046708,8.005412091018194,2,126
2018-07-01,DIA-SPY,0.5,either,0.008104974680721286,0.014083663634801114,11.957377908159673,3,126
2018-07-01,DIA-SPY,0.5,both,0.025091937003537616,0.029094643049046708,8.005412091018194,2,126
2018-07-01,DIA-SPY,0.55,either,0.012420357078917586,0.018413543856740967,11.986373555646775,3,126
2018-07-01,DIA-SPY,0.55,both,0.029407319401733925,0.033424523270986564,8.034407738505296,2,126
2019-01-01,AAPL-GOOG,0.05,either,-0.11617904699117437,-0.10005946109766169,32.23917178702548,8,124
2019-01-01,AAPL-GOOG,0.05,both,-0.19076502862358788,-0.1866156446471573,8.298767952861215,2,124
2019-01-01,AAPL-GOOG,0.1,either,-0.11617904699117437,-0.10005946109766169,32.23917178702548,8,124
2019-01-01,AAPL-GOOG,0.1,both,-0.19076502862358788,-0.1866156446471573,8.298767952861215,2,124
2019-01-01,AAPL-GOOG,0.15,either,-0.11768353663212966,-0.10156776038312966,32.23155249800007,8,124
2019-01-01,AAPL-GOOG,0.15,both,-0.19076502862358788,-0.1866156446471573,8.298767952861215,2,124
2019-01-01,AAPL-GOOG,0.2,either,-0.10011918623477713,-0.08606687864212413,28.104615185306027,7,124
2019-01-01,AAPL-GOOG,0.2,both,-0.18197480961720702,-0.17787433427164065,8.200950691132643,2,124
2019-01-01,AAPL-GOOG,0.25,either,-0.09733157260540483,-0.08529458632044527,24.07397256991918,6,124
2019-01-01,AAPL-GOOG,0.25,both,-0.18197480961720702,-0.17787433427164065,8.200950691132643,2,124
2019-01-01,AAPL-GOOG,0.3,either,-0.09733157260540483,-0.08529458632044527,24.07397256991918,6,124
2019-01-01,AAPL-GOOG,0.3,both,-0.18197480961720702,-0.17787433427164065,8.200950691132643,2,124
2019-01-01,AAPL-GOOG,0.35,either,-0.08638485190162311,-0.07435318219191807,24.063339419410124,6,124
2019-01-01,AAPL-GOOG,0.35,both,-0.18197480961720702,-0.17787433427164065,8.200950691132643,2,124
2019-01-01,AAPL-GOOG,0.4,either,-0.06831216124148258,-0.06025705161409894,16.11021925476735,4,124
2019-01-01,AAPL-GOOG,0.4,both,-0.13019656265758311,-0.12610313089595493,8.186863523256427,2,124
2019-01-01,AAPL-GOOG,0.45,either,-0.06831216124148258,-0.06025705161409894,16.11021925476735,4,124
2019-01-01,AAPL-GOOG,0.45,both,-0.13019656265758311,-0.12610313089595493,8.186863523256427,2,124
2019-01-01,AAPL-GOOG,0.5,either,-0.07406558618743532,-0.06600755455250455,16.11606326986151,4,124
2019-01-01,AAPL-GOOG,0.5,both,-0.13689853135626576,-0.13280170525044344,8.193652211644642,2,124
2019-01-01,AAPL-GOOG,0.55,either,-0.07394930689576952,-0.06588903132971334,16.12055113211227,4,124
2019-01-01,AAPL-GOOG,0.55,both,-0.13672449754183175,-0.1326254321558306,8.198130772002338,2,124
2019-01-01,IBM-SPY,0.05,either,0.0007743306288951375,0.010892267312550958,20.23587336731165,5,124
2019-01-01,IBM-SPY,0.05,both,-0.04153087382158365,-0.03930029083132801,4.461165980511273,1,124
2019-01-01,IBM-SPY,0.1,either,0.0007743306288951375,0.010892267312550958,20.23587336731165,5,124
2019-01-01,IBM-SPY,0.1,both,-0.04153087382158365,-0.03930029083132801,4.461165980511273,1,124
2019-01-01,IBM-SPY,0.15,either,0.0007743306288951375,0.010892267312550958,20.23587336731165,5,124
2019-01-01,IBM-SPY,0.15,both,-0.04153087382158365,-0.03930029083132801,4.461165980511273,1,124
2019-01-01,IBM-SPY,0.2,either,0.003245143163864289,0.01135195289892394,16.213619470119312,4,124
2019-01-01,IBM-SPY,0.2,both,-0.04153087382158365,-0.03930029083132801,4.461165980511273,1,124
2019-01-01,IBM-SPY,0.25,either,0.00304511559772936,0.007107253333969114,8.124275472479507,2,124
2019-01-01,IBM-SPY,0.25,both,-0.033738290141278965,-0.031550827890966984,4.374924500623955,1,124
2019-01-01,IBM-SPY,0.3,either,0.00304511559772936,0.007107253333969114,8.124275472479507,2,124
2019-01-01,IBM-SPY,0.3,both,-0.033738290141278965,-0.031550827890966984,4.374924500623955,1,124
2019-01-01,IBM-SPY,0.35,either,0.005363138748760318,0.009415528689027418,8.10477988053421,2,124
2019-01-01,IBM-SPY,0.35,both,-0.033738290141278965,-0.031550827890966984,4.374924500623955,1,124
2019-01-01,IBM-SPY,0.4,either,0.005363138748760318,0.009415528689027418,8.10477988053421,2,124
2019-01-01,IBM-SPY,0.4,both,-0.033738290141278965,-0.031550827890966984,4.374924500623955,1,124
2019-01-01,IBM-SPY,0.45,either,0.005363138748760318,0.009415528689027418,8.10477988053421,2,124
2019-01-01,IBM-SPY,0.45,both,-0.033738290141278965,-0.031550827890966984,4.374924500623955,1,124
2019-01-01,IBM-SPY,0.5,either,0.005363138748760318,0.009415528689027418,8.10477988053421,2,124
2019-01-01,IBM-SPY,0.5,both,-0.033738290141278965,-0.031550827890966984,4.374924500623955,1,124
2019-01-01,IBM-SPY,0.55,either,0.011745836746464271,0.015774775394464903,8.057877296001266,2,124
2019-01-01,IBM-SPY,0.55,both,-0.025834186511250648,-0.023673468916582785,4.32143518933573,1,124
2019-01-01,DIA-SPY,0.05,either,-0.027526888179468925,-0.02532861964445118,4.396537070035493,1,124
2019-01-01,DIA-SPY,0.05,both,-0.027526888179468925,-0.02532861964445118,4.396537070035493,1,124
2019-01-01,DIA-SPY,0.1,either,-0.027526888179468925,-0.02532861964445118,4.396537070035493,1,124
2019-01-01,DIA-SPY,0.1,both,-0.027526888179468925,-0.02532861964445118,4.396537070035493,1,124
2019-01-01,DIA-SPY,0.15,either,-0.026499949370280877,-0.02434043275028952,4.319033239982698,1,124
2019-01-01,DIA-SPY,0.15,both,-0.026499949370280877,-0.02434043275028952,4.319033239982698,1,124
2019-01-01,DIA-SPY,0.2,either,-0.026499949370280877,-0.02434043275028952,4.319033239982698,1,124
2019-01-01,DIA-SPY,0.2,both,-0.026499949370280877,-0.02434043275028952,4.319033239982698,1,124
2019-01-01,DIA-SPY,0.25,either,-0.026499949370280877,-0.02434043275028952,4.319033239982698,1,124
2019-01-01,DIA-SPY,0.25,both,-0.026499949370280877,-0.02434043275028952,4.319033239982698,1,124
2019-01-01,DIA-SPY,0.3,either,-0.026499949370280877,-0.02434043275028952,4.319033239982698,1,124
2019-01-01,DIA-SPY,0.3,both,-0.026499949370280877,-0.02434043275028952,4.319033239982698,1,124
2019-01-01,DIA-SPY,0.35,either,-0.02259126847827058,-0.02043896731462548,4.304602327290192,1,124
2019-01-01,DIA-SPY,0.35,both,-0.02259126847827058,-0.02043896731462548,4.304602327290192,1,124
2019-01-01,DIA-SPY,0.4,either,-0.02259126847827058,-0.02043896731462548,4.304602327290192,1,124
2019-01-01,DIA-SPY,0.4,both,-0.02259126847827058,-0.02043896731462548,4.304602327290192,1,124
2019-01-01,DIA-SPY,0.45,either,-0.024047673739006903,-0.021906927162434153,4.281493153145497,1,124
2019-01-01,DIA-SPY,0.45,both,-0.024047673739006903,-0.021906927162434153,4.281493153145497,1,124
2019-01-01,DIA-SPY,0.5,either,-0.024047673739006903,-0.021906927162434153,4.281493153145497,1,124
2019-01-01,DIA-SPY,0.5,both,-0.024047673739006903,-0.021906927162434153,4.281493153145497,1,124
2019-01-01,DIA-SPY,0.55,either,-0.024047673739006903,-0.021906927162434153,4.281493153145497,1,124
2019-01-01,DIA-SPY,0.55,both,-0.024047673739006903,-0.021906927162434153,4.281493153145497,1,124
2019-07-01,AAPL-GOOG,0.05,either,-0.1173700769378586,-0.09713131527398837,40.4775233277404,10,128
2019-07-01,AAPL-GOOG,0.05,both,-0.16556665985309568,-0.1612226318140092,8.688056078172973,2,128
2019-07-01,AAPL-GOOG,0.1,either,-0.10617932536532432,-0.08791352736494769,36.531596000753225,9,128
2019-07-01,AAPL-GOOG,0.1,both,-0.16425356190984522,-0.15991701931441055,8.673085190869351,2,128
2019-07-01,AAPL-GOOG,0.15,either,-0.12155314127934763,-0.10327553147800085,36.55521960269354,9,128
2019-07-01,AAPL-GOOG,0.15,both,-0.16425356190984522,-0.15991701931441055,8.673085190869351,2,128
2019-07-01,AAPL-GOOG,0.2,either,-0.11842027209939539,-0.10212261879634763,32.59530660609555,8,128
2019-07-01,AAPL-GOOG,0.2,both,-0.16425356190984522,-0.15991701931441055,8.673085190869351,2,128
2019-07-01,AAPL-GOOG,0.25,either,-0.12559034628407112,-0.10929892095497559,32.58285065819099,8,128
2019-07-01,AAPL-GOOG,0.25,both,-0.16425356190984522,-0.15991701931441055,8.673085190869351,2,128
2019-07-01,AAPL-GOOG,0.3,either,-0.11093151790065336,-0.0986826819279399,24.497671945426895,6,128
2019-07-01,AAPL-GOOG,0.3,both,-0.16425356190984522,-0.15991701931441055,8.673085190869351,2,128
2019-07-01,AAPL-GOOG,0.35,either,-0.11093151790065336,-0.0986826819279399,24.497671945426895,6,128
2019-07-01,AAPL-GOOG,0.35,both,-0.16425356190984522,-0.15991701931441055,8.673085190869351,2,128
2019-07-01,AAPL-GOOG,0.4,either,-0.08753277720954011,-0.07528897241490348,24.48760958927324,6,128
2019-07-01,AAPL-GOOG,0.4,both,-0.16425356190984522,-0.15991701931441055,8.673085190869351,2,128
2019-07-01,AAPL-GOOG,0.45,either,-0.11005182575721027,-0.09780102540684252,24.501600700735487,6,128
2019-07-01,AAPL-GOOG,0.45,both,-0.16425356190984522,-0.15991701931441055,8.673085190869351,2,128
2019-07-01,AAPL-GOOG,0.5,either,-0.0820133657284927,-0.07382956709656457,16.36759726385622,4,128
2019-07-01,AAPL-GOOG,0.5,both,-0.14067342335928523,-0.13637292328439649,8.601000149777507,2,128
2019-07-01,AAPL-GOOG,0.55,either,-0.04757639645998789,-0.039449474154686706,16.25384461060237,4,128
2019-07-01,AAPL-GOOG,0.55,both,-0.14067342335928523,-0.13637292328439649,8.601000149777507,2,128
2019-07-01,IBM-SPY,0.05,either,0.05180587407314262,0.061817643352654064,20.023538559022867,5,128
2019-07-01,IBM-SPY,0.05,both,0.13172389507552323,0.13774633731655045,12.044884482054403,3,128
2019-07-01,IBM-SPY,0.1,either,0.05180587407314262,0.061817643352654064,20.023538559022867,5,128
2019-07-01,IBM-SPY,0.1,both,0.13172389507552323,0.13774633731655045,12.044884482054403,3,128
2019-07-01,IBM-SPY,0.15,either,0.05092810560638755,0.06093033590184235,20.00446059090957,5,128
2019-07-01,IBM-SPY,0.15,both,0.13112413809645507,0.13713689273248048,12.025509272050794,3,128
2019-07-01,IBM-SPY,0.2,either,0.06614723929192168,0.07414616822760836,15.99785787137333,4,128
2019-07-01,IBM-SPY,0.2,both,0.07337678536085707,0.07740476554467493,8.055960367635723,2,128
2019-07-01,IBM-SPY,0.25,either,0.06614723929192168,0.07414616822760836,15.99785787137333,4,128
2019-07-01,IBM-SPY,0.25,both,0.07337678536085707,0.07740476554467493,8.055960367635723,2,128
2019-07-01,IBM-SPY,0.3,either,0.06614723929192168,0.07414616822760836,15.99785787137333,4,128
2019-07-01,IBM-SPY,0.3,both,0.07337678536085707,0.07740476554467493,8.055960367635723,2,128
2019-07-01,IBM-SPY,0.35,either,0.10950246643504587,0.11548837391811893,11.97181496614612,3,128
2019-07-01,IBM-SPY,0.35,both,0.11170907927310668,0.11571403609565495,8.009913645096534,2,128
2019-07-01,IBM-SPY,0.4,either,0.1020678254836295,0.10605327129611088,7.970891624962741,2,128
2019-07-01,IBM-SPY,0.4,both,0.11977950341141885,0.12377360436109064,7.988201899343571,2,128
2019-07-01,IBM-SPY,0.45,either,0.1020678254836295,0.10605327129611088,7.970891624962741,2,128
2019-07-01,IBM-SPY,0.45,both,0.11977950341141885,0.12377360436109064,7.988201899343571,2,128
2019-07-01,IBM-SPY,0.5,either,0.1020678254836295,0.10605327129611088,7.970891624962741,2,128
2019-07-01,IBM-SPY,0.5,both,0.11977950341141885,0.12377360436109064,7.988201899343571,2,128
2019-07-01,IBM-SPY,0.55,either,0.10162017648933516,0.10560517612497236,7.969999271274405,2,128
2019-07-01,IBM-SPY,0.55,both,0.11933185441712452,0.12332550918995214,7.987309545655235,2,128
2019-07-01,DIA-SPY,0.05,either,-0.0012530659317982998,0.03278275749737546,68.07164685834752,17,128
2019-07-01,DIA-SPY,0.05,both,0.016804428496662815,0.03690771089310422,40.2065647928828,10,128
2019-07-01,DIA-SPY,0.1,either,0.004022796281843541,0.03406705222283187,60.088511881976665,15,128
2019-07-01,DIA-SPY,0.1,both,0.0174456925734812,0.03554847640988429,36.20556767280618,9,128
2019-07-01,DIA-SPY,0.15,either,0.0064499736886296484,0.03649325340771395,60.08655943816859,15,128
2019-07-01,DIA-SPY,0.15,both,0.01988947907983144,0.03799128044468433,36.20360272970577,9,128
2019-07-01,DIA-SPY,0.2,either,0.005141385604865011,0.033227809573919936,56.172847938109854,14,128
2019-07-01,DIA-SPY,0.2,both,0.013105716492158673,0.03120667624164704,36.20191949897673,9,128
2019-07-01,DIA-SPY,0.25,either,0.0053433351505463,0.031451959504983695,52.21724870887479,13,128
2019-07-01,DIA-SPY,0.25,both,0.020474249157885514,0.03860962110872394,36.270743901676866,9,128
2019-07-01,DIA-SPY,0.3,either,0.008445454252012926,0.03254295065463414,48.19499280524241,12,128
2019-07-01,DIA-SPY,0.3,both,0.019310728308257516,0.03743408974742937,36.24672287834372,9,128
2019-07-01,DIA-SPY,0.35,either,0.010350172786528,0.028434940292939668,36.16953501282333,9,128
2019-07-01,DIA-SPY,0.35,both,0.01847882825479321,0.03458840161324831,32.219146716910195,8,128
2019-07-01,DIA-SPY,0.4,either,0.01241754040968755,0.02646922897130844,28.10337712324178,7,128
2019-07-01,DIA-SPY,0.4,both,0.019486205857453975,0.03355379821320931,28.135184711510657,7,128
2019-07-01,DIA-SPY,0.45,either,0.015784368169366476,0.029818757839622137,28.068779340511327,7,128
2019-07-01,DIA-SPY,0.45,both,0.02286562205478559,0.03691561992453033,28.09999573948949,7,128
2019-07-01,DIA-SPY,0.5,either,0.015589548128738438,0.029622511005380436,28.065925753284,7,128
2019-07-01,DIA-SPY,0.5,both,0.02266811035168157,0.03671668912775607,28.09715755214902,7,128
2019-07-01,DIA-SPY,0.55,either,0.014814495370635476,0.026842115104566758,24.055239467862567,6,128
2019-07-01,DIA-SPY,0.55,both,0.022204944580772046,0.034251756171724504,24.09362318190491,6,128
2020-01-01,AAPL-GOOG,0.05,either,0.022061515616860358,0.035958899242323566,27.79476725092641,7,125
2020-01-01,AAPL-GOOG,0.05,both,0.21211030609372966,0.21423196985072257,4.243327513985813,1,125
2020-01-01,AAPL-GOOG,0.1,either,0.04005127718289005,0.051942709854152336,23.782865342524588,6,125
2020-01-01,AAPL-GOOG,0.1,both,0.21211030609372966,0.21423196985072257,4.243327513985813,1,125
2020-01-01,AAPL-GOOG,0.15,either,0.04135812774739047,0.05323347192775677,23.750688360732596,6,125
2020-01-01,AAPL-GOOG,0.15,both,0.20060328208850672,0.2027112529400089,4.21594170300442,1,125
2020-01-01,AAPL-GOOG,0.2,either,0.0501451394379555,0.05801490999310209,15.739541110293192,4,125
2020-01-01,AAPL-GOOG,0.2,both,0.20060328208850672,0.2027112529400089,4.21594170300442,1,125
2020-01-01,AAPL-GOOG,0.25,either,0.0501451394379555,0.05801490999310209,15.739541110293192,4,125
2020-01-01,AAPL-GOOG,0.25,both,0.20060328208850672,0.2027112529400089,4.21594170300442,1,125
2020-01-01,AAPL-GOOG,0.3,either,0.0586946083031462,0.06452245375652715,11.655690906761887,3,125
2020-01-01,AAPL-GOOG,0.3,both,0.20060328208850672,0.2027112529400089,4.21594170300442,1,125
2020-01-01,AAPL-GOOG,0.35,either,0.04801115978118973,0.05383160924721664,11.64089893205384,3,125
2020-01-01,AAPL-GOOG,0.35,both,0.20060328208850672,0.2027112529400089,4.21594170300442,1,125
2020-01-01,AAPL-GOOG,0.4,either,0.04801115978118973,0.05383160924721664,11.64089893205384,3,125
2020-01-01,AAPL-GOOG,0.4,both,0.20060328208850672,0.2027112529400089,4.21594170300442,1,125
2020-01-01,AAPL-GOOG,0.45,either,0.04801115978118973,0.05383160924721664,11.64089893205384,3,125
2020-01-01,AAPL-GOOG,0.45,both,0.20060328208850672,0.2027112529400089,4.21594170300442,1,125
2020-01-01,AAPL-GOOG,0.5,either,0.04801115978118973,0.05383160924721664,11.64089893205384,3,125
2020-01-01,AAPL-GOOG,0.5,both,0.20060328208850672,0.2027112529400089,4.21594170300442,1,125
2020-01-01,AAPL-GOOG,0.55,either,0.04801115978118973,0.05383160924721664,11.64089893205384,3,125
2020-01-01,AAPL-GOOG,0.55,both,0.20060328208850672,0.2027112529400089,4.21594170300442,1,125
2020-01-01,IBM-SPY,0.05,either,-0.01450584123711016,0.005431171613733419,39.87402570168716,10,125
2020-01-01,IBM-SPY,0.05,both,-0.07995969402628912,-0.06996449047949256,19.990407093593106,5,125
2020-01-01,IBM-SPY,0.1,either,-0.006530341390555596,0.009396520549868042,31.853723880847276,8,125
2020-01-01,IBM-SPY,0.1,both,-0.10118075939152336,-0.09325748161116534,15.846555560716036,4,125
2020-01-01,IBM-SPY,0.15,either,-0.01181812823374612,0.002121264647952561,27.878785763397335,7,125
2020-01-01,IBM-SPY,0.15,both,-0.10740803570751009,-0.09945701342726282,15.902044560494549,4,125
2020-01-01,IBM-SPY,0.2,either,-0.01181812823374612,0.002121264647952561,27.878785763397335,7,125
2020-01-01,IBM-SPY,0.2,both,-0.10740803570751009,-0.09945701342726282,15.902044560494549,4,125
2020-01-01,IBM-SPY,0.25,either,-0.009195523560709018,0.0047351772744956815,27.861401670409435,7,125
2020-01-01,IBM-SPY,0.25,both,-0.10740803570751009,-0.09945701342726282,15.902044560494549,4,125
2020-01-01,IBM-SPY,0.3,either,-0.00117055914236615,0.012785000299130512,27.91111888299333,7,125
2020-01-01,IBM-SPY,0.3,both,-0.11080331121806442,-0.10286090082463431,15.884820786860258,4,125
2020-01-01,IBM-SPY,0.35,either,-0.00117055914236615,0.012785000299130512,27.91111888299333,7,125
2020-01-01,IBM-SPY,0.35,both,-0.11080331121806442,-0.10286090082463431,15.884820786860258,4,125
2020-01-01,IBM-SPY,0.4,either,0.027823674712174683,0.0397603436086442,23.87333779293906,6,125
2020-01-01,IBM-SPY,0.4,both,-0.07996668165827583,-0.07407046328808309,11.792436740385478,3,125
2020-01-01,IBM-SPY,0.45,either,0.019592782820255845,0.029516901541818102,19.848237443124532,5,125
2020-01-01,IBM-SPY,0.45,both,-0.07996668165827583,-0.07407046328808309,11.792436740385478,3,125
2020-01-01,IBM-SPY,0.5,either,0.019417355963535367,0.029302753862966595,19.770795798862494,5,125
2020-01-01,IBM-SPY,0.5,both,-0.07570627977433182,-0.06984980642735826,11.712946693947119,3,125
2020-01-01,IBM-SPY,0.55,either,0.019417355963535367,0.029302753862966595,19.770795798862494,5,125
2020-01-01,IBM-SPY,0.55,both,-0.07570627977433182,-0.06984980642735826,11.712946693947119,3,125
2020-01-01,DIA-SPY,0.05,either,-0.04519606599681421,-0.03525753545476808,19.877061084092265,5,125
2020-01-01,DIA-SPY,0.05,both,-0.04574774797111055,-0.037810596311994675,15.874303318231771,4,125
2020-01-01,DIA-SPY,0.1,either,-0.04519606599681421,-0.03525753545476808,19.877061084092265,5,125
2020-01-01,DIA-SPY,0.1,both,-0.04574774797111055,-0.037810596311994675,15.874303318231771,4,125
2020-01-01,DIA-SPY,0.15,either,-0.04670871858510087,-0.03677325491114652,19.870927347908708,5,125
2020-01-01,DIA-SPY,0.15,both,-0.04726040055939721,-0.03932631576837311,15.868169582048214,4,125
2020-01-01,DIA-SPY,0.2,either,-0.04766470821386668,-0.03972581029209846,15.877795843536424,4,125
2020-01-01,DIA-SPY,0.2,both,-0.05047010270342069,-0.04453272191245826,11.87476158192488,3,125
2020-01-01,DIA-SPY,0.25,either,-0.046023296667507325,-0.038085188726955314,15.876215881104034,4,125
2020-01-01,DIA-SPY,0.25,both,-0.05047010270342069,-0.04453272191245826,11.87476158192488,3,125
2020-01-01,DIA-SPY,0.3,either,-0.046023296667507325,-0.038085188726955314,15.876215881104034,4,125
2020-01-01,DIA-SPY,0.3,both,-0.05047010270342069,-0.04453272191245826,11.87476158192488,3,125
2020-01-01,DIA-SPY,0.35,either,-0.046023296667507325,-0.038085188726955314,15.876215881104034,4,125
2020-01-01,DIA-SPY,0.35,both,-0.05047010270342069,-0.04453272191245826,11.87476158192488,3,125
2020-01-01,DIA-SPY,0.4,either,-0.04506080854489599,-0.03912468366960912,11.872249750573742,3,125
2020-01-01,DIA-SPY,0.4,both,-0.04950761458080935,-0.045572216855112056,7.870795451394585,2,125
2020-01-01,DIA-SPY,0.45,either,-0.045279806574331886,-0.041355393931876226,7.8488252849113405,2,125
2020-01-01,DIA-SPY,0.45,both,-0.049726612610245254,-0.04780292711737916,3.8473709857321836,1,125
2020-01-01,DIA-SPY,0.5,either,-0.04060615377947503,-0.036686250601394216,7.8398063561616596,2,125
2020-01-01,DIA-SPY,0.5,both,-0.04339581450453369,-0.04146979770274176,3.8520336035838474,1,125
2020-01-01,DIA-SPY,0.55,either,-0.04060615377947503,-0.036686250601394216,7.8398063561616596,2,125
2020-01-01,DIA-SPY,0.55,both,-0.04339581450453369,-0.04146979770274176,3.8520336035838474,1,125
2020-07-01,AAPL-GOOG,0.05,either,0.2995895901110145,0.31389602008517326,28.612859948317375,7,128
2020-07-01,AAPL-GOOG,0.05,both,0.26444239365947353,0.26677184715782754,4.658906996707936,1,128
2020-07-01,AAPL-GOOG,0.1,either,0.29093287322642725,0.3052422653448684,28.61878423688249,7,128
2020-07-01,AAPL-GOOG,0.1,both,0.26444239365947353,0.26677184715782754,4.658906996707936,1,128
2020-07-01,AAPL-GOOG,0.15,either,0.2447773590945258,0.2570614426307766,24.568167072501687,6,128
2020-07-01,AAPL-GOOG,0.15,both,0.26444239365947353,0.26677184715782754,4.658906996707936,1,128
2020-07-01,AAPL-GOOG,0.2,either,0.25255306205725925,0.2648094219050234,24.512719695528176,6,128
2020-07-01,AAPL-GOOG,0.2,both,0.26444239365947353,0.26677184715782754,4.658906996707936,1,128
2020-07-01,AAPL-GOOG,0.25,either,0.2737250682694863,0.28400157166926754,20.553006799562606,5,128
2020-07-01,AAPL-GOOG,0.25,both,0.26444239365947353,0.26677184715782754,4.658906996707936,1,128
2020-07-01,AAPL-GOOG,0.3,either,0.2737250682694863,0.28400157166926754,20.553006799562606,5,128
2020-07-01,AAPL-GOOG,0.3,both,0.26444239365947353,0.26677184715782754,4.658906996707936,1,128
2020-07-01,AAPL-GOOG,0.35,either,0.272338298251496,0.2825918941751479,20.507191847303716,5,128
2020-07-01,AAPL-GOOG,0.35,both,0.26444239365947353,0.26677184715782754,4.658906996707936,1,128
2020-07-01,AAPL-GOOG,0.4,either,0.2286449781836271,0.23686994960068652,16.449942834118836,4,128
2020-07-01,AAPL-GOOG,0.4,both,0.26444239365947353,0.26677184715782754,4.658906996707936,1,128
2020-07-01,AAPL-GOOG,0.45,either,0.22252381242035685,0.23072423060983857,16.40083637896351,4,128
2020-07-01,AAPL-GOOG,0.45,both,0.25115185820899844,0.25344986084520077,4.596005272404723,1,128
2020-07-01,AAPL-GOOG,0.5,either,0.23787766929654847,0.24411946654161037,12.483594490123803,3,128
2020-07-01,AAPL-GOOG,0.5,both,0.25115185820899844,0.25344986084520077,4.596005272404723,1,128
2020-07-01,AAPL-GOOG,0.55,either,0.23787766929654847,0.24411946654161037,12.483594490123803,3,128
2020-07-01,AAPL-GOOG,0.55,both,0.25115185820899844,0.25344986084520077,4.596005272404723,1,128
2020-07-01,IBM-SPY,0.05,either,-0.09857277620812892,-0.09242854925057445,12.288453915108963,3,128
2020-07-01,IBM-SPY,0.05,both,-0.1286655758572553,-0.12652146791503086,4.288215884448899,1,128
2020-07-01,IBM-SPY,0.1,either,-0.09810172018760183,-0.09394631978231407,8.31080081057551,2,128
2020-07-01,IBM-SPY,0.1,both,-0.1286655758572553,-0.12652146791503086,4.288215884448899,1,128
2020-07-01,IBM-SPY,0.15,either,-0.09810172018760183,-0.09394631978231407,8.31080081057551,2,128
2020-07-01,IBM-SPY,0.15,both,-0.1286655758572553,-0.12652146791503086,4.288215884448899,1,128
2020-07-01,IBM-SPY,0.2,either,-0.09810172018760183,-0.09394631978231407,8.31080081057551,2,128
2020-07-01,IBM-SPY,0.2,both,-0.1286655758572553,-0.12652146791503086,4.288215884448899,1,128
2020-07-01,IBM-SPY,0.25,either,-0.09810172018760183,-0.09394631978231407,8.31080081057551,2,128
2020-07-01,IBM-SPY,0.25,both,-0.1286655758572553,-0.12652146791503086,4.288215884448899,1,128
2020-07-01,IBM-SPY,0.3,either,-0.09810172018760183,-0.09394631978231407,8.31080081057551,2,128
2020-07-01,IBM-SPY,0.3,both,-0.1286655758572553,-0.12652146791503086,4.288215884448899,1,128
2020-07-01,IBM-SPY,0.35,either,-0.09810172018760183,-0.09394631978231407,8.31080081057551,2,128
2020-07-01,IBM-SPY,0.35,both,-0.1286655758572553,-0.12652146791503086,4.288215884448899,1,128
2020-07-01,IBM-SPY,0.4,either,-0.08931627277896072,-0.0851656051662795,8.301335225362442,2,128
2020-07-01,IBM-SPY,0.4,both,-0.1286655758572553,-0.12652146791503086,4.288215884448899,1,128
2020-07-01,IBM-SPY,0.45,either,-0.06515681214944898,-0.0609991923997154,8.31523949946717,2,128
2020-07-01,IBM-SPY,0.45,both,-0.10321982698718882,-0.10106895694147974,4.301740091418152,1,128
2020-07-01,IBM-SPY,0.5,either,-0.06515681214944898,-0.0609991923997154,8.31523949946717,2,128
2020-07-01,IBM-SPY,0.5,both,-0.10321982698718882,-0.10106895694147974,4.301740091418152,1,128
2020-07-01,IBM-SPY,0.55,either,-0.06515681214944898,-0.0609991923997154,8.31523949946717,2,128
2020-07-01,IBM-SPY,0.55,both,-0.10321982698718882,-0.10106895694147974,4.301740091418152,1,128
2020-07-01,DIA-SPY,0.05,either,-0.0086672824831549,-0.00047855853288628243,16.377447900537234,4,128
2020-07-01,DIA-SPY,0.05,both,-0.015202323543582112,-0.01100789586532498,8.388855356514258,2,128
2020-07-01,DIA-SPY,0.1,either,-0.0086672824831549,-0.00047855853288628243,16.377447900537234,4,128
2020-07-01,DIA-SPY,0.1,both,-0.015202323543582112,-0.01100789586532498,8.388855356514258,2,128
2020-07-01,DIA-SPY,0.15,either,-0.010012838722590577,-0.0018248180290001501,16.376041387180848,4,128
2020-07-01,DIA-SPY,0.15,both,-0.016668164909263615,-0.012474503538309749,8.38732274190774,2,128
2020-07-01,DIA-SPY,0.2,either,-0.010012838722590577,-0.0018248180290001501,16.376041387180848,4,128
2020-07-01,DIA-SPY,0.2,both,-0.016668164909263615,-0.012474503538309749,8.38732274190774,2,128
2020-07-01,DIA-SPY,0.25,either,-0.010012838722590577,-0.0018248180290001501,16.376041387180848,4,128
2020-07-01,DIA-SPY,0.25,both,-0.016668164909263615,-0.012474503538309749,8.38732274190774,2,128
2020-07-01,DIA-SPY,0.3,either,-0.010012838722590577,-0.0018248180290001501,16.376041387180848,4,128
2020-07-01,DIA-SPY,0.3,both,-0.016668164909263615,-0.012474503538309749,8.38732274190774,2,128
2020-07-01,DIA-SPY,0.35,either,0.003165343447563128,0.011348501479978504,16.36631606483074,4,128
2020-07-01,DIA-SPY,0.35,both,-0.016668164909263615,-0.012474503538309749,8.38732274190774,2,128
2020-07-01,DIA-SPY,0.4,either,0.014417732786368978,0.02260108646863746,16.366707364536975,4,128
2020-07-01,DIA-SPY,0.4,both,-0.004376030919066996,-0.00018217254614351017,8.387716745846971,2,128
2020-07-01,DIA-SPY,0.45,either,0.010651681073194808,0.018830783305013966,16.35820446363831,4,128
2020-07-01,DIA-SPY,0.45,both,-0.004376030919066996,-0.00018217254614351017,8.387716745846971,2,128
2020-07-01,DIA-SPY,0.5,either,0.014360732873760995,0.022528806322066657,16.336146896611314,4,128
2020-07-01,DIA-SPY,0.5,both,-0.00043018527310850936,0.0037521386772608103,8.364647900738635,2,128
2020-07-01,DIA-SPY,0.55,either,0.012934108326303147,0.0211057191653031,16.3432216779999,4,128
2020-07-01,DIA-SPY,0.55,both,-0.0020098382538809127,0.002176352428326648,8.37238136441512,2,128
2021-01-01,AAPL-GOOG,0.05,either,-0.3931394679424856,-0.3908952631475098,4.488409589951601,1,124
2021-01-01,AAPL-GOOG,0.05,both,-0.3931394679424856,-0.3908952631475098,4.488409589951601,1,124
2021-01-01,AAPL-GOOG,0.1,either,-0.3931394679424856,-0.3908952631475098,4.488409589951601,1,124
2021-01-01,AAPL-GOOG,0.1,both,-0.3931394679424856,-0.3908952631475098,4.488409589951601,1,124
2021-01-01,AAPL-GOOG,0.15,either,-0.3931394679424856,-0.3908952631475098,4.488409589951601,1,124
2021-01-01,AAPL-GOOG,0.15,both,-0.3931394679424856,-0.3908952631475098,4.488409589951601,1,124
2021-01-01,AAPL-GOOG,0.2,either,-0.3931394679424856,-0.3908952631475098,4.488409589951601,1,124
2021-01-01,AAPL-GOOG,0.2,both,-0.3931394679424856,-0.3908952631475098,4.488409589951601,1,124
2021-01-01,AAPL-GOOG,0.25,either,-0.355081050874353,-0.3528551451235449,4.451811501616149,1,124
2021-01-01,AAPL-GOOG,0.25,both,-0.355081050874353,-0.3528551451235449,4.451811501616149,1,124
2021-01-01,AAPL-GOOG,0.3,either,-0.355081050874353,-0.3528551451235449,4.451811501616149,1,124
2021-01-01,AAPL-GOOG,0.3,both,-0.355081050874353,-0.3528551451235449,4.451811501616149,1,124
2021-01-01,AAPL-GOOG,0.35,either,-0.355081050874353,-0.3528551451235449,4.451811501616149,1,124
2021-01-01,AAPL-GOOG,0.35,both,-0.355081050874353,-0.3528551451235449,4.451811501616149,1,124
2021-01-01,AAPL-GOOG,0.4,either,-0.355081050874353,-0.3528551451235449,4.451811501616149,1,124
2021-01-01,AAPL-GOOG,0.4,both,-0.355081050874353,-0.3528551451235449,4.451811501616149,1,124
2021-01-01,AAPL-GOOG,0.45,either,-0.355081050874353,-0.3528551451235449,4.451811501616149,1,124
2021-01-01,AAPL-GOOG,0.45,both,-0.355081050874353,-0.3528551451235449,4.451811501616149,1,124
2021-01-01,AAPL-GOOG,0.5,either,-0.355081050874353,-0.3528551451235449,4.451811501616149,1,124
2021-01-01,AAPL-GOOG,0.5,both,-0.355081050874353,-0.3528551451235449,4.451811501616149,1,124
2021-01-01,AAPL-GOOG,0.55,either,-0.355081050874353,-0.3528551451235449,4.451811501616149,1,124
2021-01-01,AAPL-GOOG,0.55,both,-0.355081050874353,-0.3528551451235449,4.451811501616149,1,124
2021-01-01,IBM-SPY,0.05,either,-0.03264957616280843,-0.030474004361106588,4.351143603403699,1,124
2021-01-01,IBM-SPY,0.05,both,-0.03264957616280843,-0.030474004361106588,4.351143603403699,1,124
2021-01-01,IBM-SPY,0.1,either,-0.03264957616280843,-0.030474004361106588,4.351143603403699,1,124
2021-01-01,IBM-SPY,0.1,both,-0.03264957616280843,-0.030474004361106588,4.351143603403699,1,124
2021-01-01,IBM-SPY,0.15,either,-0.010514937859388783,-0.008357320408354013,4.315234902069537,1,124
2021-01-01,IBM-SPY,0.15,both,-0.010514937859388783,-0.008357320408354013,4.315234902069537,1,124
2021-01-01,IBM-SPY,0.2,either,-0.010514937859388783,-0.008357320408354013,4.315234902069537,1,124
2021-01-01,IBM-SPY,0.2,both,-0.010514937859388783,-0.008357320408354013,4.315234902069537,1,124
2021-01-01,IBM-SPY,0.25,either,-0.010514937859388783,-0.008357320408354013,4.315234902069537,1,124
2021-01-01,IBM-SPY,0.25,both,-0.010514937859388783,-0.008357320408354013,4.315234902069537,1,124
2021-01-01,IBM-SPY,0.3,either,-0.010514937859388783,-0.008357320408354013,4.315234902069537,1,124
2021-01-01,IBM-SPY,0.3,both,-0.010514937859388783,-0.008357320408354013,4.315234902069537,1,124
2021-01-01,IBM-SPY,0.35,either,-0.010514937859388783,-0.008357320408354013,4.315234902069537,1,124
2021-01-01,IBM-SPY,0.35,both,-0.010514937859388783,-0.008357320408354013,4.315234902069537,1,124
2021-01-01,IBM-SPY,0.4,either,-0.010514937859388783,-0.008357320408354013,4.315234902069537,1,124
2021-01-01,IBM-SPY,0.4,both,-0.010514937859388783,-0.008357320408354013,4.315234902069537,1,124
2021-01-01,IBM-SPY,0.45,either,-0.010514937859388783,-0.008357320408354013,4.315234902069537,1,124
2021-01-01,IBM-SPY,0.45,both,-0.010514937859388783,-0.008357320408354013,4.315234902069537,1,124
2021-01-01,IBM-SPY,0.5,either,-0.010514937859388783,-0.008357320408354013,4.315234902069537,1,124
2021-01-01,IBM-SPY,0.5,both,-0.010514937859388783,-0.008357320408354013,4.315234902069537,1,124
2021-01-01,IBM-SPY,0.55,either,-0.010514937859388783,-0.008357320408354013,4.315234902069537,1,124
2021-01-01,IBM-SPY,0.55,both,-0.010514937859388783,-0.008357320408354013,4.315234902069537,1,124
2021-01-01,DIA-SPY,0.05,either,0.010957643860026909,0.02308844301582237,24.26159831159093,6,124
2021-01-01,DIA-SPY,0.05,both,0.0024028459345905966,0.008548199047565059,12.290706225948924,3,124
2021-01-01,DIA-SPY,0.1,either,0.009138320435559228,0.02125374572733034,24.230850583542214,6,124
2021-01-01,DIA-SPY,0.1,both,0.0024028459345905966,0.008548199047565059,12.290706225948924,3,124
2021-01-01,DIA-SPY,0.15,either,0.009138320435559228,0.02125374572733034,24.230850583542214,6,124
2021-01-01,DIA-SPY,0.15,both,0.0024028459345905966,0.008548199047565059,12.290706225948924,3,124
2021-01-01,DIA-SPY,0.2,either,0.01020844809054722,0.02232802957932433,24.239162977554216,6,124
2021-01-01,DIA-SPY,0.2,both,0.0024028459345905966,0.008548199047565059,12.290706225948924,3,124
2021-01-01,DIA-SPY,0.25,either,0.01942614898340915,0.029531998074280637,20.211698181742975,5,124
2021-01-01,DIA-SPY,0.25,both,0.017925630427113655,0.024062466771722024,12.273672689216742,3,124
2021-01-01,DIA-SPY,0.3,either,0.018733546982136508,0.028840555163599877,20.214016362926756,5,124
2021-01-01,DIA-SPY,0.3,both,0.017925630427113655,0.024062466771722024,12.273672689216742,3,124
2021-01-01,DIA-SPY,0.35,either,0.018733546982136508,0.028840555163599877,20.214016362926756,5,124
2021-01-01,DIA-SPY,0.35,both,0.017925630427113655,0.024062466771722024,12.273672689216742,3,124
2021-01-01,DIA-SPY,0.4,either,0.018733546982136508,0.028840555163599877,20.214016362926756,5,124
2021-01-01,DIA-SPY,0.4,both,0.017925630427113655,0.024062466771722024,12.273672689216742,3,124
2021-01-01,DIA-SPY,0.45,either,0.008259150881416885,0.018353846078600154,20.189390394366555,5,124
2021-01-01,DIA-SPY,0.45,both,0.010285079869295973,0.01641067720851308,12.251194678434192,3,124
2021-01-01,DIA-SPY,0.5,either,0.008259150881416885,0.018353846078600154,20.189390394366555,5,124
2021-01-01,DIA-SPY,0.5,both,0.010285079869295973,0.01641067720851308,12.251194678434192,3,124
2021-01-01,DIA-SPY,0.55,either,0.007608479472384683,0.015679481464932223,16.14200398509507,4,124
2021-01-01,DIA-SPY,0.55,both,0.010285079869295973,0.01641067720851308,12.251194678434192,3,124
2021-07-01,AAPL-GOOG,0.05,either,-0.052690167270125626,-0.038563727613748225,28.25287931275485,7,128
2021-07-01,AAPL-GOOG,0.05,both,-0.035175712569627704,-0.026998171470582213,16.35508219809092,4,128
2021-07-01,AAPL-GOOG,0.1,either,-0.052690167270125626,-0.038563727613748225,28.25287931275485,7,128
2021-07-01,AAPL-GOOG,0.1,both,-0.035175712569627704,-0.026998171470582213,16.35508219809092,4,128
2021-07-01,AAPL-GOOG,0.15,either,-0.047668438360360624,-0.037519731285206095,20.29741415030911,5,128
2021-07-01,AAPL-GOOG,0.15,both,-0.0617238736076066,-0.055565982052633606,12.315783109945956,3,128
2021-07-01,AAPL-GOOG,0.2,either,-0.05220273325572104,-0.044065471894843236,16.274522721755634,4,128
2021-07-01,AAPL-GOOG,0.2,both,-0.07780512101845777,-0.07367061528052504,8.26901147586547,2,128
2021-07-01,AAPL-GOOG,0.25,either,-0.05220273325572104,-0.044065471894843236,16.274522721755634,4,128
2021-07-01,AAPL-GOOG,0.25,both,-0.07780512101845777,-0.07367061528052504,8.26901147586547,2,128
2021-07-01,AAPL-GOOG,0.3,either,-0.020452401381962665,-0.014341506832989528,12.221789097946276,3,128
2021-07-01,AAPL-GOOG,0.3,both,-0.07149553628243345,-0.06736926280620312,8.252546952460651,2,128
2021-07-01,AAPL-GOOG,0.35,either,-0.020452401381962665,-0.014341506832989528,12.221789097946276,3,128
2021-07-01,AAPL-GOOG,0.35,both,-0.07149553628243345,-0.06736926280620312,8.252546952460651,2,128
2021-07-01,AAPL-GOOG,0.4,either,-0.029346268250483684,-0.02320393273468041,12.284671031606555,3,128
2021-07-01,AAPL-GOOG,0.4,both,-0.0803894031509545,-0.07623168870789404,8.31542888612093,2,128
2021-07-01,AAPL-GOOG,0.45,either,-0.025131372060176405,-0.018981632205648358,12.299479709056113,3,128
2021-07-01,AAPL-GOOG,0.45,both,-0.07593931142357647,-0.07178009889722686,8.318425052699208,2,128
2021-07-01,AAPL-GOOG,0.5,either,-0.025131372060176405,-0.018981632205648358,12.299479709056113,3,128
2021-07-01,AAPL-GOOG,0.5,both,-0.07593931142357647,-0.07178009889722686,8.318425052699208,2,128
2021-07-01,AAPL-GOOG,0.55,either,-0.025131372060176405,-0.018981632205648358,12.299479709056113,3,128
2021-07-01,AAPL-GOOG,0.55,both,-0.07593931142357647,-0.07178009889722686,8.318425052699208,2,128
2021-07-01,IBM-SPY,0.05,either,0.02940965424596325,0.04139046771411384,23.96162693630118,6,128
2021-07-01,IBM-SPY,0.05,both,0.112482667837913,0.11654158143823451,8.117827200642973,2,128
2021-07-01,IBM-SPY,0.1,either,0.04379742697622886,0.053778886745460594,19.962919538463474,5,128
2021-07-01,IBM-SPY,0.1,both,0.13223666230741643,0.1363000363316906,8.126748048548343,2,128
2021-07-01,IBM-SPY,0.15,either,0.03569665539309359,0.04367545229945822,15.957593812729248,4,128
2021-07-01,IBM-SPY,0.15,both,0.13223666230741643,0.1363000363316906,8.126748048548343,2,128
2021-07-01,IBM-SPY,0.2,either,0.031377156967987506,0.039369378367992654,15.9844428000103,4,128
2021-07-01,IBM-SPY,0.2,both,0.13949420830619552,0.1435630608559684,8.137705099545737,2,128
2021-07-01,IBM-SPY,0.25,either,0.031377156967987506,0.039369378367992654,15.9844428000103,4,128
2021-07-01,IBM-SPY,0.25,both,0.13949420830619552,0.1435630608559684,8.137705099545737,2,128
2021-07-01,IBM-SPY,0.3,either,0.035879477695967846,0.039874853218234516,7.990751044533333,2,128
2021-07-01,IBM-SPY,0.3,both,0.13949420830619552,0.1435630608559684,8.137705099545737,2,128
2021-07-01,IBM-SPY,0.35,either,0.035879477695967846,0.039874853218234516,7.990751044533333,2,128
2021-07-01,IBM-SPY,0.35,both,0.13949420830619552,0.1435630608559684,8.137705099545737,2,128
2021-07-01,IBM-SPY,0.4,either,0.035879477695967846,0.039874853218234516,7.990751044533333,2,128
2021-07-01,IBM-SPY,0.4,both,0.13949420830619552,0.1435630608559684,8.137705099545737,2,128
2021-07-01,IBM-SPY,0.45,either,0.035879477695967846,0.039874853218234516,7.990751044533333,2,128
2021-07-01,IBM-SPY,0.45,both,0.13949420830619552,0.1435630608559684,8.137705099545737,2,128
2021-07-01,IBM-SPY,0.5,either,0.035879477695967846,0.039874853218234516,7.990751044533333,2,128
2021-07-01,IBM-SPY,0.5,both,0.13949420830619552,0.1435630608559684,8.137705099545737,2,128
2021-07-01,IBM-SPY,0.55,either,0.035879477695967846,0.039874853218234516,7.990751044533333,2,128
2021-07-01,IBM-SPY,0.55,both,0.13949420830619552,0.1435630608559684,8.137705099545737,2,128
2021-07-01,DIA-SPY,0.05,either,-0.0440819690037058,-0.024090215702220228,39.98350660297115,10,128
2021-07-01,DIA-SPY,0.05,both,-0.047868844139263074,-0.04379818369279438,8.141320892937383,2,128
2021-07-01,DIA-SPY,0.1,either,-0.043628919909385874,-0.023637283341277494,39.98327313621676,10,128
2021-07-01,DIA-SPY,0.1,both,-0.047868844139263074,-0.04379818369279438,8.141320892937383,2,128
2021-07-01,DIA-SPY,0.15,either,-0.034476507171643175,-0.016472251618520103,36.008511106246154,9,128
2021-07-01,DIA-SPY,0.15,both,-0.039313920683131234,-0.03524835213210041,8.131137102061638,2,128
2021-07-01,DIA-SPY,0.2,either,-0.04611995707029122,-0.028105124089518325,36.029665961545795,9,128
2021-07-01,DIA-SPY,0.2,both,-0.039313920683131234,-0.03524835213210041,8.131137102061638,2,128
2021-07-01,DIA-SPY,0.25,either,-0.03398061190292525,-0.017962677411329855,32.03586898319078,8,128
2021-07-01,DIA-SPY,0.25,both,-0.039313920683131234,-0.03524835213210041,8.131137102061638,2,128
2021-07-01,DIA-SPY,0.3,either,-0.020265235115215663,-0.006277593684071646,27.97528286228803,7,128
2021-07-01,DIA-SPY,0.3,both,-0.039146923870592966,-0.035083934610534356,8.12597852011722,2,128
2021-07-01,DIA-SPY,0.35,either,-0.022166028201102264,-0.008182773470791407,27.966509460621722,7,128
2021-07-01,DIA-SPY,0.35,both,-0.039146923870592966,-0.035083934610534356,8.12597852011722,2,128
2021-07-01,DIA-SPY,0.4,either,-0.02619203356841805,-0.012204099759917191,27.975867617001715,7,128
2021-07-01,DIA-SPY,0.4,both,-0.039146923870592966,-0.035083934610534356,8.12597852011722,2,128
2021-07-01,DIA-SPY,0.45,either,-0.010271532596188088,0.0017011795938074578,23.94542437999109,6,128
2021-07-01,DIA-SPY,0.45,both,-0.03881589096506889,-0.03475624648950318,8.119288951131423,2,128
2021-07-01,DIA-SPY,0.5,either,-0.010271532596188088,0.0017011795938074578,23.94542437999109,6,128
2021-07-01,DIA-SPY,0.5,both,-0.03881589096506889,-0.03475624648950318,8.119288951131423,2,128
2021-07-01,DIA-SPY,0.55,either,-0.005498559573929357,0.0064731526887659065,23.943424525390515,6,128
2021-07-01,DIA-SPY,0.55,both,-0.03881589096506889,-0.03475624648950318,8.119288951131423,2,128
2022-01-01,AAPL-GOOG,0.05,either,-0.019902707635261665,-0.0059507781241069264,27.90385902230947,7,124
2022-01-01,AAPL-GOOG,0.05,both,0.06855243469691291,0.07239141384686158,7.677958299897332,2,124
2022-01-01,AAPL-GOOG,0.1,either,-0.019902707635261665,-0.0059507781241069264,27.90385902230947,7,124
2022-01-01,AAPL-GOOG,0.1,both,0.06855243469691291,0.07239141384686158,7.677958299897332,2,124
2022-01-01,AAPL-GOOG,0.15,either,-0.020029714014970952,-0.01005862233432319,19.94218336129552,5,124
2022-01-01,AAPL-GOOG,0.15,both,0.10455758049308557,0.10844247275467636,7.769784523181626,2,124
2022-01-01,AAPL-GOOG,0.2,either,-0.019762614692858123,-0.011791516019545763,15.942197346624726,4,124
2022-01-01,AAPL-GOOG,0.2,both,0.10455758049308557,0.10844247275467636,7.769784523181626,2,124
2022-01-01,AAPL-GOOG,0.25,either,-0.019762614692858123,-0.011791516019545763,15.942197346624726,4,124
2022-01-01,AAPL-GOOG,0.25,both,0.10455758049308557,0.10844247275467636,7.769784523181626,2,124
2022-01-01,AAPL-GOOG,0.3,either,0.002510560228223875,0.006483507065240963,7.945893674034177,2,124
2022-01-01,AAPL-GOOG,0.3,both,0.10455758049308557,0.10844247275467636,7.769784523181626,2,124
2022-01-01,AAPL-GOOG,0.35,either,0.01388429818363256,0.01590385849320841,4.039120619151701,1,124
2022-01-01,AAPL-GOOG,0.35,both,0.08092031494017529,0.08283024197944637,3.819854078542141,1,124
2022-01-01,AAPL-GOOG,0.4,either,0.0,0.0,0.0,0,124
2022-01-01,AAPL-GOOG,0.4,both,0.0,0.0,0.0,0,124
2022-01-01,AAPL-GOOG,0.45,either,0.0,0.0,0.0,0,124
2022-01-01,AAPL-GOOG,0.45,both,0.0,0.0,0.0,0,124
2022-01-01,AAPL-GOOG,0.5,either,0.0,0.0,0.0,0,124
2022-01-01,AAPL-GOOG,0.5,both,0.0,0.0,0.0,0,124
2022-01-01,AAPL-GOOG,0.55,either,0.0,0.0,0.0,0,124
2022-01-01,AAPL-GOOG,0.55,both,0.0,0.0,0.0,0,124
2022-01-01,IBM-SPY,0.05,either,-0.290054206626576,-0.28013734166257587,19.8337299280003,5,124
2022-01-01,IBM-SPY,0.05,both,-0.2368328075069009,-0.23490392733357646,3.8577603466488464,1,124
2022-01-01,IBM-SPY,0.1,either,-0.28012670314663884,-0.27222055354049485,15.812299212288044,4,124
2022-01-01,IBM-SPY,0.1,both,-0.2368328075069009,-0.23490392733357646,3.8577603466488464,1,124
2022-01-01,IBM-SPY,0.15,either,-0.2529720771292288,-0.24505603101481827,15.832092228821168,4,124
2022-01-01,IBM-SPY,0.15,both,-0.2368328075069009,-0.23490392733357646,3.8577603466488464,1,124
2022-01-01,IBM-SPY,0.2,either,-0.1665377598292746,-0.158678013900896,15.719491856757248,4,124
2022-01-01,IBM-SPY,0.2,both,-0.2368328075069009,-0.23490392733357646,3.8577603466488464,1,124
2022-01-01,IBM-SPY,0.25,either,-0.17129258031295497,-0.16343016977422115,15.724821077467606,4,124
2022-01-01,IBM-SPY,0.25,both,-0.2368328075069009,-0.23490392733357646,3.8577603466488464,1,124
2022-01-01,IBM-SPY,0.3,either,-0.1911231081827055,-0.18324990064392593,15.746415077559158,4,124
2022-01-01,IBM-SPY,0.3,both,-0.2583469317800575,-0.2564065374067632,3.8807887465885953,1,124
2022-01-01,IBM-SPY,0.35,either,-0.18485155741821127,-0.17699955814282317,15.703998550776276,4,124
2022-01-01,IBM-SPY,0.35,both,-0.2583469317800575,-0.2564065374067632,3.8807887465885953,1,124
2022-01-01,IBM-SPY,0.4,either,-0.18485155741821127,-0.17699955814282317,15.703998550776276,4,124
2022-01-01,IBM-SPY,0.4,both,-0.2583469317800575,-0.2564065374067632,3.8807887465885953,1,124
2022-01-01,IBM-SPY,0.45,either,-0.190810513530697,-0.18296237105560126,15.696284950191552,4,124
2022-01-01,IBM-SPY,0.45,both,-0.2583469317800575,-0.2564065374067632,3.8807887465885953,1,124
2022-01-01,IBM-SPY,0.5,either,-0.19986959594370252,-0.192021598737526,15.695994412353006,4,124
2022-01-01,IBM-SPY,0.5,both,-0.2583469317800575,-0.2564065374067632,3.8807887465885953,1,124
2022-01-01,IBM-SPY,0.55,either,-0.19986959594370252,-0.192021598737526,15.695994412353006,4,124
2022-01-01,IBM-SPY,0.55,both,-0.2583469317800575,-0.2564065374067632,3.8807887465885953,1,124
2022-01-01,DIA-SPY,0.05,either,-0.05076381065334364,-0.04894349186473227,3.6406375772227455,1,124
2022-01-01,DIA-SPY,0.05,both,-0.05076381065334364,-0.04894349186473227,3.6406375772227455,1,124
2022-01-01,DIA-SPY,0.1,either,-0.05076381065334364,-0.04894349186473227,3.6406375772227455,1,124
2022-01-01,DIA-SPY,0.1,both,-0.05076381065334364,-0.04894349186473227,3.6406375772227455,1,124
2022-01-01,DIA-SPY,0.15,either,-0.043965689277969074,-0.0421331944710759,3.6649896137863465,1,124
2022-01-01,DIA-SPY,0.15,both,-0.043965689277969074,-0.0421331944710759,3.6649896137863465,1,124
2022-01-01,DIA-SPY,0.2,either,-0.043965689277969074,-0.0421331944710759,3.6649896137863465,1,124
2022-01-01,DIA-SPY,0.2,both,-0.043965689277969074,-0.0421331944710759,3.6649896137863465,1,124
2022-01-01,DIA-SPY,0.25,either,-0.043965689277969074,-0.0421331944710759,3.6649896137863465,1,124
2022-01-01,DIA-SPY,0.25,both,-0.043965689277969074,-0.0421331944710759,3.6649896137863465,1,124
2022-01-01,DIA-SPY,0.3,either,-0.043965689277969074,-0.0421331944710759,3.6649896137863465,1,124
2022-01-01,DIA-SPY,0.3,both,-0.043965689277969074,-0.0421331944710759,3.6649896137863465,1,124
2022-01-01,DIA-SPY,0.35,either,-0.043965689277969074,-0.0421331944710759,3.6649896137863465,1,124
2022-01-01,DIA-SPY,0.35,both,-0.043965689277969074,-0.0421331944710759,3.6649896137863465,1,124
2022-01-01,DIA-SPY,0.4,either,-0.043965689277969074,-0.0421331944710759,3.6649896137863465,1,124
2022-01-01,DIA-SPY,0.4,both,-0.043965689277969074,-0.0421331944710759,3.6649896137863465,1,124
2022-01-01,DIA-SPY,0.45,either,-0.043965689277969074,-0.0421331944710759,3.6649896137863465,1,124
2022-01-01,DIA-SPY,0.45,both,-0.043965689277969074,-0.0421331944710759,3.6649896137863465,1,124
2022-01-01,DIA-SPY,0.5,either,-0.043965689277969074,-0.0421331944710759,3.6649896137863465,1,124
2022-01-01,DIA-SPY,0.5,both,-0.043965689277969074,-0.0421331944710759,3.6649896137863465,1,124
2022-01-01,DIA-SPY,0.55,either,-0.043965689277969074,-0.0421331944710759,3.6649896137863465,1,124
2022-01-01,DIA-SPY,0.55,both,-0.043965689277969074,-0.0421331944710759,3.6649896137863465,1,124
2022-07-01,AAPL-GOOG,0.05,either,-0.0959829774707964,-0.09005489874311152,11.85615745536976,3,127
2022-07-01,AAPL-GOOG,0.05,both,-0.12838882907551852,-0.1244913497139824,7.794958723072194,2,127
2022-07-01,AAPL-GOOG,0.1,either,-0.09009510262626147,-0.08416082667615547,11.86855190021201,3,127
2022-07-01,AAPL-GOOG,0.1,both,-0.12260448968432643,-0.11870097561724717,7.807028134158482,2,127
2022-07-01,AAPL-GOOG,0.15,either,-0.09009510262626147,-0.08416082667615547,11.86855190021201,3,127
2022-07-01,AAPL-GOOG,0.15,both,-0.12260448968432643,-0.11870097561724717,7.807028134158482,2,127
2022-07-01,AAPL-GOOG,0.2,either,-0.09009510262626147,-0.08416082667615547,11.86855190021201,3,127
2022-07-01,AAPL-GOOG,0.2,both,-0.12260448968432643,-0.11870097561724717,7.807028134158482,2,127
2022-07-01,AAPL-GOOG,0.25,either,-0.06354190888851294,-0.05761484425005772,11.854129276910468,3,127
2022-07-01,AAPL-GOOG,0.25,both,-0.12260448968432643,-0.11870097561724717,7.807028134158482,2,127
2022-07-01,AAPL-GOOG,0.3,either,-0.06354190888851294,-0.05761484425005772,11.854129276910468,3,127
2022-07-01,AAPL-GOOG,0.3,both,-0.12260448968432643,-0.11870097561724717,7.807028134158482,2,127
2022-07-01,AAPL-GOOG,0.35,either,-0.06354190888851294,-0.05761484425005772,11.854129276910468,3,127
2022-07-01,AAPL-GOOG,0.35,both,-0.12260448968432643,-0.11870097561724717,7.807028134158482,2,127
2022-07-01,AAPL-GOOG,0.4,either,-0.06357147973616187,-0.05965504246426475,7.832874543794236,2,127
2022-07-01,AAPL-GOOG,0.4,both,-0.05421253662222323,-0.050323651060083394,7.777771124279688,2,127
2022-07-01,AAPL-GOOG,0.45,either,-0.06357147973616187,-0.05965504246426475,7.832874543794236,2,127
2022-07-01,AAPL-GOOG,0.45,both,-0.05421253662222323,-0.050323651060083394,7.777771124279688,2,127
2022-07-01,AAPL-GOOG,0.5,either,-0.05341631233652358,-0.049510060581093904,7.812503510859372,2,127
2022-07-01,AAPL-GOOG,0.5,both,-0.04445735660814604,-0.04057833686564252,7.7580394850070284,2,127
2022-07-01,AAPL-GOOG,0.55,either,-0.05341631233652358,-0.049510060581093904,7.812503510859372,2,127
2022-07-01,AAPL-GOOG,0.55,both,-0.04445735660814604,-0.04057833686564252,7.7580394850070284,2,127
2022-07-01,IBM-SPY,0.05,either,0.06576268646827879,0.07787313734078045,24.22090174500332,6,127
2022-07-01,IBM-SPY,0.05,both,0.03703027052503265,0.039059760326891915,4.058979603718527,1,127
2022-07-01,IBM-SPY,0.1,either,0.07250913002297238,0.08261738677269373,20.21651349944267,5,127
2022-07-01,IBM-SPY,0.1,both,0.03703027052503265,0.039059760326891915,4.058979603718527,1,127
2022-07-01,IBM-SPY,0.15,either,0.07250913002297238,0.08261738677269373,20.21651349944267,5,127
2022-07-01,IBM-SPY,0.15,both,0.03703027052503265,0.039059760326891915,4.058979603718527,1,127
2022-07-01,IBM-SPY,0.2,either,0.07480134906670505,0.08290399683049193,16.205295527573742,4,127
2022-07-01,IBM-SPY,0.2,both,0.03703027052503265,0.039059760326891915,4.058979603718527,1,127
2022-07-01,IBM-SPY,0.25,either,0.07479136992755415,0.08289065519480411,16.19857053449987,4,127
2022-07-01,IBM-SPY,0.25,both,0.036938315339687694,0.038964358134511566,4.052085589647739,1,127
2022-07-01,IBM-SPY,0.3,either,0.07039872944072871,0.07648709005129961,12.176721221141754,3,127
2022-07-01,IBM-SPY,0.3,both,0.036938315339687694,0.038964358134511566,4.052085589647739,1,127
2022-07-01,IBM-SPY,0.35,either,0.05304645244161292,0.059128679828439695,12.164454773653533,3,127
2022-07-01,IBM-SPY,0.35,both,0.036938315339687694,0.038964358134511566,4.052085589647739,1,127
2022-07-01,IBM-SPY,0.4,either,0.042450280179789995,0.04853080142469424,12.161042489808507,3,127
2022-07-01,IBM-SPY,0.4,both,0.036938315339687694,0.038964358134511566,4.052085589647739,1,127
2022-07-01,IBM-SPY,0.45,either,0.042609311220491,0.0466747608342947,8.130899227607363,2,127
2022-07-01,IBM-SPY,0.45,both,0.036938315339687694,0.038964358134511566,4.052085589647739,1,127
2022-07-01,IBM-SPY,0.5,either,0.06097732935802434,0.06504087253322921,8.12708635040973,2,127
2022-07-01,IBM-SPY,0.5,both,0.036938315339687694,0.038964358134511566,4.052085589647739,1,127
2022-07-01,IBM-SPY,0.55,either,0.06097732935802434,0.06504087253322921,8.12708635040973,2,127
2022-07-01,IBM-SPY,0.55,both,0.036938315339687694,0.038964358134511566,4.052085589647739,1,127
2022-07-01,DIA-SPY,0.05,either,-0.023285462161232225,-0.007289865022606652,31.991194277251143,8,127
2022-07-01,DIA-SPY,0.05,both,-0.01847669398846048,-0.008427405165692795,20.098577645535368,5,127
2022-07-01,DIA-SPY,0.1,either,-0.016342080326502095,-0.00233552230885687,28.013116035290437,7,127
2022-07-01,DIA-SPY,0.1,both,-0.01847669398846048,-0.008427405165692795,20.098577645535368,5,127
2022-07-01,DIA-SPY,0.15,either,-0.01920966032449625,-0.007192349236284961,24.034622176422577,6,127
2022-07-01,DIA-SPY,0.15,both,-0.021704112198216722,-0.01364321598343101,16.121792429571443,4,127
2022-07-01,DIA-SPY,0.2,either,-0.017215831434646393,-0.0052175623599696455,23.996538149353512,6,127
2022-07-01,DIA-SPY,0.2,both,-0.021704112198216722,-0.01364321598343101,16.121792429571443,4,127
2022-07-01,DIA-SPY,0.25,either,-0.018838589873669983,-0.006843802975184255,23.98957379697147,6,127
2022-07-01,DIA-SPY,0.25,both,-0.02339566578248051,-0.015338464944435144,16.11440167609073,4,127
2022-07-01,DIA-SPY,0.3,either,-0.014986779100462352,-0.00698345978754955,16.006638625825595,4,127
2022-07-01,DIA-SPY,0.3,both,-0.027129804728338553,-0.02101319026249454,12.233228931688046,3,127
2022-07-01,DIA-SPY,0.35,either,-0.01832834245527634,-0.010344245131324287,15.968194647904097,4,127
2022-07-01,DIA-SPY,0.35,both,-0.02860186780877359,-0.022507226442985008,12.189282731577173,3,127
2022-07-01,DIA-SPY,0.4,either,-0.012961768200575513,-0.0049618421954882716,15.999852010174477,4,127
2022-07-01,DIA-SPY,0.4,both,-0.022959136408680744,-0.016847915906679514,12.22244100400245,3,127
2022-07-01,DIA-SPY,0.45,either,-0.012961768200575513,-0.0049618421954882716,15.999852010174477,4,127
2022-07-01,DIA-SPY,0.45,both,-0.022959136408680744,-0.016847915906679514,12.22244100400245,3,127
2022-07-01,DIA-SPY,0.5,either,-0.020424696776290188,-0.014435788525482286,11.977816501615784,3,127
2022-07-01,DIA-SPY,0.5,both,-0.02747534491210418,-0.0213777973839889,12.195095056230546,3,127
2022-07-01,DIA-SPY,0.55,either,-0.025659197481110927,-0.019662452173450258,11.993490615321335,3,127
2022-07-01,DIA-SPY,0.55,both,-0.03294631324438996,-0.02684055988402466,12.211506720730615,3,127
2023-01-01,AAPL-GOOG,0.05,either,0.21357360040293238,0.22594765944811332,24.748118090361857,6,124
2023-01-01,AAPL-GOOG,0.05,both,0.22847591771634634,0.23481638574450586,12.680936056319013,3,124
2023-01-01,AAPL-GOOG,0.1,either,0.21357360040293238,0.22594765944811332,24.748118090361857,6,124
2023-01-01,AAPL-GOOG,0.1,both,0.22847591771634634,0.23481638574450586,12.680936056319013,3,124
2023-01-01,AAPL-GOOG,0.15,either,0.21357360040293238,0.22594765944811332,24.748118090361857,6,124
2023-01-01,AAPL-GOOG,0.15,both,0.22847591771634634,0.23481638574450586,12.680936056319013,3,124
2023-01-01,AAPL-GOOG,0.2,either,0.21357360040293238,0.22594765944811332,24.748118090361857,6,124
2023-01-01,AAPL-GOOG,0.2,both,0.22847591771634634,0.23481638574450586,12.680936056319013,3,124
2023-01-01,AAPL-GOOG,0.25,either,0.21357360040293238,0.22594765944811332,24.748118090361857,6,124
2023-01-01,AAPL-GOOG,0.25,both,0.22847591771634634,0.23481638574450586,12.680936056319013,3,124
2023-01-01,AAPL-GOOG,0.3,either,0.18244460776354282,0.1928302873713094,20.771359215533085,5,124
2023-01-01,AAPL-GOOG,0.3,both,0.22847591771634634,0.23481638574450586,12.680936056319013,3,124
2023-01-01,AAPL-GOOG,0.35,either,0.20302523351180635,0.21339513381488534,20.73980060615793,5,124
2023-01-01,AAPL-GOOG,0.35,both,0.22847591771634634,0.23481638574450586,12.680936056319013,3,124
2023-01-01,AAPL-GOOG,0.4,either,0.20302523351180635,0.21339513381488534,20.73980060615793,5,124
2023-01-01,AAPL-GOOG,0.4,both,0.22847591771634634,0.23481638574450586,12.680936056319013,3,124
2023-01-01,AAPL-GOOG,0.45,either,0.20302523351180635,0.21339513381488534,20.73980060615793,5,124
2023-01-01,AAPL-GOOG,0.45,both,0.22847591771634634,0.23481638574450586,12.680936056319013,3,124
2023-01-01,AAPL-GOOG,0.5,either,0.1730358671713031,0.1813959678520029,16.720201361399603,4,124
2023-01-01,AAPL-GOOG,0.5,both,0.1984865513758431,0.20281721978162343,8.66133681156068,2,124
2023-01-01,AAPL-GOOG,0.55,either,0.12808035465265333,0.13446839148315573,12.776073661004798,3,124
2023-01-01,AAPL-GOOG,0.55,both,0.1984865513758431,0.20281721978162343,8.66133681156068,2,124
2023-01-01,IBM-SPY,0.05,either,-0.16302392457346623,-0.15895590808474144,8.136032977449624,2,124
2023-01-01,IBM-SPY,0.05,both,-0.14872015383499557,-0.14463347507400134,8.173357521988459,2,124
2023-01-01,IBM-SPY,0.1,either,-0.16302392457346623,-0.15895590808474144,8.136032977449624,2,124
2023-01-01,IBM-SPY,0.1,both,-0.14872015383499557,-0.14463347507400134,8.173357521988459,2,124
2023-01-01,IBM-SPY,0.15,either,-0.16302392457346623,-0.15895590808474144,8.136032977449624,2,124
2023-01-01,IBM-SPY,0.15,both,-0.14872015383499557,-0.14463347507400134,8.173357521988459,2,124
2023-01-01,IBM-SPY,0.2,either,-0.16302392457346623,-0.15895590808474144,8.136032977449624,2,124
2023-01-01,IBM-SPY,0.2,both,-0.14872015383499557,-0.14463347507400134,8.173357521988459,2,124
2023-01-01,IBM-SPY,0.25,either,-0.16302392457346623,-0.15895590808474144,8.136032977449624,2,124
2023-01-01,IBM-SPY,0.25,both,-0.14872015383499557,-0.14463347507400134,8.173357521988459,2,124
2023-01-01,IBM-SPY,0.3,either,-0.17285347983873706,-0.1687820104367765,8.142938803921167,2,124
2023-01-01,IBM-SPY,0.3,both,-0.15854970910026644,-0.15445957742603642,8.180263348460002,2,124
2023-01-01,IBM-SPY,0.35,either,-0.17486690811679026,-0.1728041114289359,4.125593375708693,1,124
2023-01-01,IBM-SPY,0.35,both,-0.17486690811679026,-0.1728041114289359,4.125593375708693,1,124
2023-01-01,IBM-SPY,0.4,either,-0.17486690811679026,-0.1728041114289359,4.125593375708693,1,124
2023-01-01,IBM-SPY,0.4,both,-0.17486690811679026,-0.1728041114289359,4.125593375708693,1,124
2023-01-01,IBM-SPY,0.45,either,-0.17486690811679026,-0.1728041114289359,4.125593375708693,1,124
2023-01-01,IBM-SPY,0.45,both,-0.17486690811679026,-0.1728041114289359,4.125593375708693,1,124
2023-01-01,IBM-SPY,0.5,either,-0.17486690811679026,-0.1728041114289359,4.125593375708693,1,124
2023-01-01,IBM-SPY,0.5,both,-0.17486690811679026,-0.1728041114289359,4.125593375708693,1,124
2023-01-01,IBM-SPY,0.55,either,-0.17486690811679026,-0.1728041114289359,4.125593375708693,1,124
2023-01-01,IBM-SPY,0.55,both,-0.17486690811679026,-0.1728041114289359,4.125593375708693,1,124
2023-01-01,DIA-SPY,0.05,either,-0.10633333875880113,-0.09823878570909812,16.189106099406057,4,124
2023-01-01,DIA-SPY,0.05,both,-0.11428389996400627,-0.10819591368789747,12.175972552217619,3,124
2023-01-01,DIA-SPY,0.1,either,-0.10633333875880113,-0.09823878570909812,16.189106099406057,4,124
2023-01-01,DIA-SPY,0.1,both,-0.11428389996400627,-0.10819591368789747,12.175972552217619,3,124
2023-01-01,DIA-SPY,0.15,either,-0.10532448586652085,-0.09721140764296154,16.22615644711859,4,124
2023-01-01,DIA-SPY,0.15,both,-0.11428389996400627,-0.10819591368789747,12.175972552217619,3,124
2023-01-01,DIA-SPY,0.2,either,-0.10454486059292241,-0.0984381816921791,12.213357801486602,3,124
2023-01-01,DIA-SPY,0.2,both,-0.11350427469040783,-0.109422687737115,8.163173906585634,2,124
2023-01-01,DIA-SPY,0.25,either,-0.10454486059292241,-0.0984381816921791,12.213357801486602,3,124
2023-01-01,DIA-SPY,0.25,both,-0.11350427469040783,-0.109422687737115,8.163173906585634,2,124
2023-01-01,DIA-SPY,0.3,either,-0.10454486059292241,-0.0984381816921791,12.213357801486602,3,124
2023-01-01,DIA-SPY,0.3,both,-0.11350427469040783,-0.109422687737115,8.163173906585634,2,124
2023-01-01,DIA-SPY,0.35,either,-0.10170324820519201,-0.09760002954135807,8.206437327667857,2,124
2023-01-01,DIA-SPY,0.35,both,-0.10170324820519201,-0.09760002954135807,8.206437327667857,2,124
2023-01-01,DIA-SPY,0.4,either,-0.09976308210779235,-0.09767108487107085,4.183994473442979,1,124
2023-01-01,DIA-SPY,0.4,both,-0.09976308210779235,-0.09767108487107085,4.183994473442979,1,124
2023-01-01,DIA-SPY,0.45,either,-0.09976308210779235,-0.09767108487107085,4.183994473442979,1,124
2023-01-01,DIA-SPY,0.45,both,-0.09976308210779235,-0.09767108487107085,4.183994473442979,1,124
2023-01-01,DIA-SPY,0.5,either,-0.09976308210779235,-0.09767108487107085,4.183994473442979,1,124
2023-01-01,DIA-SPY,0.5,both,-0.09976308210779235,-0.09767108487107085,4.183994473442979,1,124
2023-01-01,DIA-SPY,0.55,either,-0.09976308210779235,-0.09767108487107085,4.183994473442979,1,124
2023-01-01,DIA-SPY,0.55,both,-0.09976308210779235,-0.09767108487107085,4.183994473442979,1,124
2023-07-01,AAPL-GOOG,0.05,either,-0.14235041515803037,-0.14027132141786697,4.158187480326803,1,126
2023-07-01,AAPL-GOOG,0.05,both,-0.14235041515803037,-0.14027132141786697,4.158187480326803,1,126
2023-07-01,AAPL-GOOG,0.1,either,-0.14235041515803037,-0.14027132141786697,4.158187480326803,1,126
2023-07-01,AAPL-GOOG,0.1,both,-0.14235041515803037,-0.14027132141786697,4.158187480326803,1,126
2023-07-01,AAPL-GOOG,0.15,either,-0.14235041515803037,-0.14027132141786697,4.158187480326803,1,126
2023-07-01,AAPL-GOOG,0.15,both,-0.14235041515803037,-0.14027132141786697,4.158187480326803,1,126
2023-07-01,AAPL-GOOG,0.2,either,-0.14235041515803037,-0.14027132141786697,4.158187480326803,1,126
2023-07-01,AAPL-GOOG,0.2,both,-0.14235041515803037,-0.14027132141786697,4.158187480326803,1,126
2023-07-01,AAPL-GOOG,0.25,either,-0.14235041515803037,-0.14027132141786697,4.158187480326803,1,126
2023-07-01,AAPL-GOOG,0.25,both,-0.14235041515803037,-0.14027132141786697,4.158187480326803,1,126
2023-07-01,AAPL-GOOG,0.3,either,-0.14235041515803037,-0.14027132141786697,4.158187480326803,1,126
2023-07-01,AAPL-GOOG,0.3,both,-0.14235041515803037,-0.14027132141786697,4.158187480326803,1,126
2023-07-01,AAPL-GOOG,0.35,either,-0.16103747647276842,-0.1589515672887911,4.171818367954648,1,126
2023-07-01,AAPL-GOOG,0.35,both,-0.16103747647276842,-0.1589515672887911,4.171818367954648,1,126
2023-07-01,AAPL-GOOG,0.4,either,-0.16103747647276842,-0.1589515672887911,4.171818367954648,1,126
2023-07-01,AAPL-GOOG,0.4,both,-0.16103747647276842,-0.1589515672887911,4.171818367954648,1,126
2023-07-01,AAPL-GOOG,0.45,either,-0.16103747647276842,-0.1589515672887911,4.171818367954648,1,126
2023-07-01,AAPL-GOOG,0.45,both,-0.16103747647276842,-0.1589515672887911,4.171818367954648,1,126
2023-07-01,AAPL-GOOG,0.5,either,-0.16103747647276842,-0.1589515672887911,4.171818367954648,1,126
2023-07-01,AAPL-GOOG,0.5,both,-0.16103747647276842,-0.1589515672887911,4.171818367954648,1,126
2023-07-01,AAPL-GOOG,0.55,either,-0.16103747647276842,-0.1589515672887911,4.171818367954648,1,126
2023-07-01,AAPL-GOOG,0.55,both,-0.16103747647276842,-0.1589515672887911,4.171818367954648,1,126
2023-07-01,IBM-SPY,0.05,either,-0.11506378036384106,-0.10693475782410018,16.25804507948177,4,126
2023-07-01,IBM-SPY,0.05,both,-0.181432372978647,-0.1772699351697205,8.324875617853039,2,126
2023-07-01,IBM-SPY,0.1,either,-0.11644446028184444,-0.10833596759461896,16.216985374450967,4,126
2023-07-01,IBM-SPY,0.1,both,-0.17389417266142917,-0.16974239195717672,8.303561408504843,2,126
2023-07-01,IBM-SPY,0.15,either,-0.10577444672678599,-0.09966005225876871,12.22878893603459,3,126
2023-07-01,IBM-SPY,0.15,both,-0.1788326501356865,-0.17665502518984963,4.355249891673723,1,126
2023-07-01,IBM-SPY,0.2,either,-0.10185669468518288,-0.09774073522614858,8.23191891806859,2,126
2023-07-01,IBM-SPY,0.2,both,-0.1642420553867667,-0.16207861198060228,4.326886812328825,1,126
2023-07-01,IBM-SPY,0.25,either,-0.10185669468518288,-0.09774073522614858,8.23191891806859,2,126
2023-07-01,IBM-SPY,0.25,both,-0.1642420553867667,-0.16207861198060228,4.326886812328825,1,126
2023-07-01,IBM-SPY,0.3,either,-0.10185669468518288,-0.09774073522614858,8.23191891806859,2,126
2023-07-01,IBM-SPY,0.3,both,-0.1642420553867667,-0.16207861198060228,4.326886812328825,1,126
2023-07-01,IBM-SPY,0.35,either,-0.12201806575590021,-0.11790015931709559,8.235812877609263,2,126
2023-07-01,IBM-SPY,0.35,both,-0.18787381984007087,-0.1857072014171253,4.333236845891168,1,126
2023-07-01,IBM-SPY,0.4,either,-0.12201806575590021,-0.11790015931709559,8.235812877609263,2,126
2023-07-01,IBM-SPY,0.4,both,-0.18787381984007087,-0.1857072014171253,4.333236845891168,1,126
2023-07-01,IBM-SPY,0.45,either,-0.12201806575590021,-0.11790015931709559,8.235812877609263,2,126
2023-07-01,IBM-SPY,0.45,both,-0.18787381984007087,-0.1857072014171253,4.333236845891168,1,126
2023-07-01,IBM-SPY,0.5,either,-0.12201806575590021,-0.11790015931709559,8.235812877609263,2,126
2023-07-01,IBM-SPY,0.5,both,-0.18787381984007087,-0.1857072014171253,4.333236845891168,1,126
2023-07-01,IBM-SPY,0.55,either,-0.12201806575590021,-0.11790015931709559,8.235812877609263,2,126
2023-07-01,IBM-SPY,0.55,both,-0.18787381984007087,-0.1857072014171253,4.333236845891168,1,126
2023-07-01,DIA-SPY,0.05,either,-0.018463100015707827,-0.012367622693280147,12.190954644855369,3,126
2023-07-01,DIA-SPY,0.05,both,-0.016034318230834815,-0.01194592070961972,8.176795042430188,2,126
2023-07-01,DIA-SPY,0.1,either,-0.02048403102380406,-0.014390272999502598,12.187516048602928,3,126
2023-07-01,DIA-SPY,0.1,both,-0.01814566464363131,-0.014059081503040301,8.17316628118201,2,126
2023-07-01,DIA-SPY,0.15,either,-0.01769866702769991,-0.011595457790153287,12.20641847509324,3,126
2023-07-01,DIA-SPY,0.15,both,-0.01536030064752715,-0.011264266293690987,8.192068707672322,2,126
2023-07-01,DIA-SPY,0.2,either,-0.013225765048381768,-0.009123945171824483,8.203639753114551,2,126
2023-07-01,DIA-SPY,0.2,both,-0.013225765048381768,-0.009123945171824483,8.203639753114551,2,126
2023-07-01,DIA-SPY,0.25,either,-0.013225765048381768,-0.009123945171824483,8.203639753114551,2,126
2023-07-01,DIA-SPY,0.25,both,-0.013225765048381768,-0.009123945171824483,8.203639753114551,2,126
2023-07-01,DIA-SPY,0.3,either,-0.01828006768109369,-0.014185978552275463,8.188178257636459,2,126
2023-07-01,DIA-SPY,0.3,both,-0.01828006768109369,-0.014185978552275463,8.188178257636459,2,126
2023-07-01,DIA-SPY,0.35,either,-0.01828006768109369,-0.014185978552275463,8.188178257636459,2,126
2023-07-01,DIA-SPY,0.35,both,-0.01828006768109369,-0.014185978552275463,8.188178257636459,2,126
2023-07-01,DIA-SPY,0.4,either,-0.01828006768109369,-0.014185978552275463,8.188178257636459,2,126
2023-07-01,DIA-SPY,0.4,both,-0.01828006768109369,-0.014185978552275463,8.188178257636459,2,126
2023-07-01,DIA-SPY,0.45,either,-0.015345701233315882,-0.01124753977056777,8.196322925496215,2,126
2023-07-01,DIA-SPY,0.45,both,-0.015345701233315882,-0.01124753977056777,8.196322925496215,2,126
2023-07-01,DIA-SPY,0.5,either,-0.004836595799767035,-0.0007278831094773223,8.217425380579424,2,126
2023-07-01,DIA-SPY,0.5,both,-0.004836595799767035,-0.0007278831094773223,8.217425380579424,2,126
2023-07-01,DIA-SPY,0.55,either,-0.004836595799767035,-0.0007278831094773223,8.217425380579424,2,126
2023-07-01,DIA-SPY,0.55,both,-0.004836595799767035,-0.0007278831094773223,8.217425380579424,2,126
2024-01-01,AAPL-GOOG,0.05,either,-0.16436507892947863,-0.1621378782109157,4.454401437125897,1,124
2024-01-01,AAPL-GOOG,0.05,both,-0.16436507892947863,-0.1621378782109157,4.454401437125897,1,124
2024-01-01,AAPL-GOOG,0.1,either,-0.16436507892947863,-0.1621378782109157,4.454401437125897,1,124
2024-01-01,AAPL-GOOG,0.1,both,-0.16436507892947863,-0.1621378782109157,4.454401437125897,1,124
2024-01-01,AAPL-GOOG,0.15,either,-0.16436507892947863,-0.1621378782109157,4.454401437125897,1,124
2024-01-01,AAPL-GOOG,0.15,both,-0.16436507892947863,-0.1621378782109157,4.454401437125897,1,124
2024-01-01,AAPL-GOOG,0.2,either,-0.16436507892947863,-0.1621378782109157,4.454401437125897,1,124
2024-01-01,AAPL-GOOG,0.2,both,-0.16436507892947863,-0.1621378782109157,4.454401437125897,1,124
2024-01-01,AAPL-GOOG,0.25,either,-0.1716279731870179,-0.16938240684795583,4.491132678124139,1,124
2024-01-01,AAPL-GOOG,0.25,both,-0.1716279731870179,-0.16938240684795583,4.491132678124139,1,124
2024-01-01,AAPL-GOOG,0.3,either,-0.1716279731870179,-0.16938240684795583,4.491132678124139,1,124
2024-01-01,AAPL-GOOG,0.3,both,-0.1716279731870179,-0.16938240684795583,4.491132678124139,1,124
2024-01-01,AAPL-GOOG,0.35,either,-0.1716279731870179,-0.16938240684795583,4.491132678124139,1,124
2024-01-01,AAPL-GOOG,0.35,both,-0.1716279731870179,-0.16938240684795583,4.491132678124139,1,124
2024-01-01,AAPL-GOOG,0.4,either,-0.1716279731870179,-0.16938240684795583,4.491132678124139,1,124
2024-01-01,AAPL-GOOG,0.4,both,-0.1716279731870179,-0.16938240684795583,4.491132678124139,1,124
2024-01-01,AAPL-GOOG,0.45,either,-0.1716279731870179,-0.16938240684795583,4.491132678124139,1,124
2024-01-01,AAPL-GOOG,0.45,both,-0.1716279731870179,-0.16938240684795583,4.491132678124139,1,124
2024-01-01,AAPL-GOOG,0.5,either,-0.1716279731870179,-0.16938240684795583,4.491132678124139,1,124
2024-01-01,AAPL-GOOG,0.5,both,-0.1716279731870179,-0.16938240684795583,4.491132678124139,1,124
2024-01-01,AAPL-GOOG,0.55,either,-0.1716279731870179,-0.16938240684795583,4.491132678124139,1,124
2024-01-01,AAPL-GOOG,0.55,both,-0.1716279731870179,-0.16938240684795583,4.491132678124139,1,124
2024-01-01,IBM-SPY,0.05,either,-0.01293737241040114,0.007247698406982528,40.37014163476733,10,124
2024-01-01,IBM-SPY,0.05,both,-0.13427623969845032,-0.12813862684150049,12.275225713899669,3,124
2024-01-01,IBM-SPY,0.1,either,-0.004193362089590452,0.01200411013716833,32.39494445351755,8,124
2024-01-01,IBM-SPY,0.1,both,-0.13607257315113636,-0.12994149792713366,12.262150448005372,3,124
2024-01-01,IBM-SPY,0.15,either,-0.017729048816970037,-0.0015488267130332745,32.36044420787357,8,124
2024-01-01,IBM-SPY,0.15,both,-0.14244807362383927,-0.1363197481956005,12.256650856477531,3,124
2024-01-01,IBM-SPY,0.2,either,-0.017729048816970037,-0.0015488267130332745,32.36044420787357,8,124
2024-01-01,IBM-SPY,0.2,both,-0.14244807362383927,-0.1363197481956005,12.256650856477531,3,124
2024-01-01,IBM-SPY,0.25,either,-0.027714450862796267,-0.01555905876303413,24.310784199524278,6,124
2024-01-01,IBM-SPY,0.25,both,-0.17301618155752957,-0.16890116564541766,8.230031824223769,2,124
2024-01-01,IBM-SPY,0.3,either,-0.027714450862796267,-0.01555905876303413,24.310784199524278,6,124
2024-01-01,IBM-SPY,0.3,both,-0.17301618155752957,-0.16890116564541766,8.230031824223769,2,124
2024-01-01,IBM-SPY,0.35,either,-0.027714450862796267,-0.01555905876303413,24.310784199524278,6,124
2024-01-01,IBM-SPY,0.35,both,-0.17301618155752957,-0.16890116564541766,8.230031824223769,2,124
2024-01-01,IBM-SPY,0.4,either,-0.03190375245868279,-0.02175858751428615,20.290329888793273,5,124
2024-01-01,IBM-SPY,0.4,both,-0.17301618155752957,-0.16890116564541766,8.230031824223769,2,124
2024-01-01,IBM-SPY,0.45,either,-0.03567073060309701,-0.025535695815759783,20.27006957467445,5,124
2024-01-01,IBM-SPY,0.45,both,-0.17540592977122996,-0.17130088389541487,8.210091751630161,2,124
2024-01-01,IBM-SPY,0.5,either,-0.038003673496162536,-0.029851491347996008,16.30436429633307,4,124
2024-01-01,IBM-SPY,0.5,both,-0.06832868710641307,-0.06415673570848021,8.343902795865745,2,124
2024-01-01,IBM-SPY,0.55,either,-0.02217799854345945,-0.014062221413427303,16.23155426006433,4,124
2024-01-01,IBM-SPY,0.55,both,-0.055570102043523806,-0.05143785919569418,8.264485695659236,2,124
2024-01-01,DIA-SPY,0.05,either,-0.05371761510527863,-0.0356638803314783,36.10746954760066,9,124
2024-01-01,DIA-SPY,0.05,both,-0.05269775192793026,-0.04262782521690252,20.139853422055495,5,124
2024-01-01,DIA-SPY,0.1,either,-0.047499943012467655,-0.03145244292773096,32.095000169473366,8,124
2024-01-01,DIA-SPY,0.1,both,-0.05269775192793026,-0.04262782521690252,20.139853422055495,5,124
2024-01-01,DIA-SPY,0.15,either,-0.05121080010088842,-0.03716703721092643,28.08752577992398,7,124
2024-01-01,DIA-SPY,0.15,both,-0.05269775192793026,-0.04262782521690252,20.139853422055495,5,124
2024-01-01,DIA-SPY,0.2,either,-0.04936729776348281,-0.03730983324133702,24.114929044291586,6,124
2024-01-01,DIA-SPY,0.2,both,-0.0510191229147567,-0.040950393766319926,20.13745829687354,5,124
2024-01-01,DIA-SPY,0.25,either,-0.04951211981741923,-0.03745569361265946,24.11285240951953,6,124
2024-01-01,DIA-SPY,0.25,both,-0.050104014151500835,-0.04203121119569623,16.145605911609216,4,124
2024-01-01,DIA-SPY,0.3,either,-0.04951211981741923,-0.03745569361265946,24.11285240951953,6,124
2024-01-01,DIA-SPY,0.3,both,-0.050104014151500835,-0.04203121119569623,16.145605911609216,4,124
2024-01-01,DIA-SPY,0.35,either,-0.0442192387974301,-0.03417006251474307,20.09835256537406,5,124
2024-01-01,DIA-SPY,0.35,both,-0.04673964086117172,-0.03868907736665764,16.101126989028188,4,124
2024-01-01,DIA-SPY,0.4,either,-0.034222114189181474,-0.026167948979133382,16.10833042009617,4,124
2024-01-01,DIA-SPY,0.4,both,-0.040861550652453914,-0.03480352712880576,12.116047047296302,3,124
2024-01-01,DIA-SPY,0.45,either,-0.034222114189181474,-0.026167948979133382,16.10833042009617,4,124
2024-01-01,DIA-SPY,0.45,both,-0.040861550652453914,-0.03480352712880576,12.116047047296302,3,124
2024-01-01,DIA-SPY,0.5,either,-0.03996960046611399,-0.03391651840673812,12.106164118751746,3,124
2024-01-01,DIA-SPY,0.5,both,-0.03783205380040683,-0.031773661346909676,12.116784906994301,3,124
2024-01-01,DIA-SPY,0.55,either,-0.04116616070880947,-0.0351082639709724,12.11579347567415,3,124
2024-01-01,DIA-SPY,0.55,both,-0.03902008537018979,-0.03295694444104798,12.126281858283635,3,124
2024-07-01,AAPL-GOOG,0.05,either,-0.11270391730898356,-0.10862641321897208,8.155008180022914,2,128
2024-07-01,AAPL-GOOG,0.05,both,-0.1185001782218312,-0.11641894198402289,4.162472475616582,1,128
2024-07-01,AAPL-GOOG,0.1,either,-0.11270391730898356,-0.10862641321897208,8.155008180022914,2,128
2024-07-01,AAPL-GOOG,0.1,both,-0.1185001782218312,-0.11641894198402289,4.162472475616582,1,128
2024-07-01,AAPL-GOOG,0.15,either,-0.11270391730898356,-0.10862641321897208,8.155008180022914,2,128
2024-07-01,AAPL-GOOG,0.15,both,-0.1185001782218312,-0.11641894198402289,4.162472475616582,1,128
2024-07-01,AAPL-GOOG,0.2,either,-0.11270391730898356,-0.10862641321897208,8.155008180022914,2,128
2024-07-01,AAPL-GOOG,0.2,both,-0.1185001782218312,-0.11641894198402289,4.162472475616582,1,128
2024-07-01,AAPL-GOOG,0.25,either,-0.08841722547525106,-0.0863831327451531,4.0681854601959495,1,128
2024-07-01,AAPL-GOOG,0.25,both,-0.08841722547525106,-0.0863831327451531,4.0681854601959495,1,128
2024-07-01,AAPL-GOOG,0.3,either,-0.08841722547525106,-0.0863831327451531,4.0681854601959495,1,128
2024-07-01,AAPL-GOOG,0.3,both,-0.08841722547525106,-0.0863831327451531,4.0681854601959495,1,128
2024-07-01,AAPL-GOOG,0.35,either,-0.08841722547525106,-0.0863831327451531,4.0681854601959495,1,128
2024-07-01,AAPL-GOOG,0.35,both,-0.08841722547525106,-0.0863831327451531,4.0681854601959495,1,128
2024-07-01,AAPL-GOOG,0.4,either,-0.08841722547525106,-0.0863831327451531,4.0681854601959495,1,128
2024-07-01,AAPL-GOOG,0.4,both,-0.08841722547525106,-0.0863831327451531,4.0681854601959495,1,128
2024-07-01,AAPL-GOOG,0.45,either,-0.0686457726849149,-0.06659038183477503,4.110781700279718,1,128
2024-07-01,AAPL-GOOG,0.45,both,-0.0686457726849149,-0.06659038183477503,4.110781700279718,1,128
2024-07-01,AAPL-GOOG,0.5,either,-0.0686457726849149,-0.06659038183477503,4.110781700279718,1,128
2024-07-01,AAPL-GOOG,0.5,both,-0.0686457726849149,-0.06659038183477503,4.110781700279718,1,128
2024-07-01,AAPL-GOOG,0.55,either,-0.0686457726849149,-0.06659038183477503,4.110781700279718,1,128
2024-07-01,AAPL-GOOG,0.55,both,-0.0686457726849149,-0.06659038183477503,4.110781700279718,1,128
2024-07-01,IBM-SPY,0.05,either,-0.001005258236619705,0.011089300739360666,24.189117951960725,6,128
2024-07-01,IBM-SPY,0.05,both,-0.1883447779214877,-0.1861772894657754,4.334976911424638,1,128
2024-07-01,IBM-SPY,0.1,either,-0.001005258236619705,0.011089300739360666,24.189117951960725,6,128
2024-07-01,IBM-SPY,0.1,both,-0.1883447779214877,-0.1861772894657754,4.334976911424638,1,128
2024-07-01,IBM-SPY,0.15,either,-0.006148611210739077,0.0019479488572435727,16.193120135965323,4,128
2024-07-01,IBM-SPY,0.15,both,-0.0707632173576135,-0.0686333483764237,4.259737962379615,1,128
2024-07-01,IBM-SPY,0.2,either,0.007825623729683692,0.01391858219194049,12.18591692451362,3,128
2024-07-01,IBM-SPY,0.2,both,-0.0707632173576135,-0.0686333483764237,4.259737962379615,1,128
2024-07-01,IBM-SPY,0.25,either,0.007294595392917783,0.013384760063675824,12.180329341516085,3,128
2024-07-01,IBM-SPY,0.25,both,-0.0707632173576135,-0.0686333483764237,4.259737962379615,1,128
2024-07-01,IBM-SPY,0.3,either,0.007294595392917783,0.013384760063675824,12.180329341516085,3,128
2024-07-01,IBM-SPY,0.3,both,-0.0707632173576135,-0.0686333483764237,4.259737962379615,1,128
2024-07-01,IBM-SPY,0.35,either,0.007294595392917783,0.013384760063675824,12.180329341516085,3,128
2024-07-01,IBM-SPY,0.35,both,-0.0707632173576135,-0.0686333483764237,4.259737962379615,1,128
2024-07-01,IBM-SPY,0.4,either,0.002288148092641773,0.008357777411439213,12.139258637594908,3,128
2024-07-01,IBM-SPY,0.4,both,-0.08428821986811273,-0.08216371963736789,4.2490004614897305,1,128
2024-07-01,IBM-SPY,0.45,either,0.03703588762972268,0.04307971006720926,12.08764487497315,3,128
2024-07-01,IBM-SPY,0.45,both,-0.08428821986811273,-0.08216371963736789,4.2490004614897305,1,128
2024-07-01,IBM-SPY,0.5,either,0.044099694929333424,0.0501298743721173,12.060358885567712,3,128
2024-07-01,IBM-SPY,0.5,both,-0.08428821986811273,-0.08216371963736789,4.2490004614897305,1,128
2024-07-01,IBM-SPY,0.55,either,0.044099694929333424,0.0501298743721173,12.060358885567712,3,128
2024-07-01,IBM-SPY,0.55,both,-0.08428821986811273,-0.08216371963736789,4.2490004614897305,1,128
2024-07-01,DIA-SPY,0.05,either,0.05737741437503247,0.09355188738006438,72.34894601006383,18,128
2024-07-01,DIA-SPY,0.05,both,0.07568188415684349,0.08776516708152138,24.166565849355777,6,128
2024-07-01,DIA-SPY,0.1,either,0.06365981192055556,0.09379659464124529,60.27356544137949,15,128
2024-07-01,DIA-SPY,0.1,both,0.06676624323507112,0.07882589776971075,24.119309069279247,6,128
2024-07-01,DIA-SPY,0.15,either,0.06000834378102619,0.09014289665769448,60.26910575333656,15,128
2024-07-01,DIA-SPY,0.15,both,0.06676624323507112,0.07882589776971075,24.119309069279247,6,128
2024-07-01,DIA-SPY,0.2,either,0.06879545308237726,0.09493007059779136,52.2692350308282,13,128
2024-07-01,DIA-SPY,0.2,both,0.06445544071178527,0.07451010400602684,20.109326588483114,5,128
2024-07-01,DIA-SPY,0.25,either,0.053763066082419216,0.07789713256702266,48.26813296920689,12,128
2024-07-01,DIA-SPY,0.25,both,0.0627469163486326,0.07279425106389459,20.094669430523986,5,128
2024-07-01,DIA-SPY,0.3,either,0.0737564011793709,0.09390810757093522,40.303412783128614,10,128
2024-07-01,DIA-SPY,0.3,both,0.05928261030818151,0.06932124964984891,20.07727868333484,5,128
2024-07-01,DIA-SPY,0.35,either,0.0743413743020447,0.09249093157581116,36.29911454753292,9,128
2024-07-01,DIA-SPY,0.35,both,0.05653763912296399,0.06657163338923712,20.067988532546295,5,128
2024-07-01,DIA-SPY,0.4,either,0.06397339061186343,0.08011082702869952,32.274872833672205,8,128
2024-07-01,DIA-SPY,0.4,both,0.05653763912296399,0.06657163338923712,20.067988532546295,5,128
2024-07-01,DIA-SPY,0.45,either,0.08086847821331966,0.09100527607714712,20.273595727654936,5,128
2024-07-01,DIA-SPY,0.45,both,0.0722248518151193,0.07628802889401039,8.126354157782176,2,128
2024-07-01,DIA-SPY,0.5,either,0.07592128999773098,0.08605635231572543,20.2701246359889,5,128
2024-07-01,DIA-SPY,0.5,both,0.0722248518151193,0.07628802889401039,8.126354157782176,2,128
2024-07-01,DIA-SPY,0.55,either,0.08936835690207467,0.09951152894721096,20.286344090272618,5,128
2024-07-01,DIA-SPY,0.55,both,0.07999234785932843,0.08405790481929548,8.131113919934098,2,128
2025-01-01,AAPL-GOOG,0.05,either,0.14709548371946193,0.16107793513505678,27.964902831189672,7,122
2025-01-01,AAPL-GOOG,0.05,both,0.08155482528222416,0.08947647347561317,15.84329638677804,4,122
2025-01-01,AAPL-GOOG,0.1,either,0.17557692260354257,0.1895102462603965,27.866647313707933,7,122
2025-01-01,AAPL-GOOG,0.1,both,0.10867742902720218,0.11655064541318268,15.746432771960965,4,122
2025-01-01,AAPL-GOOG,0.15,either,0.1904113225110946,0.20234695522582322,23.871265429457214,6,122
2025-01-01,AAPL-GOOG,0.15,both,0.10867742902720218,0.11655064541318268,15.746432771960965,4,122
2025-01-01,AAPL-GOOG,0.2,either,0.16006355640697634,0.17200339792047056,23.879683026988562,6,122
2025-01-01,AAPL-GOOG,0.2,both,0.10867742902720218,0.11655064541318268,15.746432771960965,4,122
2025-01-01,AAPL-GOOG,0.25,either,0.1731812273172657,0.18512192257100016,23.881390507468954,6,122
2025-01-01,AAPL-GOOG,0.25,both,0.1371390499285019,0.14500913073898677,15.740161620969847,4,122
2025-01-01,AAPL-GOOG,0.3,either,0.1731812273172657,0.18512192257100016,23.881390507468954,6,122
2025-01-01,AAPL-GOOG,0.3,both,0.1371390499285019,0.14500913073898677,15.740161620969847,4,122
2025-01-01,AAPL-GOOG,0.35,either,0.25900039126017116,0.2709102258344652,23.81966914858814,6,122
2025-01-01,AAPL-GOOG,0.35,both,0.15354985286918077,0.16139754162120618,15.695377504050786,4,122
2025-01-01,AAPL-GOOG,0.4,either,0.2204952192978947,0.22839248675632903,15.79453491686867,4,122
2025-01-01,AAPL-GOOG,0.4,both,0.09950795716439143,0.10535613215042199,11.696349972061089,3,122
2025-01-01,AAPL-GOOG,0.45,either,0.2204952192978947,0.22839248675632903,15.79453491686867,4,122
2025-01-01,AAPL-GOOG,0.45,both,0.09950795716439143,0.10535613215042199,11.696349972061089,3,122
2025-01-01,AAPL-GOOG,0.5,either,0.1641627382107301,0.1700935570399675,11.861637658474784,3,122
2025-01-01,AAPL-GOOG,0.5,both,0.09112255426039514,0.09696294173171759,11.680774942644842,3,122
2025-01-01,AAPL-GOOG,0.55,either,0.1641627382107301,0.1700935570399675,11.861637658474784,3,122
2025-01-01,AAPL-GOOG,0.55,both,0.09112255426039514,0.09696294173171759,11.680774942644842,3,122
2025-01-01,IBM-SPY,0.05,either,0.04543716801301352,0.06362196188869357,36.36958775136005,9,122
2025-01-01,IBM-SPY,0.05,both,0.07268456711204185,0.08085538256330368,16.341630902523562,4,122
2025-01-01,IBM-SPY,0.1,either,0.06668745031164808,0.07887336514479776,24.37182966629934,6,122
2025-01-01,IBM-SPY,0.1,both,0.06055544027396745,0.06473946672089034,8.3680528938458,2,122
2025-01-01,IBM-SPY,0.15,either,0.06668745031164808,0.07887336514479776,24.37182966629934,6,122
2025-01-01,IBM-SPY,0.15,both,0.06055544027396745,0.06473946672089034,8.3680528938458,2,122
2025-01-01,IBM-SPY,0.2,either,0.06668745031164808,0.07887336514479776,24.37182966629934,6,122
2025-01-01,IBM-SPY,0.2,both,0.06055544027396745,0.06473946672089034,8.3680528938458,2,122
2025-01-01,IBM-SPY,0.25,either,0.06668745031164808,0.07887336514479776,24.37182966629934,6,122
2025-01-01,IBM-SPY,0.25,both,0.06055544027396745,0.06473946672089034,8.3680528938458,2,122
2025-01-01,IBM-SPY,0.3,either,0.09566912969740465,0.10582858932317346,20.318919251537608,5,122
2025-01-01,IBM-SPY,0.3,both,0.06055544027396745,0.06473946672089034,8.3680528938458,2,122
2025-01-01,IBM-SPY,0.35,either,0.10026248819583855,0.11043533245003222,20.345688508387337,5,122
2025-01-01,IBM-SPY,0.35,both,0.06055544027396745,0.06473946672089034,8.3680528938458,2,122
2025-01-01,IBM-SPY,0.4,either,0.102144071206932,0.1103129944134194,16.337846412974788,4,122
2025-01-01,IBM-SPY,0.4,both,0.06055544027396745,0.06473946672089034,8.3680528938458,2,122
2025-01-01,IBM-SPY,0.45,either,0.08125744038359803,0.08742617226068308,12.337463754170113,3,122
2025-01-01,IBM-SPY,0.45,both,0.08002772172623947,0.08419160029773967,8.327757143000387,2,122
2025-01-01,IBM-SPY,0.5,either,0.08125744038359803,0.08742617226068308,12.337463754170113,3,122
2025-01-01,IBM-SPY,0.5,both,0.08002772172623947,0.08419160029773967,8.327757143000387,2,122
2025-01-01,IBM-SPY,0.55,either,0.08125744038359803,0.08742617226068308,12.337463754170113,3,122
2025-01-01,IBM-SPY,0.55,both,0.08002772172623947,0.08419160029773967,8.327757143000387,2,122
2025-01-01,DIA-SPY,0.05,either,-0.005851026357085604,0.031980543012638196,75.66313873944759,19,122
2025-01-01,DIA-SPY,0.05,both,0.06799224354707538,0.08406734174462373,32.150196395096685,8,122
2025-01-01,DIA-SPY,0.1,either,0.016048227862732974,0.051932074158394216,71.76769259132246,18,122
2025-01-01,DIA-SPY,0.1,both,0.06819468826869336,0.08428684632708623,32.18431611678575,8,122
2025-01-01,DIA-SPY,0.15,either,0.015721665546939857,0.04961199384337653,67.78065659287333,17,122
2025-01-01,DIA-SPY,0.15,both,0.06819468826869336,0.08428684632708623,32.18431611678575,8,122
2025-01-01,DIA-SPY,0.2,either,0.018898235767459498,0.048768492197999586,59.74051286108016,15,122
2025-01-01,DIA-SPY,0.2,both,0.07139457613765234,0.08748736875115419,32.185585227003706,8,122
2025-01-01,DIA-SPY,0.25,either,0.019257222834800483,0.045179374430613956,51.844303191626956,13,122
2025-01-01,DIA-SPY,0.25,both,0.0628147954185222,0.0769319171946935,28.234243552342576,7,122
2025-01-01,DIA-SPY,0.3,either,0.02124752929597584,0.03717021672285744,31.845374853763186,8,122
2025-01-01,DIA-SPY,0.3,both,0.04643093823215588,0.054538248638927395,16.21462081354301,4,122
2025-01-01,DIA-SPY,0.35,either,0.02010801140395982,0.036038841029389056,31.86165925085847,8,122
2025-01-01,DIA-SPY,0.35,both,0.04643093823215588,0.054538248638927395,16.21462081354301,4,122
2025-01-01,DIA-SPY,0.4,either,0.01926330616126928,0.033199595199238124,27.872578075937685,7,122
2025-01-01,DIA-SPY,0.4,both,0.04136990503794366,0.04946451034613453,16.18921061638176,4,122
2025-01-01,DIA-SPY,0.45,either,0.027041845621059206,0.038957529383319235,23.831367524520065,6,122
2025-01-01,DIA-SPY,0.45,both,0.055145384907624835,0.06321647768430068,16.14218555335168,4,122
2025-01-01,DIA-SPY,0.5,either,0.0314628426259253,0.041358120996456166,19.79055674106174,5,122
2025-01-01,DIA-SPY,0.5,both,0.05206032444110288,0.0580891924338499,12.057735985494041,3,122
2025-01-01,DIA-SPY,0.55,either,0.030147673347915897,0.040046284959448605,19.797223223065412,5,122
2025-01-01,DIA-SPY,0.55,both,0.05206032444110288,0.0580891924338499,12.057735985494041,3,122
2025-07-01,AAPL-GOOG,0.05,either,-0.24846023840032516,-0.24203084248970672,12.858791821236938,3,128
2025-07-01,AAPL-GOOG,0.05,both,-0.20732069016948734,-0.20280844818470178,9.024483969571246,2,128
2025-07-01,AAPL-GOOG,0.1,either,-0.24955712212756365,-0.24312361756376102,12.867009127605247,3,128
2025-07-01,AAPL-GOOG,0.1,both,-0.20732069016948734,-0.20280844818470178,9.024483969571246,2,128
2025-07-01,AAPL-GOOG,0.15,either,-0.24955712212756365,-0.24312361756376102,12.867009127605247,3,128
2025-07-01,AAPL-GOOG,0.15,both,-0.20732069016948734,-0.20280844818470178,9.024483969571246,2,128
2025-07-01,AAPL-GOOG,0.2,either,-0.24955712212756365,-0.24312361756376102,12.867009127605247,3,128
2025-07-01,AAPL-GOOG,0.2,both,-0.20732069016948734,-0.20280844818470178,9.024483969571246,2,128
2025-07-01,AAPL-GOOG,0.25,either,-0.24955712212756365,-0.24312361756376102,12.867009127605247,3,128
2025-07-01,AAPL-GOOG,0.25,both,-0.20732069016948734,-0.20280844818470178,9.024483969571246,2,128
2025-07-01,AAPL-GOOG,0.3,either,-0.2507988986398195,-0.2443300926747013,12.937611930236397,3,128
2025-07-01,AAPL-GOOG,0.3,both,-0.18988238565691457,-0.18535002826228947,9.064714789250269,2,128
2025-07-01,AAPL-GOOG,0.35,either,-0.2627950213423688,-0.25631853419418926,12.95297429635923,3,128
2025-07-01,AAPL-GOOG,0.35,both,-0.18988238565691457,-0.18535002826228947,9.064714789250269,2,128
2025-07-01,AAPL-GOOG,0.4,either,-0.2627950213423688,-0.25631853419418926,12.95297429635923,3,128
2025-07-01,AAPL-GOOG,0.4,both,-0.18988238565691457,-0.18535002826228947,9.064714789250269,2,128
2025-07-01,AAPL-GOOG,0.45,either,-0.2721659081194914,-0.2656994403528694,12.932935533243842,3,128
2025-07-01,AAPL-GOOG,0.45,both,-0.20040626979414528,-0.1958845070384519,9.043525511386694,2,128
2025-07-01,AAPL-GOOG,0.5,either,-0.2721659081194914,-0.2656994403528694,12.932935533243842,3,128
2025-07-01,AAPL-GOOG,0.5,both,-0.20040626979414528,-0.1958845070384519,9.043525511386694,2,128
2025-07-01,AAPL-GOOG,0.55,either,-0.26625782184292646,-0.2597705573994957,12.974528886861414,3,128
2025-07-01,AAPL-GOOG,0.55,both,-0.20040626979414528,-0.1958845070384519,9.043525511386694,2,128
2025-07-01,IBM-SPY,0.05,either,-0.06501393082593926,-0.06294002388009715,4.147813891684229,1,128
2025-07-01,IBM-SPY,0.05,both,-0.06501393082593926,-0.06294002388009715,4.147813891684229,1,128
2025-07-01,IBM-SPY,0.1,either,-0.07178208315224088,-0.06972021012275786,4.123746058966011,1,128
2025-07-01,IBM-SPY,0.1,both,-0.07178208315224088,-0.06972021012275786,4.123746058966011,1,128
2025-07-01,IBM-SPY,0.15,either,-0.07178208315224088,-0.06972021012275786,4.123746058966011,1,128
2025-07-01,IBM-SPY,0.15,both,-0.07178208315224088,-0.06972021012275786,4.123746058966011,1,128
2025-07-01,IBM-SPY,0.2,either,-0.07178208315224088,-0.06972021012275786,4.123746058966011,1,128
2025-07-01,IBM-SPY,0.2,both,-0.07178208315224088,-0.06972021012275786,4.123746058966011,1,128
2025-07-01,IBM-SPY,0.25,either,-0.07178208315224088,-0.06972021012275786,4.123746058966011,1,128
2025-07-01,IBM-SPY,0.25,both,-0.07178208315224088,-0.06972021012275786,4.123746058966011,1,128
2025-07-01,IBM-SPY,0.3,either,-0.07178208315224088,-0.06972021012275786,4.123746058966011,1,128
2025-07-01,IBM-SPY,0.3,both,-0.07178208315224088,-0.06972021012275786,4.123746058966011,1,128
2025-07-01,IBM-SPY,0.35,either,-0.07178208315224088,-0.06972021012275786,4.123746058966011,1,128
2025-07-01,IBM-SPY,0.35,both,-0.07178208315224088,-0.06972021012275786,4.123746058966011,1,128
2025-07-01,IBM-SPY,0.4,either,-0.07178208315224088,-0.06972021012275786,4.123746058966011,1,128
2025-07-01,IBM-SPY,0.4,both,-0.07178208315224088,-0.06972021012275786,4.123746058966011,1,128
2025-07-01,IBM-SPY,0.45,either,-0.07178208315224088,-0.06972021012275786,4.123746058966011,1,128
2025-07-01,IBM-SPY,0.45,both,-0.07178208315224088,-0.06972021012275786,4.123746058966011,1,128
2025-07-01,IBM-SPY,0.5,either,-0.07178208315224088,-0.06972021012275786,4.123746058966011,1,128
2025-07-01,IBM-SPY,0.5,both,-0.07178208315224088,-0.06972021012275786,4.123746058966011,1,128
2025-07-01,IBM-SPY,0.55,either,-0.08177531241293806,-0.07971020007795487,4.13022466996636,1,128
2025-07-01,IBM-SPY,0.55,both,-0.08177531241293806,-0.07971020007795487,4.13022466996636,1,128
2025-07-01,DIA-SPY,0.05,either,-0.008640998264450205,-0.004549529804374392,8.182936920151631,2,128
2025-07-01,DIA-SPY,0.05,both,-0.008640998264450205,-0.004549529804374392,8.182936920151631,2,128
2025-07-01,DIA-SPY,0.1,either,-0.010377150497259159,-0.00628964275303904,8.175015488440238,2,128
2025-07-01,DIA-SPY,0.1,both,-0.010377150497259159,-0.00628964275303904,8.175015488440238,2,128
2025-07-01,DIA-SPY,0.15,either,-0.010377150497259159,-0.00628964275303904,8.175015488440238,2,128
2025-07-01,DIA-SPY,0.15,both,-0.010377150497259159,-0.00628964275303904,8.175015488440238,2,128
2025-07-01,DIA-SPY,0.2,either,-0.010377150497259159,-0.00628964275303904,8.175015488440238,2,128
2025-07-01,DIA-SPY,0.2,both,-0.010377150497259159,-0.00628964275303904,8.175015488440238,2,128
2025-07-01,DIA-SPY,0.25,either,-0.010377150497259159,-0.00628964275303904,8.175015488440238,2,128
2025-07-01,DIA-SPY,0.25,both,-0.010377150497259159,-0.00628964275303904,8.175015488440238,2,128
2025-07-01,DIA-SPY,0.3,either,-0.010377150497259159,-0.00628964275303904,8.175015488440238,2,128
2025-07-01,DIA-SPY,0.3,both,-0.010377150497259159,-0.00628964275303904,8.175015488440238,2,128
2025-07-01,DIA-SPY,0.35,either,-0.010377150497259159,-0.00628964275303904,8.175015488440238,2,128
2025-07-01,DIA-SPY,0.35,both,-0.010377150497259159,-0.00628964275303904,8.175015488440238,2,128
2025-07-01,DIA-SPY,0.4,either,-0.010377150497259159,-0.00628964275303904,8.175015488440238,2,128
2025-07-01,DIA-SPY,0.4,both,-0.010377150497259159,-0.00628964275303904,8.175015488440238,2,128
2025-07-01,DIA-SPY,0.45,either,-0.010377150497259159,-0.00628964275303904,8.175015488440238,2,128
2025-07-01,DIA-SPY,0.45,both,-0.010377150497259159,-0.00628964275303904,8.175015488440238,2,128
2025-07-01,DIA-SPY,0.5,either,-0.00610739038428255,-0.004010694580888713,4.193391606787674,1,128
2025-07-01,DIA-SPY,0.5,both,-0.00610739038428255,-0.004010694580888713,4.193391606787674,1,128
2025-07-01,DIA-SPY,0.55,either,-0.00610739038428255,-0.004010694580888713,4.193391606787674,1,128
2025-07-01,DIA-SPY,0.55,both,-0.00610739038428255,-0.004010694580888713,4.193391606787674,1,128
